{"type":"FeatureCollection","metadata":{"period":{"start":"2025-07-01","end":"2026-06-30","label":"Jul 2025 \u2013 Jun 2026","previous_label":"Jul 2024 \u2013 Jun 2025"},"categories":{"all17":"17 community-reported serious crimes","contact":"Contact crime (crimes against the person)","property":"Property-related crime","murder":"Murder","attempted_murder":"Attempted murder","sexual":"Sexual offences","robbery_agg":"Robbery with aggravating circumstances","robbery_common":"Common robbery","assault_gbh":"Assault with intent to inflict grievous bodily harm","assault_common":"Common assault","burglary_res":"Burglary at residential premises","burglary_nonres":"Burglary at non-residential premises","theft_vehicle":"Theft of motor vehicle and motorcycle","theft_from_vehicle":"Theft out of or from motor vehicle","carjacking":"Carjacking","house_robbery":"Robbery at residential premises","business_robbery":"Robbery at non-residential premises","drugs":"Drug-related crime (police action)","firearms":"Illegal possession of firearms and ammunition (police action)"},"police_action_categories":["drugs","firearms"],"population_year":2021,"min_population_for_rate":5000,"sources":{"crime":"SAPS quarterly crime statistics per police station, saps.gov.za","boundaries":"Western Cape Government GIS, SAPS Police Precincts (published 2019/2020)","population":"Western Cape Government GIS, GeoTerraImage 2021 population by enumeration area, summed per precinct"},"generated":"2026-09-12"},"features":[{"type":"Feature","id":"Graafwater","properties":{"name":"Graafwater","includes":["Graafwater"],"district":"West Coast","population":7232,"rate_reliable":true,"counts":{"all17":217,"contact":113,"property":38,"murder":0,"attempted_murder":0,"sexual":10,"robbery_agg":3,"robbery_common":2,"assault_gbh":47,"assault_common":51,"burglary_res":28,"burglary_nonres":2,"theft_vehicle":0,"theft_from_vehicle":5,"carjacking":0,"house_robbery":0,"business_robbery":1,"drugs":75,"firearms":0},"previous":{"all17":199,"contact":101,"property":36,"murder":0,"attempted_murder":3,"sexual":11,"robbery_agg":0,"robbery_common":4,"assault_gbh":51,"assault_common":32,"burglary_res":19,"burglary_nonres":6,"theft_vehicle":2,"theft_from_vehicle":7,"carjacking":0,"house_robbery":0,"business_robbery":0,"drugs":49,"firearms":0},"rates":{"all17":3000.6,"contact":1562.5,"property":525.4,"murder":0.0,"attempted_murder":0.0,"sexual":138.3,"robbery_agg":41.5,"robbery_common":27.7,"assault_gbh":649.9,"assault_common":705.2,"burglary_res":387.2,"burglary_nonres":27.7,"theft_vehicle":0.0,"theft_from_vehicle":69.1,"carjacking":0.0,"house_robbery":0.0,"business_robbery":13.8,"drugs":1037.1,"firearms":0.0}},"geometry":{"type":"Polygon","coordinates":[[[18.65582,-31.93118],[18.6648,-31.95566],[18.66671,-31.95688],[18.65491,-31.96263],[18.66181,-31.96939],[18.66056,-31.97425],[18.6474,-31.97475],[18.61464,-31.98209],[18.61604,-31.99911],[18.59406,-31.99851],[18.57303,-32.00055],[18.59183,-31.98345],[18.55941,-31.9494],[18.55749,-31.96305],[18.54705,-31.96133],[18.53607,-31.95539],[18.53355,-31.95121],[18.50476,-31.92767],[18.48905,-31.90537],[18.46455,-31.87955],[18.456,-31.87299],[18.42869,-31.86031],[18.42779,-31.86479],[18.42331,-31.87651],[18.42164,-31.87843],[18.41157,-31.88581],[18.43614,-31.90398],[18.4372,-31.94498],[18.4182,-31.987],[18.42303,-31.99086],[18.44894,-31.99644],[18.44674,-32.00717],[18.48651,-32.01282],[18.46567,-32.038],[18.47873,-32.06719],[18.50653,-32.10591],[18.51019,-32.10658],[18.50956,-32.13351],[18.50081,-32.15232],[18.50024,-32.15703],[18.4934,-32.1653],[18.49663,-32.16777],[18.49786,-32.17185],[18.48404,-32.21997],[18.48127,-32.22141],[18.48101,-32.22075],[18.4748,-32.22726],[18.46032,-32.23778],[18.44846,-32.24085],[18.44331,-32.24156],[18.44121,-32.24279],[18.43302,-32.25383],[18.48289,-32.2873],[18.48258,-32.29009],[18.51503,-32.32791],[18.54386,-32.3447],[18.5797,-32.34072],[18.62116,-32.38722],[18.653,-32.41322],[18.67335,-32.39469],[18.67778,-32.39135],[18.70926,-32.36012],[18.71907,-32.3569],[18.77598,-32.35332],[18.76938,-32.33877],[18.78058,-32.31043],[18.7883,-32.30222],[18.78426,-32.29137],[18.80235,-32.27389],[18.81491,-32.26518],[18.76333,-32.20215],[18.75083,-32.18283],[18.76899,-32.16339],[18.764,-32.15962],[18.73987,-32.14658],[18.73965,-32.14786],[18.73772,-32.1465],[18.73249,-32.14589],[18.69152,-32.13193],[18.6771,-32.10186],[18.67109,-32.10871],[18.65058,-32.10707],[18.65891,-32.09646],[18.66284,-32.0939],[18.65802,-32.0685],[18.67389,-32.06312],[18.66693,-32.05187],[18.67724,-32.04735],[18.68992,-32.03551],[18.69519,-32.04091],[18.71127,-32.02701],[18.72236,-32.04452],[18.725,-32.05779],[18.74934,-32.04111],[18.76341,-32.04011],[18.76286,-32.03888],[18.7538,-32.03145],[18.75292,-32.01014],[18.7402,-31.99542],[18.74055,-31.99232],[18.73748,-31.99767],[18.71265,-31.98321],[18.70057,-31.96767],[18.69307,-31.96577],[18.69164,-31.96264],[18.68477,-31.9522],[18.67834,-31.95005],[18.67367,-31.94276],[18.65582,-31.93118]]]}},{"type":"Feature","id":"Villiersdorp","properties":{"name":"Villiersdorp","includes":["Villiersdorp"],"district":"Overberg","population":23258,"rate_reliable":true,"counts":{"all17":1016,"contact":427,"property":164,"murder":28,"attempted_murder":18,"sexual":31,"robbery_agg":4,"robbery_common":9,"assault_gbh":140,"assault_common":197,"burglary_res":77,"burglary_nonres":54,"theft_vehicle":1,"theft_from_vehicle":31,"carjacking":0,"house_robbery":1,"business_robbery":0,"drugs":483,"firearms":11},"previous":{"all17":1071,"contact":370,"property":230,"murder":19,"attempted_murder":13,"sexual":32,"robbery_agg":23,"robbery_common":14,"assault_gbh":124,"assault_common":145,"burglary_res":132,"burglary_nonres":63,"theft_vehicle":0,"theft_from_vehicle":33,"carjacking":0,"house_robbery":2,"business_robbery":11,"drugs":428,"firearms":5},"rates":{"all17":4368.4,"contact":1835.9,"property":705.1,"murder":120.4,"attempted_murder":77.4,"sexual":133.3,"robbery_agg":17.2,"robbery_common":38.7,"assault_gbh":601.9,"assault_common":847.0,"burglary_res":331.1,"burglary_nonres":232.2,"theft_vehicle":4.3,"theft_from_vehicle":133.3,"carjacking":0.0,"house_robbery":4.3,"business_robbery":0.0,"drugs":2076.7,"firearms":47.3}},"geometry":{"type":"Polygon","coordinates":[[[19.35934,-33.85489],[19.33149,-33.85141],[19.31787,-33.84168],[19.29487,-33.86375],[19.2905,-33.86943],[19.27823,-33.87937],[19.25844,-33.88303],[19.2653,-33.90021],[19.24385,-33.89737],[19.21411,-33.85699],[19.19883,-33.87274],[19.18223,-33.89389],[19.16231,-33.92151],[19.19105,-33.94714],[19.16464,-33.97134],[19.1456,-33.95587],[19.1261,-33.96163],[19.09871,-33.97587],[19.04246,-34.00821],[19.02644,-34.0205],[19.07341,-34.05169],[19.07549,-34.0599],[19.06288,-34.07918],[19.06121,-34.08834],[19.06433,-34.09925],[19.08496,-34.11747],[19.10041,-34.12852],[19.13576,-34.14146],[19.16135,-34.15763],[19.17107,-34.15362],[19.17887,-34.1474],[19.1797,-34.15031],[19.20114,-34.16152],[19.20099,-34.16335],[19.21897,-34.1544],[19.22818,-34.14403],[19.24,-34.14297],[19.23225,-34.13467],[19.23508,-34.12688],[19.2396,-34.12112],[19.25165,-34.1188],[19.2521,-34.12141],[19.28901,-34.10559],[19.29631,-34.10333],[19.3196,-34.09824],[19.31675,-34.09573],[19.31547,-34.09352],[19.31006,-34.09191],[19.30802,-34.09302],[19.30656,-34.09274],[19.32161,-34.07337],[19.33217,-34.06262],[19.34082,-34.04966],[19.3465,-34.05134],[19.36524,-34.03602],[19.36862,-34.04683],[19.37479,-34.03764],[19.38201,-34.02475],[19.40056,-33.98538],[19.38928,-33.98133],[19.37509,-33.93243],[19.37765,-33.93068],[19.38612,-33.91972],[19.40024,-33.91837],[19.40103,-33.89454],[19.39425,-33.89495],[19.39068,-33.89653],[19.38161,-33.89485],[19.37932,-33.89333],[19.37975,-33.8847],[19.37645,-33.88078],[19.36987,-33.876],[19.36561,-33.87192],[19.35716,-33.86799],[19.35934,-33.85489]]]}},{"type":"Feature","id":"Bredasdorp","properties":{"name":"Bredasdorp","includes":["Bredasdorp"],"district":"Overberg","population":24056,"rate_reliable":true,"counts":{"all17":1323,"contact":548,"property":340,"murder":6,"attempted_murder":24,"sexual":28,"robbery_agg":39,"robbery_common":13,"assault_gbh":209,"assault_common":229,"burglary_res":227,"burglary_nonres":47,"theft_vehicle":3,"theft_from_vehicle":52,"carjacking":0,"house_robbery":3,"business_robbery":4,"drugs":497,"firearms":10},"previous":{"all17":1220,"contact":531,"property":273,"murder":5,"attempted_murder":19,"sexual":25,"robbery_agg":35,"robbery_common":19,"assault_gbh":186,"assault_common":242,"burglary_res":188,"burglary_nonres":32,"theft_vehicle":0,"theft_from_vehicle":39,"carjacking":0,"house_robbery":5,"business_robbery":0,"drugs":448,"firearms":2},"rates":{"all17":5499.7,"contact":2278.0,"property":1413.4,"murder":24.9,"attempted_murder":99.8,"sexual":116.4,"robbery_agg":162.1,"robbery_common":54.0,"assault_gbh":868.8,"assault_common":951.9,"burglary_res":943.6,"burglary_nonres":195.4,"theft_vehicle":12.5,"theft_from_vehicle":216.2,"carjacking":0.0,"house_robbery":12.5,"business_robbery":16.6,"drugs":2066.0,"firearms":41.6}},"geometry":{"type":"Polygon","coordinates":[[[19.67376,-34.7753],[19.68211,-34.77095],[19.68386,-34.76841],[19.68339,-34.76772],[19.68423,-34.76601],[19.68641,-34.76531],[19.69142,-34.76191],[19.69526,-34.76134],[19.70138,-34.7622],[19.71447,-34.76189],[19.72052,-34.76312],[19.72283,-34.76485],[19.73099,-34.76617],[19.73335,-34.76727],[19.73925,-34.76542],[19.74818,-34.76704],[19.74937,-34.76797],[19.75378,-34.76848],[19.76375,-34.76406],[19.76575,-34.76449],[19.76944,-34.76323],[19.77773,-34.7631],[19.78416,-34.76458],[19.79102,-34.7638],[19.79456,-34.76535],[19.79948,-34.76611],[19.80439,-34.76435],[19.80647,-34.76457],[19.80844,-34.76397],[19.81119,-34.76212],[19.81325,-34.7618],[19.81566,-34.69442],[19.83364,-34.70068],[19.82942,-34.67447],[19.84917,-34.64424],[19.84769,-34.63895],[19.85367,-34.63754],[19.85683,-34.63755],[19.86915,-34.64098],[19.8755,-34.64479],[19.88981,-34.64843],[19.89149,-34.6496],[19.89358,-34.65819],[19.89748,-34.66658],[19.89759,-34.67523],[19.91602,-34.68569],[19.92377,-34.68814],[19.92481,-34.68927],[19.92966,-34.70063],[19.92951,-34.70189],[19.93937,-34.70321],[19.94954,-34.68643],[19.94244,-34.67171],[19.94847,-34.65885],[19.94584,-34.6452],[19.99243,-34.66573],[20.00613,-34.66057],[20.02786,-34.68366],[20.02974,-34.68875],[20.03458,-34.68905],[20.04267,-34.69099],[20.04582,-34.68977],[20.04805,-34.68979],[20.05293,-34.68685],[20.05683,-34.68969],[20.0644,-34.6889],[20.06526,-34.68756],[20.06699,-34.68702],[20.07703,-34.6866],[20.07943,-34.68889],[20.08052,-34.6929],[20.08267,-34.6933],[20.08321,-34.69417],[20.0831,-34.6956],[20.0814,-34.69773],[20.0814,-34.69883],[20.08294,-34.7015],[20.08084,-34.70341],[20.08126,-34.70501],[20.0837,-34.70566],[20.08478,-34.70473],[20.08839,-34.70429],[20.08943,-34.70478],[20.09072,-34.70689],[20.09015,-34.71127],[20.09144,-34.7127],[20.09194,-34.71152],[20.09535,-34.71072],[20.10102,-34.70718],[20.11161,-34.71776],[20.14695,-34.70279],[20.15649,-34.69942],[20.18389,-34.69159],[20.20877,-34.68847],[20.22182,-34.68776],[20.23423,-34.68921],[20.23488,-34.68861],[20.23342,-34.68688],[20.23311,-34.68533],[20.23387,-34.68322],[20.23309,-34.68199],[20.2336,-34.67984],[20.23162,-34.67856],[20.23164,-34.67619],[20.23207,-34.67468],[20.23328,-34.67349],[20.23267,-34.67279],[20.23308,-34.67138],[20.23552,-34.66921],[20.23245,-34.66755],[20.23307,-34.66328],[20.23241,-34.66145],[20.23646,-34.65659],[20.23671,-34.65521],[20.23921,-34.65304],[20.23945,-34.65176],[20.24625,-34.64561],[20.25545,-34.63967],[20.26782,-34.63377],[20.28648,-34.62657],[20.29527,-34.62539],[20.29976,-34.62277],[20.31259,-34.61845],[20.31997,-34.61333],[20.32875,-34.61013],[20.33756,-34.59965],[20.34093,-34.5942],[20.34578,-34.59094],[20.37171,-34.58077],[20.37507,-34.57875],[20.38552,-34.57449],[20.38907,-34.57328],[20.39218,-34.57338],[20.39914,-34.57119],[20.39917,-34.56987],[20.40009,-34.56885],[20.40352,-34.56683],[20.40407,-34.56517],[20.40803,-34.56146],[20.40811,-34.55917],[20.41292,-34.55307],[20.41327,-34.55041],[20.41543,-34.54629],[20.41828,-34.5428],[20.41983,-34.5377],[20.42213,-34.53312],[20.42755,-34.5266],[20.4377,-34.51641],[20.44451,-34.51091],[20.46137,-34.50026],[20.47249,-34.49411],[20.4895,-34.48624],[20.49817,-34.48253],[20.52394,-34.47414],[20.52832,-34.47122],[20.5441,-34.46681],[20.54718,-34.4666],[20.55548,-34.46384],[20.55574,-34.46487],[20.55979,-34.4632],[20.5643,-34.46309],[20.5668,-34.46132],[20.57259,-34.46041],[20.57828,-34.46043],[20.58839,-34.45837],[20.60355,-34.45686],[20.6105,-34.45531],[20.62123,-34.45482],[20.62692,-34.45327],[20.63009,-34.45119],[20.6457,-34.45008],[20.67178,-34.45015],[20.67408,-34.45099],[20.67428,-34.45189],[20.67622,-34.45099],[20.67873,-34.45257],[20.68325,-34.45313],[20.68801,-34.4523],[20.69054,-34.45045],[20.69333,-34.4506],[20.68784,-34.41757],[20.65935,-34.39909],[20.60092,-34.38253],[20.6026,-34.37975],[20.56107,-34.36141],[20.53025,-34.36054],[20.52022,-34.3501],[20.51001,-34.33643],[20.48817,-34.32582],[20.48158,-34.30661],[20.47245,-34.30617],[20.46037,-34.33889],[20.41608,-34.33667],[20.39789,-34.28199],[20.3665,-34.28239],[20.34638,-34.2941],[20.29136,-34.27628],[20.26213,-34.27416],[20.24489,-34.28882],[20.21192,-34.28825],[20.17728,-34.27511],[20.17505,-34.27928],[20.14861,-34.27114],[20.13401,-34.25032],[20.11131,-34.24265],[20.09485,-34.25055],[20.06558,-34.2412],[20.06355,-34.21692],[20.04048,-34.20699],[20.04229,-34.21281],[20.03709,-34.2202],[20.03642,-34.222],[20.03677,-34.22447],[20.0387,-34.22894],[20.03889,-34.23122],[20.04203,-34.23753],[20.04215,-34.23937],[20.0408,-34.24164],[20.03749,-34.24408],[20.03415,-34.24894],[20.02919,-34.26065],[20.02851,-34.26385],[20.02961,-34.27],[20.02364,-34.28354],[20.02341,-34.28915],[20.02185,-34.29281],[20.02402,-34.30127],[20.02765,-34.33125],[20.02186,-34.34277],[20.01447,-34.35096],[20.01032,-34.36016],[20.00941,-34.36457],[20.00934,-34.37191],[20.01155,-34.38763],[20.0104,-34.38994],[20.00629,-34.39461],[19.9998,-34.39322],[19.99255,-34.40971],[19.97852,-34.4368],[19.98335,-34.43916],[19.97461,-34.46047],[19.97847,-34.47],[19.95139,-34.50527],[19.94743,-34.53109],[19.93307,-34.52666],[19.9029,-34.5256],[19.88555,-34.52851],[19.86196,-34.50277],[19.83341,-34.49723],[19.82621,-34.49524],[19.79281,-34.50142],[19.77297,-34.5058],[19.7585,-34.51535],[19.73456,-34.52135],[19.73174,-34.53667],[19.70278,-34.53799],[19.69228,-34.54784],[19.68818,-34.56213],[19.69359,-34.57552],[19.7043,-34.58278],[19.70951,-34.59619],[19.6841,-34.63608],[19.65593,-34.64149],[19.64358,-34.64529],[19.6172,-34.61829],[19.5771,-34.6366],[19.59589,-34.66235],[19.58686,-34.70132],[19.57074,-34.71476],[19.56393,-34.7115],[19.5622,-34.71224],[19.56612,-34.71521],[19.56803,-34.71765],[19.57441,-34.72102],[19.57523,-34.72462],[19.57743,-34.72757],[19.58176,-34.7289],[19.58488,-34.72841],[19.58691,-34.72506],[19.58917,-34.72445],[19.595,-34.72744],[19.59701,-34.73051],[19.60103,-34.73477],[19.60163,-34.73872],[19.59993,-34.74071],[19.60081,-34.74109],[19.60077,-34.74221],[19.59991,-34.74282],[19.60104,-34.74591],[19.60316,-34.74554],[19.60374,-34.74597],[19.60409,-34.74814],[19.60849,-34.7499],[19.60775,-34.7504],[19.60874,-34.75227],[19.61019,-34.7532],[19.6107,-34.75544],[19.61181,-34.757],[19.61485,-34.75738],[19.62509,-34.75289],[19.63049,-34.75327],[19.63338,-34.75525],[19.63803,-34.76221],[19.64199,-34.77124],[19.64222,-34.77443],[19.64156,-34.77738],[19.6392,-34.77989],[19.6375,-34.78001],[19.63798,-34.78087],[19.6395,-34.78152],[19.64604,-34.78023],[19.6498,-34.78214],[19.6507,-34.78342],[19.65246,-34.78341],[19.65418,-34.78456],[19.65582,-34.78276],[19.65997,-34.78385],[19.66256,-34.78318],[19.66979,-34.78368],[19.67096,-34.78291],[19.67436,-34.78262],[19.67691,-34.78165],[19.6758,-34.78056],[19.67399,-34.78032],[19.67359,-34.77889],[19.67211,-34.77766],[19.67376,-34.7753]]]}},{"type":"Feature","id":"Caledon","properties":{"name":"Caledon","includes":["Caledon"],"district":"Overberg","population":29729,"rate_reliable":true,"counts":{"all17":1198,"contact":419,"property":281,"murder":6,"attempted_murder":4,"sexual":26,"robbery_agg":31,"robbery_common":10,"assault_gbh":133,"assault_common":209,"burglary_res":155,"burglary_nonres":58,"theft_vehicle":2,"theft_from_vehicle":56,"carjacking":1,"house_robbery":3,"business_robbery":2,"drugs":768,"firearms":4},"previous":{"all17":1444,"contact":467,"property":361,"murder":6,"attempted_murder":7,"sexual":25,"robbery_agg":37,"robbery_common":19,"assault_gbh":159,"assault_common":214,"burglary_res":200,"burglary_nonres":60,"theft_vehicle":8,"theft_from_vehicle":73,"carjacking":0,"house_robbery":4,"business_robbery":8,"drugs":559,"firearms":6},"rates":{"all17":4029.7,"contact":1409.4,"property":945.2,"murder":20.2,"attempted_murder":13.5,"sexual":87.5,"robbery_agg":104.3,"robbery_common":33.6,"assault_gbh":447.4,"assault_common":703.0,"burglary_res":521.4,"burglary_nonres":195.1,"theft_vehicle":6.7,"theft_from_vehicle":188.4,"carjacking":3.4,"house_robbery":10.1,"business_robbery":6.7,"drugs":2583.3,"firearms":13.5}},"geometry":{"type":"Polygon","coordinates":[[[19.36862,-34.04683],[19.36524,-34.03602],[19.3465,-34.05134],[19.34082,-34.04966],[19.33217,-34.06262],[19.32161,-34.07337],[19.30656,-34.09274],[19.30802,-34.09302],[19.31006,-34.09191],[19.31547,-34.09352],[19.31675,-34.09573],[19.3196,-34.09824],[19.29631,-34.10333],[19.28901,-34.10559],[19.2521,-34.12141],[19.25165,-34.1188],[19.2396,-34.12112],[19.23508,-34.12688],[19.23225,-34.13467],[19.24,-34.14297],[19.22818,-34.14403],[19.21897,-34.1544],[19.20099,-34.16335],[19.20002,-34.17131],[19.199,-34.19876],[19.18964,-34.19645],[19.17732,-34.20052],[19.18503,-34.22061],[19.18113,-34.21929],[19.14901,-34.21707],[19.15216,-34.22759],[19.14329,-34.25244],[19.13001,-34.2617],[19.08289,-34.26982],[19.06833,-34.27371],[19.08206,-34.28736],[19.10384,-34.29625],[19.10976,-34.30351],[19.12604,-34.29861],[19.12906,-34.29681],[19.13748,-34.29688],[19.1386,-34.29736],[19.13963,-34.29943],[19.14272,-34.29854],[19.14304,-34.30378],[19.14701,-34.31212],[19.14961,-34.31178],[19.15047,-34.31109],[19.15249,-34.30668],[19.15385,-34.30622],[19.1563,-34.30668],[19.15769,-34.30279],[19.15928,-34.30173],[19.15749,-34.30081],[19.15828,-34.2981],[19.16129,-34.29506],[19.16459,-34.29408],[19.17273,-34.30093],[19.17739,-34.3062],[19.18882,-34.31172],[19.2109,-34.29352],[19.21111,-34.3092],[19.21343,-34.32658],[19.25689,-34.31783],[19.25789,-34.31618],[19.27241,-34.31948],[19.30388,-34.32873],[19.30686,-34.34017],[19.29741,-34.34566],[19.30528,-34.35591],[19.29344,-34.36701],[19.30062,-34.37521],[19.35168,-34.38749],[19.39222,-34.37992],[19.40301,-34.37553],[19.44623,-34.39082],[19.49517,-34.39976],[19.52451,-34.39025],[19.55603,-34.38967],[19.54897,-34.3957],[19.59043,-34.39047],[19.62086,-34.39433],[19.61725,-34.3993],[19.62464,-34.40314],[19.66781,-34.3974],[19.66375,-34.4166],[19.6747,-34.43073],[19.71928,-34.43308],[19.74213,-34.42825],[19.74599,-34.43002],[19.74052,-34.42029],[19.72617,-34.39106],[19.72977,-34.38268],[19.73681,-34.37798],[19.73032,-34.36802],[19.76063,-34.33052],[19.77473,-34.33268],[19.79446,-34.32065],[19.79775,-34.28455],[19.75597,-34.28063],[19.74701,-34.27547],[19.71593,-34.28275],[19.69245,-34.27037],[19.69535,-34.23878],[19.69297,-34.2398],[19.67021,-34.22638],[19.67173,-34.2224],[19.66136,-34.21891],[19.65378,-34.21308],[19.64882,-34.20481],[19.64738,-34.19569],[19.64986,-34.18734],[19.65617,-34.17959],[19.64003,-34.17722],[19.62722,-34.17985],[19.62649,-34.17378],[19.62399,-34.16907],[19.61206,-34.16323],[19.58392,-34.16787],[19.57658,-34.17894],[19.57737,-34.1793],[19.55806,-34.17668],[19.54927,-34.18689],[19.53136,-34.20214],[19.49567,-34.19067],[19.50313,-34.17197],[19.52146,-34.16307],[19.52346,-34.15529],[19.50134,-34.15755],[19.50169,-34.13957],[19.49502,-34.14426],[19.48047,-34.14946],[19.4753,-34.14025],[19.4598,-34.13161],[19.45859,-34.13193],[19.46261,-34.11136],[19.45864,-34.1059],[19.45629,-34.10423],[19.45689,-34.10192],[19.45459,-34.0892],[19.44858,-34.07798],[19.44675,-34.07914],[19.44593,-34.08162],[19.44406,-34.08262],[19.43634,-34.06898],[19.43193,-34.07014],[19.42888,-34.06983],[19.42632,-34.06843],[19.42299,-34.06824],[19.41837,-34.0691],[19.41597,-34.07097],[19.41202,-34.07151],[19.40845,-34.07029],[19.40643,-34.0688],[19.39788,-34.0691],[19.39302,-34.07006],[19.36862,-34.04683]]]}},{"type":"Feature","id":"Gans Bay","properties":{"name":"Gans Bay","includes":["Gans Bay"],"district":"Overberg","population":16594,"rate_reliable":true,"counts":{"all17":951,"contact":203,"property":324,"murder":3,"attempted_murder":11,"sexual":17,"robbery_agg":16,"robbery_common":5,"assault_gbh":72,"assault_common":79,"burglary_res":259,"burglary_nonres":28,"theft_vehicle":5,"theft_from_vehicle":32,"carjacking":0,"house_robbery":2,"business_robbery":2,"drugs":518,"firearms":2},"previous":{"all17":797,"contact":202,"property":263,"murder":3,"attempted_murder":3,"sexual":21,"robbery_agg":21,"robbery_common":9,"assault_gbh":81,"assault_common":64,"burglary_res":171,"burglary_nonres":44,"theft_vehicle":3,"theft_from_vehicle":42,"carjacking":1,"house_robbery":6,"business_robbery":4,"drugs":724,"firearms":7},"rates":{"all17":5731.0,"contact":1223.3,"property":1952.5,"murder":18.1,"attempted_murder":66.3,"sexual":102.4,"robbery_agg":96.4,"robbery_common":30.1,"assault_gbh":433.9,"assault_common":476.1,"burglary_res":1560.8,"burglary_nonres":168.7,"theft_vehicle":30.1,"theft_from_vehicle":192.8,"carjacking":0.0,"house_robbery":12.1,"business_robbery":12.1,"drugs":3121.6,"firearms":12.1}},"geometry":{"type":"Polygon","coordinates":[[[19.37172,-34.51898],[19.37324,-34.52084],[19.37497,-34.52742],[19.37468,-34.52811],[19.37594,-34.53091],[19.37557,-34.53378],[19.37876,-34.54256],[19.37895,-34.54406],[19.3781,-34.54578],[19.37324,-34.54665],[19.37191,-34.5493],[19.36739,-34.55125],[19.36486,-34.55328],[19.3635,-34.55599],[19.35959,-34.5571],[19.35791,-34.55664],[19.35805,-34.55807],[19.35739,-34.55853],[19.35477,-34.55834],[19.35285,-34.55985],[19.35156,-34.56203],[19.35144,-34.56284],[19.35235,-34.56298],[19.3524,-34.56369],[19.35144,-34.56601],[19.35357,-34.56524],[19.3546,-34.56576],[19.35245,-34.56693],[19.35115,-34.56934],[19.34712,-34.57185],[19.34665,-34.57351],[19.34326,-34.57688],[19.34263,-34.57924],[19.34476,-34.58182],[19.34632,-34.58225],[19.34331,-34.58384],[19.3444,-34.58357],[19.34519,-34.58433],[19.34354,-34.58715],[19.34273,-34.58726],[19.34088,-34.58521],[19.33938,-34.58486],[19.33821,-34.58599],[19.33834,-34.58831],[19.33717,-34.58942],[19.33724,-34.59071],[19.33563,-34.59213],[19.33421,-34.59509],[19.33056,-34.60716],[19.32871,-34.60942],[19.32347,-34.61159],[19.32068,-34.61034],[19.31214,-34.61154],[19.30241,-34.61612],[19.30145,-34.61713],[19.30163,-34.61881],[19.30284,-34.61951],[19.30132,-34.62041],[19.29885,-34.62451],[19.29745,-34.62399],[19.29241,-34.62838],[19.29156,-34.63124],[19.29363,-34.63169],[19.29442,-34.63123],[19.29346,-34.6297],[19.29567,-34.62926],[19.29639,-34.62941],[19.29634,-34.63075],[19.2975,-34.63123],[19.297,-34.63292],[19.29858,-34.6329],[19.30161,-34.63411],[19.30319,-34.63219],[19.30552,-34.63355],[19.31008,-34.62838],[19.31105,-34.62909],[19.31321,-34.62864],[19.31527,-34.62538],[19.31453,-34.62475],[19.31657,-34.62238],[19.31811,-34.62241],[19.3199,-34.62434],[19.3206,-34.62369],[19.32311,-34.62543],[19.32453,-34.62513],[19.32567,-34.62403],[19.32919,-34.62443],[19.33328,-34.62373],[19.33686,-34.62575],[19.34047,-34.62629],[19.34528,-34.6249],[19.34768,-34.62506],[19.35269,-34.62102],[19.3529,-34.61938],[19.35586,-34.61517],[19.35822,-34.61491],[19.36675,-34.61606],[19.36921,-34.61377],[19.37305,-34.61459],[19.37164,-34.6136],[19.37571,-34.61392],[19.37509,-34.61304],[19.37757,-34.61219],[19.3776,-34.613],[19.37884,-34.61391],[19.37952,-34.61354],[19.38503,-34.61448],[19.38693,-34.61165],[19.39257,-34.61005],[19.39538,-34.60812],[19.39787,-34.60838],[19.40094,-34.60645],[19.40355,-34.60576],[19.40767,-34.60784],[19.41273,-34.60886],[19.41914,-34.61155],[19.43425,-34.62611],[19.4383,-34.63144],[19.43976,-34.63493],[19.43974,-34.63997],[19.44146,-34.64159],[19.44129,-34.64245],[19.44479,-34.64883],[19.44484,-34.65078],[19.4466,-34.65223],[19.4476,-34.65541],[19.44854,-34.65522],[19.45194,-34.65717],[19.45768,-34.65784],[19.46742,-34.66097],[19.47125,-34.66095],[19.4729,-34.66217],[19.47484,-34.66205],[19.47637,-34.66294],[19.48006,-34.66216],[19.48714,-34.66268],[19.4929,-34.66584],[19.49677,-34.66686],[19.49821,-34.66864],[19.49965,-34.66922],[19.49975,-34.67],[19.50412,-34.67045],[19.50669,-34.6719],[19.50991,-34.6712],[19.51259,-34.66981],[19.51627,-34.66963],[19.52631,-34.67368],[19.5303,-34.67695],[19.53265,-34.68024],[19.53364,-34.68552],[19.53575,-34.68801],[19.5424,-34.69191],[19.54302,-34.69364],[19.54645,-34.69629],[19.54697,-34.69892],[19.55248,-34.70273],[19.55293,-34.70377],[19.55225,-34.70465],[19.55206,-34.70676],[19.55382,-34.70923],[19.55527,-34.71032],[19.55971,-34.71098],[19.56219,-34.71224],[19.56393,-34.7115],[19.57074,-34.71476],[19.58686,-34.70132],[19.59589,-34.66235],[19.5771,-34.6366],[19.6172,-34.61829],[19.64358,-34.64529],[19.65593,-34.64149],[19.6385,-34.59881],[19.6285,-34.58218],[19.63284,-34.58314],[19.65415,-34.57961],[19.61828,-34.53337],[19.5981,-34.54045],[19.56752,-34.54261],[19.56194,-34.55495],[19.53045,-34.54103],[19.5248,-34.53539],[19.48429,-34.53848],[19.46995,-34.53899],[19.46127,-34.54514],[19.45142,-34.54132],[19.42922,-34.52596],[19.42383,-34.52428],[19.37172,-34.51898]]]}},{"type":"Feature","id":"Rondebosch","properties":{"name":"Rondebosch","includes":["Rondebosch"],"district":"City of Cape Town","population":18288,"rate_reliable":true,"counts":{"all17":995,"contact":109,"property":415,"murder":0,"attempted_murder":1,"sexual":14,"robbery_agg":38,"robbery_common":27,"assault_gbh":5,"assault_common":24,"burglary_res":73,"burglary_nonres":17,"theft_vehicle":69,"theft_from_vehicle":256,"carjacking":4,"house_robbery":1,"business_robbery":0,"drugs":6,"firearms":0},"previous":{"all17":1040,"contact":140,"property":387,"murder":0,"attempted_murder":0,"sexual":6,"robbery_agg":58,"robbery_common":40,"assault_gbh":4,"assault_common":32,"burglary_res":75,"burglary_nonres":40,"theft_vehicle":75,"theft_from_vehicle":197,"carjacking":2,"house_robbery":2,"business_robbery":2,"drugs":28,"firearms":1},"rates":{"all17":5440.7,"contact":596.0,"property":2269.2,"murder":0.0,"attempted_murder":5.5,"sexual":76.6,"robbery_agg":207.8,"robbery_common":147.6,"assault_gbh":27.3,"assault_common":131.2,"burglary_res":399.2,"burglary_nonres":93.0,"theft_vehicle":377.3,"theft_from_vehicle":1399.8,"carjacking":21.9,"house_robbery":5.5,"business_robbery":0.0,"drugs":32.8,"firearms":0.0}},"geometry":{"type":"Polygon","coordinates":[[[18.48075,-33.95476],[18.45116,-33.95037],[18.44044,-33.95452],[18.44961,-33.96347],[18.4588,-33.96916],[18.46506,-33.97143],[18.46498,-33.97197],[18.46728,-33.97129],[18.46836,-33.96927],[18.47244,-33.97126],[18.47198,-33.97187],[18.47289,-33.97221],[18.47427,-33.96859],[18.47721,-33.97131],[18.47886,-33.96903],[18.48052,-33.97021],[18.48109,-33.96944],[18.48724,-33.97526],[18.48849,-33.9719],[18.49392,-33.97246],[18.49606,-33.96414],[18.49358,-33.96011],[18.47955,-33.95919],[18.48075,-33.95476]]]}},{"type":"Feature","id":"Muizenberg","properties":{"name":"Muizenberg","includes":["Muizenberg"],"district":"City of Cape Town","population":72124,"rate_reliable":true,"counts":{"all17":2253,"contact":908,"property":423,"murder":78,"attempted_murder":54,"sexual":43,"robbery_agg":216,"robbery_common":90,"assault_gbh":104,"assault_common":323,"burglary_res":135,"burglary_nonres":18,"theft_vehicle":84,"theft_from_vehicle":186,"carjacking":17,"house_robbery":29,"business_robbery":1,"drugs":805,"firearms":118},"previous":{"all17":2425,"contact":909,"property":469,"murder":50,"attempted_murder":46,"sexual":53,"robbery_agg":211,"robbery_common":82,"assault_gbh":121,"assault_common":346,"burglary_res":169,"burglary_nonres":27,"theft_vehicle":93,"theft_from_vehicle":180,"carjacking":12,"house_robbery":27,"business_robbery":3,"drugs":493,"firearms":31},"rates":{"all17":3123.8,"contact":1258.9,"property":586.5,"murder":108.1,"attempted_murder":74.9,"sexual":59.6,"robbery_agg":299.5,"robbery_common":124.8,"assault_gbh":144.2,"assault_common":447.8,"burglary_res":187.2,"burglary_nonres":25.0,"theft_vehicle":116.5,"theft_from_vehicle":257.9,"carjacking":23.6,"house_robbery":40.2,"business_robbery":1.4,"drugs":1116.1,"firearms":163.6}},"geometry":{"type":"Polygon","coordinates":[[[18.55109,-34.09061],[18.55135,-34.08854],[18.55238,-34.08872],[18.55223,-34.0866],[18.55408,-34.08628],[18.54653,-34.08074],[18.53857,-34.07236],[18.52912,-34.07582],[18.53511,-34.09001],[18.50394,-34.09619],[18.50175,-34.0907],[18.50431,-34.08586],[18.50455,-34.08164],[18.50278,-34.07902],[18.50322,-34.07401],[18.46393,-34.07546],[18.4635,-34.07548],[18.46314,-34.08034],[18.4563,-34.08036],[18.45632,-34.0793],[18.44357,-34.07927],[18.44231,-34.07958],[18.43842,-34.08269],[18.43647,-34.08269],[18.43269,-34.08118],[18.42801,-34.083],[18.42497,-34.083],[18.42406,-34.08419],[18.43181,-34.08735],[18.43218,-34.08872],[18.4307,-34.08898],[18.42274,-34.08749],[18.42917,-34.09122],[18.42158,-34.09661],[18.42311,-34.09874],[18.42436,-34.09917],[18.42564,-34.10559],[18.42378,-34.10851],[18.43977,-34.11753],[18.44039,-34.1277],[18.44792,-34.13142],[18.45136,-34.12839],[18.44958,-34.1269],[18.45379,-34.12275],[18.45855,-34.12013],[18.45935,-34.11842],[18.4691,-34.11073],[18.48422,-34.10404],[18.50412,-34.09789],[18.53315,-34.09149],[18.54907,-34.08904],[18.55109,-34.09061]]]}},{"type":"Feature","id":"Robertson","properties":{"name":"Robertson","includes":["Robertson"],"district":"Cape Winelands","population":49239,"rate_reliable":true,"counts":{"all17":2034,"contact":1079,"property":308,"murder":18,"attempted_murder":58,"sexual":58,"robbery_agg":63,"robbery_common":40,"assault_gbh":342,"assault_common":500,"burglary_res":196,"burglary_nonres":30,"theft_vehicle":5,"theft_from_vehicle":69,"carjacking":0,"house_robbery":5,"business_robbery":3,"drugs":498,"firearms":4},"previous":{"all17":2154,"contact":1027,"property":364,"murder":19,"attempted_murder":68,"sexual":70,"robbery_agg":75,"robbery_common":16,"assault_gbh":306,"assault_common":473,"burglary_res":206,"burglary_nonres":42,"theft_vehicle":3,"theft_from_vehicle":104,"carjacking":0,"house_robbery":7,"business_robbery":11,"drugs":364,"firearms":3},"rates":{"all17":4130.9,"contact":2191.4,"property":625.5,"murder":36.6,"attempted_murder":117.8,"sexual":117.8,"robbery_agg":127.9,"robbery_common":81.2,"assault_gbh":694.6,"assault_common":1015.5,"burglary_res":398.1,"burglary_nonres":60.9,"theft_vehicle":10.2,"theft_from_vehicle":140.1,"carjacking":0.0,"house_robbery":10.2,"business_robbery":6.1,"drugs":1011.4,"firearms":8.1}},"geometry":{"type":"Polygon","coordinates":[[[19.9416,-33.72657],[19.91896,-33.72911],[19.88196,-33.72343],[19.81395,-33.69954],[19.79857,-33.682],[19.78565,-33.67365],[19.74121,-33.64955],[19.71761,-33.66011],[19.7159,-33.67281],[19.70731,-33.67363],[19.69512,-33.67924],[19.69009,-33.70421],[19.70212,-33.71836],[19.69122,-33.7393],[19.65943,-33.77531],[19.66207,-33.77601],[19.66776,-33.78104],[19.67069,-33.78262],[19.67437,-33.78744],[19.67578,-33.79192],[19.6783,-33.79332],[19.68157,-33.797],[19.68274,-33.79938],[19.68144,-33.7993],[19.65226,-33.81358],[19.65275,-33.8345],[19.62853,-33.83475],[19.59459,-33.85411],[19.59799,-33.87809],[19.56603,-33.86363],[19.56426,-33.86042],[19.56651,-33.85781],[19.5662,-33.85341],[19.56762,-33.84925],[19.56586,-33.8491],[19.56408,-33.85132],[19.56185,-33.85942],[19.56266,-33.86636],[19.53233,-33.87835],[19.53694,-33.88609],[19.54545,-33.91557],[19.50694,-33.97162],[19.53335,-33.96945],[19.56629,-34.00191],[19.58217,-34.00977],[19.58988,-34.01229],[19.60842,-34.00735],[19.64121,-34.00163],[19.67679,-34.00804],[19.70684,-33.97361],[19.71329,-33.96114],[19.73319,-33.95206],[19.75261,-33.94067],[19.75361,-33.93317],[19.76219,-33.92614],[19.76765,-33.9189],[19.76999,-33.91441],[19.79177,-33.8994],[19.79739,-33.8986],[19.81439,-33.8911],[19.84145,-33.87245],[19.84343,-33.86427],[19.84659,-33.86087],[19.86533,-33.86496],[19.86679,-33.86094],[19.87018,-33.85544],[19.87677,-33.85037],[19.87747,-33.84686],[19.87919,-33.85583],[19.88106,-33.85848],[19.87845,-33.86101],[19.8749,-33.86265],[19.87412,-33.8701],[19.87474,-33.87154],[19.87743,-33.87411],[19.87856,-33.87669],[19.87965,-33.87688],[19.88117,-33.87136],[19.88497,-33.87275],[19.89265,-33.8894],[19.92816,-33.89538],[19.9373,-33.90023],[19.93821,-33.9157],[19.95172,-33.89719],[19.96442,-33.89896],[19.97179,-33.88988],[19.97755,-33.88481],[19.98962,-33.87683],[19.99551,-33.87702],[19.99578,-33.87354],[19.99552,-33.87181],[19.99446,-33.87074],[19.98223,-33.86906],[19.97836,-33.86705],[19.97904,-33.8667],[19.97264,-33.86382],[19.9678,-33.86002],[19.96496,-33.85558],[19.95916,-33.85161],[19.95667,-33.84788],[19.96142,-33.84365],[19.966,-33.83825],[19.96166,-33.83561],[19.96338,-33.83295],[19.94351,-33.82404],[19.94783,-33.82189],[19.95476,-33.80478],[19.9386,-33.79215],[19.94027,-33.79231],[19.94894,-33.78223],[19.94794,-33.78171],[19.9494,-33.7806],[19.95566,-33.77045],[19.96599,-33.76886],[19.9734,-33.7457],[19.96491,-33.74464],[19.9416,-33.72657]]]}},{"type":"Feature","id":"Lwandle","properties":{"name":"Lwandle","includes":["Lwandle"],"district":"City of Cape Town","population":74072,"rate_reliable":true,"counts":{"all17":2018,"contact":1307,"property":308,"murder":82,"attempted_murder":54,"sexual":113,"robbery_agg":362,"robbery_common":78,"assault_gbh":259,"assault_common":359,"burglary_res":166,"burglary_nonres":37,"theft_vehicle":63,"theft_from_vehicle":42,"carjacking":21,"house_robbery":62,"business_robbery":13,"drugs":459,"firearms":17},"previous":{"all17":2240,"contact":1426,"property":307,"murder":118,"attempted_murder":64,"sexual":105,"robbery_agg":405,"robbery_common":60,"assault_gbh":292,"assault_common":382,"burglary_res":156,"burglary_nonres":35,"theft_vehicle":57,"theft_from_vehicle":59,"carjacking":21,"house_robbery":50,"business_robbery":37,"drugs":318,"firearms":32},"rates":{"all17":2724.4,"contact":1764.5,"property":415.8,"murder":110.7,"attempted_murder":72.9,"sexual":152.6,"robbery_agg":488.7,"robbery_common":105.3,"assault_gbh":349.7,"assault_common":484.7,"burglary_res":224.1,"burglary_nonres":50.0,"theft_vehicle":85.1,"theft_from_vehicle":56.7,"carjacking":28.4,"house_robbery":83.7,"business_robbery":17.6,"drugs":619.7,"firearms":23.0}},"geometry":{"type":"Polygon","coordinates":[[[18.88303,-34.13193],[18.88368,-34.12978],[18.88558,-34.12859],[18.88651,-34.12596],[18.89022,-34.12415],[18.88424,-34.12191],[18.85718,-34.10544],[18.85152,-34.10019],[18.8445,-34.10589],[18.85277,-34.11614],[18.85217,-34.11743],[18.8472,-34.11939],[18.85336,-34.12653],[18.85503,-34.12557],[18.85749,-34.1286],[18.86123,-34.12643],[18.87544,-34.14384],[18.87806,-34.1415],[18.87767,-34.13744],[18.88303,-34.13193]]]}},{"type":"Feature","id":"Samora Machel","properties":{"name":"Samora Machel","includes":["Samora Machel"],"district":"City of Cape Town","population":84897,"rate_reliable":true,"counts":{"all17":1345,"contact":921,"property":86,"murder":87,"attempted_murder":61,"sexual":78,"robbery_agg":271,"robbery_common":62,"assault_gbh":190,"assault_common":172,"burglary_res":36,"burglary_nonres":3,"theft_vehicle":23,"theft_from_vehicle":24,"carjacking":45,"house_robbery":23,"business_robbery":5,"drugs":310,"firearms":42},"previous":{"all17":1678,"contact":1162,"property":135,"murder":136,"attempted_murder":39,"sexual":79,"robbery_agg":438,"robbery_common":68,"assault_gbh":185,"assault_common":217,"burglary_res":84,"burglary_nonres":8,"theft_vehicle":23,"theft_from_vehicle":20,"carjacking":70,"house_robbery":43,"business_robbery":3,"drugs":195,"firearms":53},"rates":{"all17":1584.3,"contact":1084.8,"property":101.3,"murder":102.5,"attempted_murder":71.9,"sexual":91.9,"robbery_agg":319.2,"robbery_common":73.0,"assault_gbh":223.8,"assault_common":202.6,"burglary_res":42.4,"burglary_nonres":3.5,"theft_vehicle":27.1,"theft_from_vehicle":28.3,"carjacking":53.0,"house_robbery":27.1,"business_robbery":5.9,"drugs":365.1,"firearms":49.5}},"geometry":{"type":"Polygon","coordinates":[[[18.60267,-34.01916],[18.59919,-34.01566],[18.59392,-34.01291],[18.5897,-34.01451],[18.5753,-34.01553],[18.57527,-34.01506],[18.57241,-34.0151],[18.57011,-34.01423],[18.56709,-34.01277],[18.56526,-34.0106],[18.56429,-34.00536],[18.56262,-34.00254],[18.55823,-34.00186],[18.56001,-34.00938],[18.56475,-34.01214],[18.57405,-34.0243],[18.60267,-34.01916]]]}},{"type":"Feature","id":"Paarl East","properties":{"name":"Paarl East","includes":["Paarl East"],"district":"Cape Winelands","population":95454,"rate_reliable":true,"counts":{"all17":3767,"contact":1838,"property":413,"murder":25,"attempted_murder":39,"sexual":99,"robbery_agg":153,"robbery_common":115,"assault_gbh":460,"assault_common":947,"burglary_res":213,"burglary_nonres":51,"theft_vehicle":16,"theft_from_vehicle":133,"carjacking":6,"house_robbery":13,"business_robbery":8,"drugs":1587,"firearms":36},"previous":{"all17":3560,"contact":1591,"property":556,"murder":27,"attempted_murder":53,"sexual":85,"robbery_agg":149,"robbery_common":82,"assault_gbh":428,"assault_common":767,"burglary_res":284,"burglary_nonres":43,"theft_vehicle":20,"theft_from_vehicle":206,"carjacking":3,"house_robbery":6,"business_robbery":3,"drugs":1328,"firearms":38},"rates":{"all17":3946.4,"contact":1925.5,"property":432.7,"murder":26.2,"attempted_murder":40.9,"sexual":103.7,"robbery_agg":160.3,"robbery_common":120.5,"assault_gbh":481.9,"assault_common":992.1,"burglary_res":223.1,"burglary_nonres":53.4,"theft_vehicle":16.8,"theft_from_vehicle":139.3,"carjacking":6.3,"house_robbery":13.6,"business_robbery":8.4,"drugs":1662.6,"firearms":37.7}},"geometry":{"type":"Polygon","coordinates":[[[18.98134,-33.72813],[18.9795,-33.72967],[18.99038,-33.73218],[18.99031,-33.73616],[18.99138,-33.73853],[18.99578,-33.73865],[19.00842,-33.74088],[19.0158,-33.73982],[19.01683,-33.7376],[19.01811,-33.73662],[19.01262,-33.7334],[19.00962,-33.72689],[19.00896,-33.72724],[19.00647,-33.72619],[19.00585,-33.7252],[19.00427,-33.72494],[19.00142,-33.72314],[18.99837,-33.72259],[19.00038,-33.7144],[19.00134,-33.71486],[19.00577,-33.70775],[19.008,-33.7066],[19.01027,-33.70683],[19.00712,-33.70167],[19.01051,-33.70029],[19.01119,-33.69901],[19.01054,-33.69735],[19.00727,-33.69511],[19.00433,-33.69177],[18.99582,-33.68736],[18.99431,-33.6879],[18.98077,-33.71744],[18.9804,-33.71928],[18.98253,-33.72503],[18.98134,-33.72813]]]}},{"type":"Feature","id":"Philippi","properties":{"name":"Philippi","includes":["Philippi"],"district":"City of Cape Town","population":75924,"rate_reliable":true,"counts":{"all17":2101,"contact":1033,"property":213,"murder":85,"attempted_murder":90,"sexual":62,"robbery_agg":145,"robbery_common":75,"assault_gbh":150,"assault_common":426,"burglary_res":95,"burglary_nonres":24,"theft_vehicle":26,"theft_from_vehicle":66,"carjacking":31,"house_robbery":2,"business_robbery":11,"drugs":1478,"firearms":217},"previous":{"all17":2255,"contact":1127,"property":262,"murder":71,"attempted_murder":96,"sexual":52,"robbery_agg":248,"robbery_common":84,"assault_gbh":154,"assault_common":422,"burglary_res":125,"burglary_nonres":25,"theft_vehicle":23,"theft_from_vehicle":87,"carjacking":49,"house_robbery":8,"business_robbery":20,"drugs":1152,"firearms":197},"rates":{"all17":2767.2,"contact":1360.6,"property":280.5,"murder":112.0,"attempted_murder":118.5,"sexual":81.7,"robbery_agg":191.0,"robbery_common":98.8,"assault_gbh":197.6,"assault_common":561.1,"burglary_res":125.1,"burglary_nonres":31.6,"theft_vehicle":34.2,"theft_from_vehicle":86.9,"carjacking":40.8,"house_robbery":2.6,"business_robbery":14.5,"drugs":1946.7,"firearms":285.8}},"geometry":{"type":"Polygon","coordinates":[[[18.55823,-34.00186],[18.54207,-33.99828],[18.54096,-33.99742],[18.53898,-33.99363],[18.53817,-33.98142],[18.53208,-33.98202],[18.52468,-33.98912],[18.52226,-33.98936],[18.51667,-33.98825],[18.51195,-33.98919],[18.51264,-33.99269],[18.51639,-33.99649],[18.51987,-33.99889],[18.52112,-34.00176],[18.52186,-34.00166],[18.52319,-34.00949],[18.52227,-34.0167],[18.52364,-34.02382],[18.5232,-34.02403],[18.53198,-34.06556],[18.53884,-34.07219],[18.56507,-34.06668],[18.58387,-34.0611],[18.58696,-34.05378],[18.58677,-34.04891],[18.58189,-34.03516],[18.56529,-34.01277],[18.56327,-34.01084],[18.56001,-34.00938],[18.55823,-34.00186]]]}},{"type":"Feature","id":"Langebaan","properties":{"name":"Langebaan","includes":["Langebaan"],"district":"West Coast","population":18911,"rate_reliable":true,"counts":{"all17":765,"contact":182,"property":126,"murder":2,"attempted_murder":4,"sexual":9,"robbery_agg":7,"robbery_common":5,"assault_gbh":48,"assault_common":107,"burglary_res":86,"burglary_nonres":6,"theft_vehicle":4,"theft_from_vehicle":28,"carjacking":0,"house_robbery":0,"business_robbery":0,"drugs":183,"firearms":0},"previous":{"all17":729,"contact":154,"property":126,"murder":3,"attempted_murder":2,"sexual":8,"robbery_agg":17,"robbery_common":2,"assault_gbh":40,"assault_common":82,"burglary_res":85,"burglary_nonres":7,"theft_vehicle":5,"theft_from_vehicle":29,"carjacking":0,"house_robbery":4,"business_robbery":0,"drugs":143,"firearms":4},"rates":{"all17":4045.3,"contact":962.4,"property":666.3,"murder":10.6,"attempted_murder":21.2,"sexual":47.6,"robbery_agg":37.0,"robbery_common":26.4,"assault_gbh":253.8,"assault_common":565.8,"burglary_res":454.8,"burglary_nonres":31.7,"theft_vehicle":21.2,"theft_from_vehicle":148.1,"carjacking":0.0,"house_robbery":0.0,"business_robbery":0.0,"drugs":967.7,"firearms":0.0}},"geometry":{"type":"Polygon","coordinates":[[[18.03507,-33.03308],[18.03764,-33.04008],[18.03729,-33.04134],[18.03655,-33.04136],[18.03612,-33.04312],[18.03841,-33.04542],[18.03842,-33.04783],[18.03905,-33.04715],[18.04186,-33.0479],[18.04195,-33.04923],[18.04257,-33.04957],[18.04272,-33.05353],[18.04182,-33.05459],[18.04273,-33.05592],[18.0421,-33.06095],[18.0411,-33.06272],[18.04164,-33.06374],[18.03779,-33.07192],[18.03857,-33.07243],[18.03161,-33.08171],[18.03045,-33.08423],[18.03077,-33.09151],[18.02849,-33.09781],[18.03056,-33.10039],[18.03061,-33.10201],[18.03257,-33.10331],[18.03292,-33.1055],[18.03489,-33.10673],[18.03718,-33.11042],[18.04182,-33.11274],[18.04549,-33.11346],[18.04863,-33.11568],[18.0516,-33.12069],[18.05652,-33.12224],[18.05984,-33.12887],[18.07305,-33.1343],[18.07508,-33.13691],[18.08428,-33.13948],[18.09024,-33.14281],[18.09244,-33.14624],[18.09322,-33.15132],[18.09512,-33.15311],[18.09427,-33.15515],[18.09465,-33.15644],[18.09217,-33.15789],[18.08956,-33.16417],[18.09132,-33.16531],[18.09302,-33.1647],[18.0937,-33.16505],[18.09303,-33.16586],[18.09617,-33.16795],[18.09512,-33.16889],[18.09211,-33.16762],[18.08868,-33.16722],[18.08649,-33.16472],[18.08425,-33.16491],[18.08224,-33.16568],[18.08132,-33.16733],[18.08339,-33.17228],[18.08535,-33.17425],[18.08978,-33.17578],[18.09467,-33.17684],[18.09894,-33.17659],[18.10056,-33.17739],[18.10248,-33.17685],[18.10487,-33.17914],[18.10405,-33.17947],[18.10436,-33.1809],[18.10354,-33.18099],[18.10385,-33.18208],[18.10608,-33.18432],[18.11013,-33.18544],[18.1116,-33.18523],[18.11117,-33.1846],[18.10692,-33.18323],[18.10699,-33.18248],[18.10861,-33.18175],[18.11008,-33.17988],[18.11083,-33.17968],[18.1118,-33.18067],[18.11716,-33.17972],[18.12377,-33.18044],[18.12537,-33.18482],[18.12539,-33.18698],[18.12262,-33.19272],[18.12094,-33.19447],[18.11615,-33.19721],[18.10838,-33.19984],[18.10731,-33.2009],[18.1077,-33.20155],[18.10406,-33.20312],[18.09724,-33.20467],[18.0947,-33.20376],[18.09158,-33.20123],[18.08967,-33.19857],[18.08933,-33.19614],[18.09139,-33.19404],[18.09042,-33.19026],[18.08693,-33.18677],[18.08516,-33.18678],[18.08377,-33.18606],[18.08098,-33.18256],[18.07829,-33.18137],[18.07301,-33.18088],[18.06883,-33.1771],[18.06474,-33.17585],[18.0608,-33.17145],[18.05923,-33.16782],[18.05121,-33.16304],[18.04937,-33.1613],[18.04842,-33.15807],[18.0494,-33.15414],[18.04014,-33.1531],[18.03809,-33.15084],[18.03445,-33.15015],[18.03116,-33.14706],[18.02502,-33.14482],[18.02345,-33.14292],[18.02326,-33.14125],[18.02517,-33.1377],[18.02751,-33.13646],[18.02829,-33.13349],[18.03063,-33.13152],[18.03062,-33.12851],[18.02961,-33.12719],[18.02653,-33.1253],[18.01695,-33.12323],[18.01428,-33.12198],[18.01325,-33.1208],[18.01303,-33.11933],[18.01448,-33.11668],[18.01443,-33.11275],[18.01331,-33.10672],[18.01006,-33.10069],[18.01097,-33.09828],[18.01341,-33.09638],[18.01316,-33.09563],[18.00759,-33.09317],[18.00473,-33.09266],[18.00215,-33.09296],[18.00104,-33.09394],[17.99796,-33.09282],[17.99114,-33.09243],[17.98597,-33.09464],[17.98327,-33.09438],[17.982,-33.09497],[17.98204,-33.09267],[17.98526,-33.08948],[17.99052,-33.08999],[17.99747,-33.08788],[18.00056,-33.08826],[18.00187,-33.08758],[18.00446,-33.08765],[18.0017,-33.08125],[18.0039,-33.08114],[18.00427,-33.08048],[18.00369,-33.08008],[18.00463,-33.07893],[18.00367,-33.07785],[18.00043,-33.07773],[17.99785,-33.07846],[17.99552,-33.07758],[17.99501,-33.07693],[17.99508,-33.07478],[17.99642,-33.07414],[17.9967,-33.07281],[17.99577,-33.07053],[17.99363,-33.06984],[17.99035,-33.07154],[17.98835,-33.06955],[17.98677,-33.0698],[17.98152,-33.06828],[17.97898,-33.06665],[17.9759,-33.06679],[17.97273,-33.06827],[17.97238,-33.06895],[17.97466,-33.06999],[17.9761,-33.07185],[17.97563,-33.07408],[17.97402,-33.07448],[17.97346,-33.07598],[17.97415,-33.07646],[17.97555,-33.08176],[17.97638,-33.08237],[17.97831,-33.08161],[17.97993,-33.0843],[17.98013,-33.0873],[17.97937,-33.09106],[17.97605,-33.09583],[17.97458,-33.09647],[17.97376,-33.09526],[17.97167,-33.09475],[17.9702,-33.0952],[17.97019,-33.09728],[17.96677,-33.09936],[17.96573,-33.09941],[17.96057,-33.09585],[17.95897,-33.09553],[17.95717,-33.09681],[17.95671,-33.09816],[17.95835,-33.10222],[17.95781,-33.10285],[17.95562,-33.10296],[17.95344,-33.10392],[17.95201,-33.1064],[17.95534,-33.11074],[17.95974,-33.1119],[17.96161,-33.11375],[17.96633,-33.11345],[17.97039,-33.11621],[17.97193,-33.11654],[17.97326,-33.11855],[17.97523,-33.12217],[17.97654,-33.12732],[17.97466,-33.1284],[17.97498,-33.12994],[17.97452,-33.1307],[17.97058,-33.1314],[17.97072,-33.13531],[17.97013,-33.13585],[17.97082,-33.13772],[17.97366,-33.13858],[17.97743,-33.14245],[17.97912,-33.14207],[17.98308,-33.14296],[17.98566,-33.14275],[17.99071,-33.14513],[17.99157,-33.14477],[17.99458,-33.14578],[17.9978,-33.14581],[17.99833,-33.14627],[17.998,-33.14864],[17.99944,-33.14941],[18.00373,-33.14776],[18.00699,-33.14917],[18.01503,-33.15521],[18.0169,-33.15734],[18.01901,-33.15837],[18.02295,-33.16247],[18.02941,-33.16642],[18.03902,-33.17402],[18.06055,-33.19246],[18.0757,-33.20785],[18.07873,-33.21021],[18.09127,-33.22325],[18.09891,-33.23259],[18.1069,-33.24108],[18.12549,-33.26638],[18.1368,-33.28438],[18.1478,-33.30427],[18.15596,-33.32066],[18.16381,-33.31983],[18.16036,-33.30689],[18.16237,-33.29042],[18.1664,-33.28755],[18.19162,-33.29405],[18.19422,-33.27714],[18.19553,-33.2456],[18.20669,-33.21303],[18.23849,-33.1956],[18.23177,-33.1526],[18.22103,-33.15204],[18.18264,-33.11356],[18.20053,-33.06883],[18.15381,-33.03287],[18.1256,-33.02984],[18.13179,-32.99701],[18.13092,-32.99195],[18.08597,-32.97699],[18.0613,-33.00039],[18.04715,-33.00531],[18.04747,-33.01482],[18.03831,-33.01769],[18.04153,-33.03206],[18.03507,-33.03308]]]}},{"type":"Feature","id":"Moorreesburg","properties":{"name":"Moorreesburg","includes":["Moorreesburg"],"district":"West Coast","population":20619,"rate_reliable":true,"counts":{"all17":809,"contact":299,"property":193,"murder":2,"attempted_murder":5,"sexual":19,"robbery_agg":16,"robbery_common":10,"assault_gbh":96,"assault_common":151,"burglary_res":115,"burglary_nonres":26,"theft_vehicle":1,"theft_from_vehicle":49,"carjacking":0,"house_robbery":2,"business_robbery":2,"drugs":328,"firearms":3},"previous":{"all17":915,"contact":386,"property":185,"murder":8,"attempted_murder":4,"sexual":22,"robbery_agg":25,"robbery_common":18,"assault_gbh":121,"assault_common":188,"burglary_res":104,"burglary_nonres":38,"theft_vehicle":0,"theft_from_vehicle":43,"carjacking":0,"house_robbery":2,"business_robbery":2,"drugs":215,"firearms":7},"rates":{"all17":3923.6,"contact":1450.1,"property":936.0,"murder":9.7,"attempted_murder":24.2,"sexual":92.1,"robbery_agg":77.6,"robbery_common":48.5,"assault_gbh":465.6,"assault_common":732.3,"burglary_res":557.7,"burglary_nonres":126.1,"theft_vehicle":4.8,"theft_from_vehicle":237.6,"carjacking":0.0,"house_robbery":9.7,"business_robbery":9.7,"drugs":1590.8,"firearms":14.5}},"geometry":{"type":"Polygon","coordinates":[[[18.81683,-33.0323],[18.81622,-33.03123],[18.81496,-33.03076],[18.80667,-33.02962],[18.80486,-33.02836],[18.80348,-33.02543],[18.8018,-33.02381],[18.79981,-33.02403],[18.79693,-33.02743],[18.79435,-33.02909],[18.79125,-33.02906],[18.78981,-33.02834],[18.7894,-33.02443],[18.78812,-33.02212],[18.78749,-33.0181],[18.78546,-33.01614],[18.78546,-33.01087],[18.78475,-33.0085],[18.78328,-33.00733],[18.78355,-33.00416],[18.78242,-32.99965],[18.7733,-32.99197],[18.77262,-32.9905],[18.77282,-32.98794],[18.77137,-32.98586],[18.76791,-32.98415],[18.76222,-32.98331],[18.75787,-32.97996],[18.75642,-32.97826],[18.75649,-32.97504],[18.75461,-32.97261],[18.75048,-32.9733],[18.74767,-32.97283],[18.7435,-32.9682],[18.73959,-32.96598],[18.73723,-32.96265],[18.73683,-32.96027],[18.73393,-32.9573],[18.73365,-32.95623],[18.72848,-32.95326],[18.72611,-32.95043],[18.72474,-32.95001],[18.72294,-32.95086],[18.71668,-32.9494],[18.71262,-32.95101],[18.7084,-32.94781],[18.7038,-32.94579],[18.69837,-32.94507],[18.69374,-32.94529],[18.69193,-32.94399],[18.68978,-32.93939],[18.68865,-32.93868],[18.68636,-32.94027],[18.68387,-32.94374],[18.68203,-32.94387],[18.68043,-32.94147],[18.68082,-32.93615],[18.67553,-32.92872],[18.67782,-32.92218],[18.6772,-32.92065],[18.67557,-32.92049],[18.6735,-32.92213],[18.66997,-32.92181],[18.66457,-32.91934],[18.66056,-32.91983],[18.65825,-32.91925],[18.65681,-32.91788],[18.65599,-32.91507],[18.65446,-32.91426],[18.64859,-32.91519],[18.64417,-32.91509],[18.63613,-32.91292],[18.63276,-32.91432],[18.62674,-32.91823],[18.62474,-32.91861],[18.62319,-32.91854],[18.61906,-32.91674],[18.61534,-32.91371],[18.61366,-32.91379],[18.61243,-32.9148],[18.61063,-32.91906],[18.60748,-32.91969],[18.60654,-32.91914],[18.6068,-32.9173],[18.6042,-32.91492],[18.60317,-32.91104],[18.59856,-32.90531],[18.59637,-32.90115],[18.59448,-32.90026],[18.58934,-32.90008],[18.5754,-32.90186],[18.57249,-32.90324],[18.57189,-32.90655],[18.57376,-32.91098],[18.57271,-32.91326],[18.56519,-32.91159],[18.56221,-32.91365],[18.56032,-32.91685],[18.55487,-32.91728],[18.55147,-32.91635],[18.55003,-32.91701],[18.54801,-32.92084],[18.54909,-32.92349],[18.55295,-32.92642],[18.55313,-32.93165],[18.54998,-32.93757],[18.54753,-32.93996],[18.54197,-32.94147],[18.53212,-32.93974],[18.52728,-32.94354],[18.52192,-32.94385],[18.51481,-32.94253],[18.51352,-32.94292],[18.51115,-32.94567],[18.52048,-32.95616],[18.53142,-32.98237],[18.53862,-33.005],[18.53157,-33.01141],[18.53846,-33.03461],[18.5129,-33.04417],[18.50401,-33.04628],[18.52058,-33.05778],[18.53527,-33.08171],[18.50506,-33.11074],[18.50654,-33.11677],[18.50264,-33.12367],[18.49452,-33.12621],[18.49417,-33.14298],[18.49777,-33.14526],[18.48718,-33.15857],[18.49093,-33.16683],[18.50485,-33.17763],[18.51697,-33.19823],[18.4994,-33.2275],[18.50531,-33.23862],[18.51902,-33.25165],[18.55684,-33.2842],[18.57286,-33.28431],[18.57593,-33.27859],[18.59464,-33.27981],[18.60453,-33.27386],[18.61833,-33.26439],[18.62946,-33.27675],[18.64907,-33.28306],[18.64914,-33.28456],[18.65047,-33.28634],[18.65665,-33.28905],[18.65814,-33.29198],[18.65998,-33.29338],[18.6626,-33.2973],[18.67478,-33.30459],[18.68231,-33.30787],[18.68617,-33.30865],[18.70538,-33.31],[18.70673,-33.28818],[18.7234,-33.2892],[18.72926,-33.29289],[18.75674,-33.28636],[18.75075,-33.27823],[18.75582,-33.27529],[18.75718,-33.27872],[18.77852,-33.27424],[18.78386,-33.27011],[18.78949,-33.27384],[18.78376,-33.26311],[18.78341,-33.25906],[18.7853,-33.25894],[18.78874,-33.24561],[18.80506,-33.23649],[18.80863,-33.22018],[18.82962,-33.22517],[18.85815,-33.22365],[18.86462,-33.22826],[18.88089,-33.21233],[18.88063,-33.19943],[18.85927,-33.19095],[18.8756,-33.18957],[18.88706,-33.17859],[18.88641,-33.15893],[18.88314,-33.15604],[18.8822,-33.1504],[18.87868,-33.14738],[18.877,-33.14668],[18.87086,-33.14928],[18.86903,-33.14798],[18.8669,-33.14856],[18.8645,-33.14652],[18.86341,-33.1438],[18.86453,-33.14061],[18.86008,-33.13476],[18.86094,-33.13306],[18.86318,-33.13195],[18.8632,-33.13057],[18.86232,-33.12979],[18.85958,-33.12969],[18.85785,-33.13038],[18.85437,-33.12969],[18.85234,-33.12546],[18.85579,-33.12139],[18.85552,-33.11906],[18.85345,-33.1184],[18.85054,-33.11971],[18.84473,-33.11738],[18.8413,-33.10879],[18.84132,-33.10646],[18.84376,-33.10451],[18.84134,-33.10099],[18.8416,-33.09872],[18.84078,-33.09748],[18.83904,-33.09664],[18.83655,-33.09721],[18.83421,-33.09494],[18.83601,-33.08788],[18.83579,-33.08676],[18.83476,-33.08536],[18.83071,-33.08366],[18.82938,-33.08054],[18.83181,-33.07079],[18.83127,-33.0692],[18.82981,-33.0681],[18.82567,-33.07102],[18.82128,-33.07164],[18.82115,-33.07041],[18.82288,-33.06563],[18.8223,-33.06216],[18.8195,-33.05511],[18.81638,-33.05188],[18.81162,-33.05273],[18.80737,-33.05197],[18.80612,-33.05096],[18.80578,-33.04972],[18.80625,-33.04872],[18.81002,-33.04656],[18.81092,-33.04534],[18.8117,-33.04081],[18.81099,-33.03919],[18.81131,-33.03703],[18.81618,-33.03367],[18.81683,-33.0323]]]}},{"type":"Feature","id":"Piketberg","properties":{"name":"Piketberg","includes":["Piketberg"],"district":"West Coast","population":21604,"rate_reliable":true,"counts":{"all17":667,"contact":277,"property":91,"murder":2,"attempted_murder":6,"sexual":20,"robbery_agg":8,"robbery_common":4,"assault_gbh":85,"assault_common":152,"burglary_res":53,"burglary_nonres":19,"theft_vehicle":3,"theft_from_vehicle":15,"carjacking":0,"house_robbery":1,"business_robbery":0,"drugs":443,"firearms":3},"previous":{"all17":730,"contact":269,"property":126,"murder":5,"attempted_murder":3,"sexual":13,"robbery_agg":12,"robbery_common":4,"assault_gbh":104,"assault_common":128,"burglary_res":66,"burglary_nonres":26,"theft_vehicle":2,"theft_from_vehicle":30,"carjacking":2,"house_robbery":0,"business_robbery":1,"drugs":398,"firearms":5},"rates":{"all17":3087.4,"contact":1282.2,"property":421.2,"murder":9.3,"attempted_murder":27.8,"sexual":92.6,"robbery_agg":37.0,"robbery_common":18.5,"assault_gbh":393.4,"assault_common":703.6,"burglary_res":245.3,"burglary_nonres":87.9,"theft_vehicle":13.9,"theft_from_vehicle":69.4,"carjacking":0.0,"house_robbery":4.6,"business_robbery":0.0,"drugs":2050.5,"firearms":13.9}},"geometry":{"type":"Polygon","coordinates":[[[18.6808,-32.71585],[18.66524,-32.72236],[18.66431,-32.7269],[18.6507,-32.72757],[18.63074,-32.71665],[18.61674,-32.72954],[18.60351,-32.72364],[18.58368,-32.71118],[18.57163,-32.70238],[18.56936,-32.70405],[18.53208,-32.66805],[18.52386,-32.66352],[18.5125,-32.65216],[18.51248,-32.67554],[18.50673,-32.69011],[18.51707,-32.7023],[18.51491,-32.70527],[18.51279,-32.70681],[18.52748,-32.71851],[18.52877,-32.72043],[18.52375,-32.72893],[18.52757,-32.73075],[18.52789,-32.73598],[18.52273,-32.73432],[18.50615,-32.75613],[18.5083,-32.75889],[18.51037,-32.76507],[18.50989,-32.76948],[18.51046,-32.78064],[18.51318,-32.79152],[18.51803,-32.80421],[18.51958,-32.80659],[18.52083,-32.82607],[18.51657,-32.82695],[18.51628,-32.83161],[18.50074,-32.8305],[18.49887,-32.85233],[18.51064,-32.85458],[18.48179,-32.87459],[18.48377,-32.87546],[18.4847,-32.87445],[18.48779,-32.87372],[18.50688,-32.89215],[18.49159,-32.90743],[18.50029,-32.90924],[18.5034,-32.90471],[18.51904,-32.94339],[18.52192,-32.94385],[18.52728,-32.94354],[18.53212,-32.93974],[18.54268,-32.94144],[18.54681,-32.94038],[18.54876,-32.93903],[18.55257,-32.93342],[18.55325,-32.93034],[18.55269,-32.92594],[18.54909,-32.92349],[18.54801,-32.92084],[18.55003,-32.91701],[18.55147,-32.91635],[18.55487,-32.91728],[18.56032,-32.91685],[18.56221,-32.91365],[18.56519,-32.91159],[18.57237,-32.91334],[18.57307,-32.91305],[18.57376,-32.91098],[18.57195,-32.90678],[18.57193,-32.90447],[18.57249,-32.90324],[18.57582,-32.90179],[18.58826,-32.90013],[18.59576,-32.90062],[18.59856,-32.90531],[18.60317,-32.91104],[18.6042,-32.91492],[18.6068,-32.9173],[18.60654,-32.91914],[18.60748,-32.91969],[18.61063,-32.91906],[18.61243,-32.9148],[18.61366,-32.91379],[18.61534,-32.91371],[18.61906,-32.91674],[18.62319,-32.91854],[18.62474,-32.91861],[18.62674,-32.91823],[18.63276,-32.91432],[18.63613,-32.91292],[18.64417,-32.91509],[18.64859,-32.91519],[18.65446,-32.91426],[18.65599,-32.91507],[18.65681,-32.91788],[18.65825,-32.91925],[18.66056,-32.91983],[18.66457,-32.91934],[18.66997,-32.92181],[18.6735,-32.92213],[18.67557,-32.92049],[18.6772,-32.92065],[18.67782,-32.92218],[18.67553,-32.92872],[18.68082,-32.93615],[18.68043,-32.94147],[18.68203,-32.94387],[18.68387,-32.94374],[18.68636,-32.94027],[18.68865,-32.93868],[18.68978,-32.93939],[18.69193,-32.94399],[18.69374,-32.94529],[18.69837,-32.94507],[18.7038,-32.94579],[18.7084,-32.94781],[18.71262,-32.95101],[18.71668,-32.9494],[18.72294,-32.95086],[18.72474,-32.95001],[18.72611,-32.95043],[18.72848,-32.95326],[18.73365,-32.95623],[18.73393,-32.9573],[18.73683,-32.96027],[18.73723,-32.96265],[18.73959,-32.96598],[18.7435,-32.9682],[18.74767,-32.97283],[18.75048,-32.9733],[18.75461,-32.97261],[18.75649,-32.97504],[18.75642,-32.97826],[18.75787,-32.97996],[18.76222,-32.98331],[18.76791,-32.98415],[18.77137,-32.98586],[18.77282,-32.98794],[18.77262,-32.9905],[18.7733,-32.99197],[18.78242,-32.99965],[18.78355,-33.00416],[18.78328,-33.00733],[18.78475,-33.0085],[18.78546,-33.01087],[18.78546,-33.01614],[18.78749,-33.0181],[18.78812,-33.02212],[18.7894,-33.02443],[18.78981,-33.02834],[18.79125,-33.02906],[18.79435,-33.02909],[18.79693,-33.02743],[18.79981,-33.02403],[18.8018,-33.02381],[18.80348,-33.02543],[18.80486,-33.02836],[18.80667,-33.02962],[18.81496,-33.03076],[18.81622,-33.03123],[18.81683,-33.0323],[18.83999,-33.01196],[18.86382,-32.97474],[18.89442,-32.96819],[18.88777,-32.94902],[18.87517,-32.90802],[18.8963,-32.90299],[18.89136,-32.88373],[18.89136,-32.86756],[18.91822,-32.84828],[18.92587,-32.81841],[18.90215,-32.81277],[18.90003,-32.81452],[18.89807,-32.81295],[18.89418,-32.81186],[18.87944,-32.81323],[18.86766,-32.81268],[18.86399,-32.81109],[18.86048,-32.80736],[18.85785,-32.80693],[18.85543,-32.80736],[18.85516,-32.80857],[18.85108,-32.81377],[18.84982,-32.8152],[18.84883,-32.81525],[18.84817,-32.81926],[18.82644,-32.80901],[18.81554,-32.81399],[18.80748,-32.80495],[18.80222,-32.8021],[18.80518,-32.78895],[18.77022,-32.77513],[18.79345,-32.75777],[18.78633,-32.70677],[18.75811,-32.69732],[18.74791,-32.67331],[18.7436,-32.673],[18.75345,-32.69635],[18.74815,-32.70589],[18.75914,-32.72197],[18.72869,-32.72762],[18.73773,-32.75189],[18.70759,-32.74732],[18.6808,-32.71585]]]}},{"type":"Feature","id":"Redelinghuys","properties":{"name":"Redelinghuys","includes":["Redelinghuys"],"district":"West Coast","population":1897,"rate_reliable":false,"counts":{"all17":43,"contact":28,"property":2,"murder":0,"attempted_murder":0,"sexual":4,"robbery_agg":0,"robbery_common":0,"assault_gbh":10,"assault_common":14,"burglary_res":2,"burglary_nonres":0,"theft_vehicle":0,"theft_from_vehicle":0,"carjacking":0,"house_robbery":0,"business_robbery":0,"drugs":167,"firearms":0},"previous":{"all17":52,"contact":22,"property":9,"murder":1,"attempted_murder":0,"sexual":6,"robbery_agg":0,"robbery_common":0,"assault_gbh":5,"assault_common":10,"burglary_res":7,"burglary_nonres":0,"theft_vehicle":0,"theft_from_vehicle":1,"carjacking":0,"house_robbery":0,"business_robbery":0,"drugs":115,"firearms":0},"rates":{"all17":2266.7,"contact":1476.0,"property":105.4,"murder":0.0,"attempted_murder":0.0,"sexual":210.9,"robbery_agg":0.0,"robbery_common":0.0,"assault_gbh":527.1,"assault_common":738.0,"burglary_res":105.4,"burglary_nonres":0.0,"theft_vehicle":0.0,"theft_from_vehicle":0.0,"carjacking":0.0,"house_robbery":0.0,"business_robbery":0.0,"drugs":8803.4,"firearms":0.0}},"geometry":{"type":"Polygon","coordinates":[[[18.653,-32.41322],[18.62116,-32.38722],[18.5797,-32.34072],[18.54386,-32.3447],[18.49015,-32.38679],[18.49504,-32.39258],[18.47723,-32.40601],[18.4803,-32.40934],[18.48195,-32.41278],[18.48667,-32.41774],[18.4889,-32.42212],[18.49722,-32.42957],[18.50098,-32.43393],[18.4929,-32.43825],[18.46971,-32.46572],[18.45862,-32.47634],[18.46969,-32.48675],[18.4597,-32.552],[18.4877,-32.58898],[18.50232,-32.59965],[18.51978,-32.59996],[18.52022,-32.60147],[18.49871,-32.63127],[18.50456,-32.64137],[18.50268,-32.6517],[18.5125,-32.65216],[18.52386,-32.66352],[18.53208,-32.66805],[18.56936,-32.70405],[18.57163,-32.70238],[18.58368,-32.71118],[18.60351,-32.72364],[18.61674,-32.72954],[18.63074,-32.71665],[18.6507,-32.72757],[18.66431,-32.7269],[18.66524,-32.72236],[18.6808,-32.71585],[18.69583,-32.69122],[18.67418,-32.68316],[18.65706,-32.67188],[18.65862,-32.66134],[18.64134,-32.63977],[18.65303,-32.62288],[18.66231,-32.60689],[18.66135,-32.60636],[18.66345,-32.60649],[18.6621,-32.60443],[18.63456,-32.58192],[18.65887,-32.56922],[18.68535,-32.58819],[18.69768,-32.60662],[18.71321,-32.60354],[18.71351,-32.5994],[18.725,-32.56641],[18.70797,-32.55752],[18.70775,-32.54842],[18.70638,-32.53662],[18.68526,-32.51905],[18.66227,-32.49087],[18.6728,-32.46984],[18.65766,-32.46116],[18.66989,-32.44904],[18.66577,-32.42121],[18.66588,-32.41559],[18.653,-32.41322]]]}},{"type":"Feature","id":"St Helena Bay","properties":{"name":"St Helena Bay","includes":["St Helena Bay"],"district":"West Coast","population":19317,"rate_reliable":true,"counts":{"all17":542,"contact":183,"property":116,"murder":1,"attempted_murder":6,"sexual":9,"robbery_agg":4,"robbery_common":9,"assault_gbh":54,"assault_common":100,"burglary_res":80,"burglary_nonres":7,"theft_vehicle":1,"theft_from_vehicle":27,"carjacking":0,"house_robbery":1,"business_robbery":0,"drugs":191,"firearms":1},"previous":{"all17":576,"contact":217,"property":102,"murder":4,"attempted_murder":4,"sexual":13,"robbery_agg":9,"robbery_common":8,"assault_gbh":79,"assault_common":100,"burglary_res":76,"burglary_nonres":5,"theft_vehicle":2,"theft_from_vehicle":16,"carjacking":0,"house_robbery":2,"business_robbery":3,"drugs":167,"firearms":3},"rates":{"all17":2805.8,"contact":947.4,"property":600.5,"murder":5.2,"attempted_murder":31.1,"sexual":46.6,"robbery_agg":20.7,"robbery_common":46.6,"assault_gbh":279.5,"assault_common":517.7,"burglary_res":414.1,"burglary_nonres":36.2,"theft_vehicle":5.2,"theft_from_vehicle":139.8,"carjacking":0.0,"house_robbery":5.2,"business_robbery":0.0,"drugs":988.8,"firearms":5.2}},"geometry":{"type":"Polygon","coordinates":[[[18.125,-32.778],[18.12039,-32.77791],[18.11758,-32.77961],[18.11418,-32.77961],[18.11208,-32.78062],[18.10834,-32.78052],[18.10575,-32.77866],[18.10416,-32.78015],[18.09975,-32.78105],[18.09486,-32.77814],[18.09382,-32.77998],[18.09114,-32.78098],[18.08813,-32.77905],[18.08757,-32.77765],[18.08559,-32.77817],[18.08531,-32.77714],[18.08455,-32.77694],[18.08206,-32.77836],[18.0789,-32.77685],[18.0766,-32.77743],[18.07585,-32.77854],[18.07069,-32.78071],[18.06584,-32.78216],[18.06383,-32.78205],[18.06027,-32.78389],[18.05455,-32.78415],[18.05102,-32.77826],[18.0506,-32.77604],[18.05107,-32.77468],[18.04915,-32.77493],[18.04337,-32.76881],[18.03672,-32.76513],[18.03266,-32.76115],[18.03055,-32.76092],[18.02799,-32.75888],[18.02768,-32.75673],[18.02216,-32.75495],[18.02051,-32.75315],[18.01434,-32.75071],[18.01291,-32.74938],[18.0134,-32.74878],[18.01283,-32.74742],[18.01415,-32.747],[18.0121,-32.74706],[18.01202,-32.7456],[18.01324,-32.74471],[18.01089,-32.74378],[18.01038,-32.74291],[18.01097,-32.74224],[18.01246,-32.74209],[18.01265,-32.74281],[18.01394,-32.74336],[18.01437,-32.7421],[18.01536,-32.74261],[18.0157,-32.74196],[18.01495,-32.74144],[18.01599,-32.74182],[18.01544,-32.74093],[18.02027,-32.7415],[18.01409,-32.73998],[18.01069,-32.73983],[18.00466,-32.73548],[17.99785,-32.73345],[17.99551,-32.73332],[17.99397,-32.7312],[17.9904,-32.72976],[17.98766,-32.73011],[17.98276,-32.72854],[17.97805,-32.72518],[17.97513,-32.72129],[17.97459,-32.71819],[17.97528,-32.717],[17.9778,-32.71588],[17.97807,-32.7145],[17.97687,-32.71235],[17.97706,-32.71031],[17.97919,-32.70615],[17.98151,-32.70416],[17.98071,-32.70396],[17.97956,-32.70486],[17.97895,-32.70441],[17.9792,-32.70493],[17.97805,-32.7056],[17.97321,-32.70515],[17.97205,-32.70481],[17.97088,-32.70219],[17.96866,-32.7011],[17.96716,-32.70143],[17.96837,-32.70445],[17.9681,-32.706],[17.96158,-32.7147],[17.9575,-32.71818],[17.94938,-32.72213],[17.94455,-32.72275],[17.94126,-32.7218],[17.93959,-32.72004],[17.9396,-32.71927],[17.94081,-32.71814],[17.94056,-32.71735],[17.93879,-32.71606],[17.93418,-32.71951],[17.9308,-32.72032],[17.92838,-32.71858],[17.92811,-32.71777],[17.92574,-32.71738],[17.92524,-32.71603],[17.92234,-32.71473],[17.92156,-32.71343],[17.91958,-32.71573],[17.92237,-32.7174],[17.92302,-32.71881],[17.92336,-32.72115],[17.92122,-32.72338],[17.922,-32.72392],[17.92189,-32.7256],[17.91997,-32.72646],[17.91838,-32.72822],[17.91655,-32.72823],[17.91504,-32.73162],[17.9115,-32.73519],[17.90759,-32.73663],[17.90707,-32.73614],[17.90563,-32.73652],[17.90447,-32.73561],[17.90285,-32.73588],[17.89521,-32.74222],[17.89635,-32.744],[17.89576,-32.74536],[17.89638,-32.74594],[17.89467,-32.74864],[17.89479,-32.74935],[17.89773,-32.75059],[17.89833,-32.75188],[17.89768,-32.75348],[17.90045,-32.75398],[17.90282,-32.75705],[17.90652,-32.76759],[17.90614,-32.7699],[17.90719,-32.77407],[17.90943,-32.77418],[17.91172,-32.75999],[17.90965,-32.73918],[17.92942,-32.76028],[17.97274,-32.75013],[17.96659,-32.76719],[17.96813,-32.77831],[17.9685,-32.79486],[17.97395,-32.79415],[17.9766,-32.79646],[17.97794,-32.79683],[18.00398,-32.81408],[18.00206,-32.83359],[18.01354,-32.837],[18.02692,-32.82702],[18.05098,-32.83891],[18.06013,-32.84448],[18.06725,-32.82589],[18.06588,-32.82392],[18.06964,-32.82278],[18.09943,-32.82166],[18.10108,-32.8251],[18.11572,-32.80612],[18.12015,-32.79053],[18.125,-32.778]]]}},{"type":"Feature","id":"Vredenburg","properties":{"name":"Vredenburg","includes":["Vredenburg"],"district":"West Coast","population":47575,"rate_reliable":true,"counts":{"all17":2082,"contact":973,"property":381,"murder":20,"attempted_murder":45,"sexual":57,"robbery_agg":136,"robbery_common":56,"assault_gbh":245,"assault_common":414,"burglary_res":205,"burglary_nonres":43,"theft_vehicle":17,"theft_from_vehicle":114,"carjacking":2,"house_robbery":34,"business_robbery":9,"drugs":468,"firearms":34},"previous":{"all17":2399,"contact":1076,"property":483,"murder":27,"attempted_murder":53,"sexual":63,"robbery_agg":143,"robbery_common":40,"assault_gbh":331,"assault_common":419,"burglary_res":287,"burglary_nonres":59,"theft_vehicle":10,"theft_from_vehicle":124,"carjacking":2,"house_robbery":43,"business_robbery":5,"drugs":390,"firearms":50},"rates":{"all17":4376.2,"contact":2045.2,"property":800.8,"murder":42.0,"attempted_murder":94.6,"sexual":119.8,"robbery_agg":285.9,"robbery_common":117.7,"assault_gbh":515.0,"assault_common":870.2,"burglary_res":430.9,"burglary_nonres":90.4,"theft_vehicle":35.7,"theft_from_vehicle":239.6,"carjacking":4.2,"house_robbery":71.5,"business_robbery":18.9,"drugs":983.7,"firearms":71.5}},"geometry":{"type":"Polygon","coordinates":[[[17.90719,-32.77407],[17.90775,-32.78234],[17.90743,-32.78746],[17.90479,-32.79692],[17.90083,-32.80244],[17.90012,-32.8029],[17.89873,-32.8024],[17.89435,-32.80681],[17.89128,-32.80801],[17.88737,-32.80826],[17.88596,-32.807],[17.88444,-32.80692],[17.88322,-32.80504],[17.8827,-32.80577],[17.88329,-32.81014],[17.88029,-32.81266],[17.875,-32.81355],[17.87471,-32.81437],[17.87121,-32.81558],[17.86773,-32.81359],[17.86717,-32.81475],[17.86565,-32.81489],[17.86346,-32.81863],[17.86122,-32.81854],[17.86082,-32.81922],[17.85999,-32.8187],[17.85792,-32.81954],[17.8578,-32.818],[17.85412,-32.81878],[17.85264,-32.81803],[17.85211,-32.81923],[17.85126,-32.81927],[17.85094,-32.82135],[17.8516,-32.82162],[17.85069,-32.82263],[17.85108,-32.82339],[17.8504,-32.82367],[17.85005,-32.82292],[17.84834,-32.82224],[17.8476,-32.82272],[17.84765,-32.82503],[17.84361,-32.82571],[17.84535,-32.82711],[17.84471,-32.82763],[17.84505,-32.82918],[17.84627,-32.82914],[17.84679,-32.82777],[17.84765,-32.82766],[17.84822,-32.82977],[17.84771,-32.83164],[17.8508,-32.83295],[17.85062,-32.83367],[17.8555,-32.83504],[17.85576,-32.83736],[17.85678,-32.837],[17.85696,-32.83768],[17.85624,-32.83887],[17.86113,-32.83952],[17.86144,-32.84023],[17.85925,-32.84237],[17.86026,-32.84343],[17.86189,-32.8428],[17.8629,-32.84384],[17.86381,-32.84373],[17.86552,-32.84204],[17.86907,-32.84486],[17.86982,-32.84475],[17.87005,-32.84551],[17.87235,-32.84572],[17.87427,-32.84701],[17.87462,-32.84769],[17.87384,-32.84791],[17.87331,-32.84911],[17.87512,-32.84976],[17.87653,-32.84909],[17.87896,-32.85106],[17.88032,-32.85408],[17.88009,-32.86086],[17.88173,-32.86091],[17.88267,-32.86292],[17.88239,-32.86555],[17.88035,-32.86638],[17.88075,-32.86868],[17.88335,-32.86875],[17.88438,-32.87102],[17.88329,-32.87856],[17.88152,-32.88191],[17.87818,-32.88567],[17.87749,-32.88594],[17.87594,-32.88522],[17.87572,-32.88596],[17.875,-32.88574],[17.87318,-32.88693],[17.87126,-32.8858],[17.8692,-32.88654],[17.8687,-32.88605],[17.86723,-32.88634],[17.86372,-32.88911],[17.86385,-32.8899],[17.86588,-32.89118],[17.86286,-32.89224],[17.86294,-32.89307],[17.86759,-32.89421],[17.86824,-32.89558],[17.86761,-32.89693],[17.86678,-32.8968],[17.86667,-32.89756],[17.86582,-32.89774],[17.8644,-32.89963],[17.86207,-32.90037],[17.86301,-32.90101],[17.86285,-32.90187],[17.85819,-32.90496],[17.85787,-32.90569],[17.85872,-32.90603],[17.85869,-32.90979],[17.86023,-32.91115],[17.86096,-32.91091],[17.8628,-32.91204],[17.86583,-32.91003],[17.86782,-32.91107],[17.86769,-32.91201],[17.86991,-32.91206],[17.87031,-32.91509],[17.87116,-32.9163],[17.87604,-32.91769],[17.87673,-32.91899],[17.87885,-32.91961],[17.88155,-32.92386],[17.88275,-32.92744],[17.90848,-32.92414],[17.90385,-32.89055],[17.91635,-32.89836],[17.91827,-32.90874],[17.93673,-32.91549],[17.9403,-32.91331],[17.94582,-32.91675],[17.97396,-32.94158],[17.97423,-32.94571],[17.97859,-32.94749],[17.9794,-32.95184],[17.98741,-32.95077],[18.00218,-32.94338],[18.01813,-32.93712],[18.02361,-32.9367],[18.04907,-32.94699],[18.05527,-32.94858],[18.05979,-32.94618],[18.06397,-32.94591],[18.08243,-32.97582],[18.13092,-32.99195],[18.13452,-32.99031],[18.14302,-32.98008],[18.13736,-32.97389],[18.14908,-32.96765],[18.15667,-32.9619],[18.12776,-32.93652],[18.13404,-32.91531],[18.15615,-32.89837],[18.16422,-32.88821],[18.17094,-32.86403],[18.18182,-32.86543],[18.20312,-32.86937],[18.23083,-32.86153],[18.22569,-32.86123],[18.22408,-32.85991],[18.22396,-32.85683],[18.22722,-32.85419],[18.22979,-32.85388],[18.236,-32.85608],[18.23734,-32.85537],[18.23803,-32.85412],[18.23765,-32.85224],[18.23439,-32.84831],[18.23452,-32.84633],[18.23672,-32.8431],[18.23664,-32.84152],[18.23529,-32.8405],[18.23245,-32.83988],[18.23005,-32.84065],[18.22887,-32.84192],[18.2286,-32.84361],[18.22935,-32.84517],[18.22863,-32.84714],[18.22444,-32.84906],[18.21959,-32.84854],[18.21312,-32.84241],[18.21283,-32.84015],[18.21586,-32.83328],[18.22057,-32.83037],[18.2219,-32.82845],[18.22209,-32.82425],[18.2213,-32.82291],[18.21817,-32.82202],[18.21329,-32.82274],[18.20917,-32.82513],[18.20915,-32.81895],[18.20796,-32.81792],[18.20183,-32.81733],[18.19922,-32.8177],[18.19542,-32.81966],[18.19344,-32.81868],[18.19305,-32.8171],[18.19348,-32.81545],[18.1963,-32.81131],[18.19829,-32.806],[18.19752,-32.80183],[18.1955,-32.79852],[18.19636,-32.79421],[18.19622,-32.79126],[18.19526,-32.7892],[18.19328,-32.78789],[18.18975,-32.78813],[18.18719,-32.78907],[18.186,-32.78876],[18.1825,-32.79087],[18.18024,-32.79347],[18.17831,-32.79426],[18.17216,-32.79262],[18.17094,-32.79114],[18.17012,-32.7879],[18.16948,-32.78762],[18.15884,-32.789],[18.15289,-32.79236],[18.15007,-32.79248],[18.14657,-32.78919],[18.14195,-32.78675],[18.14134,-32.78518],[18.1415,-32.78374],[18.14311,-32.78188],[18.14982,-32.77805],[18.15174,-32.77613],[18.1515,-32.77262],[18.15059,-32.77149],[18.14893,-32.77083],[18.14566,-32.77089],[18.13995,-32.77402],[18.13556,-32.77757],[18.13402,-32.77731],[18.13266,-32.77547],[18.12896,-32.77733],[18.125,-32.778],[18.12015,-32.79053],[18.11572,-32.80612],[18.10108,-32.8251],[18.09943,-32.82166],[18.06964,-32.82278],[18.06588,-32.82392],[18.06725,-32.82589],[18.06013,-32.84448],[18.05098,-32.83891],[18.02692,-32.82702],[18.01354,-32.837],[18.00206,-32.83359],[18.00398,-32.81408],[17.97794,-32.79683],[17.9766,-32.79646],[17.97395,-32.79415],[17.9685,-32.79486],[17.96813,-32.77831],[17.96659,-32.76719],[17.97274,-32.75013],[17.92942,-32.76028],[17.90965,-32.73918],[17.91172,-32.75999],[17.90943,-32.77418],[17.90719,-32.77407]]]}},{"type":"Feature","id":"Citrusdal","properties":{"name":"Citrusdal","includes":["Citrusdal"],"district":"West Coast","population":19952,"rate_reliable":true,"counts":{"all17":604,"contact":301,"property":58,"murder":15,"attempted_murder":2,"sexual":30,"robbery_agg":9,"robbery_common":2,"assault_gbh":145,"assault_common":98,"burglary_res":39,"burglary_nonres":13,"theft_vehicle":1,"theft_from_vehicle":4,"carjacking":0,"house_robbery":0,"business_robbery":1,"drugs":404,"firearms":0},"previous":{"all17":643,"contact":304,"property":95,"murder":9,"attempted_murder":4,"sexual":36,"robbery_agg":20,"robbery_common":9,"assault_gbh":125,"assault_common":101,"burglary_res":51,"burglary_nonres":25,"theft_vehicle":1,"theft_from_vehicle":18,"carjacking":0,"house_robbery":2,"business_robbery":9,"drugs":403,"firearms":2},"rates":{"all17":3027.3,"contact":1508.6,"property":290.7,"murder":75.2,"attempted_murder":10.0,"sexual":150.4,"robbery_agg":45.1,"robbery_common":10.0,"assault_gbh":726.7,"assault_common":491.2,"burglary_res":195.5,"burglary_nonres":65.2,"theft_vehicle":5.0,"theft_from_vehicle":20.0,"carjacking":0.0,"house_robbery":0.0,"business_robbery":5.0,"drugs":2024.9,"firearms":0.0}},"geometry":{"type":"Polygon","coordinates":[[[19.15925,-32.57185],[19.158,-32.56235],[19.11533,-32.5277],[19.06812,-32.44549],[19.04595,-32.42807],[19.03715,-32.40892],[19.03318,-32.40402],[18.99283,-32.40951],[18.9812,-32.39931],[18.98274,-32.39496],[18.96708,-32.37612],[18.95662,-32.38251],[18.94791,-32.37516],[18.94695,-32.37667],[18.94691,-32.37878],[18.95062,-32.38481],[18.9492,-32.38677],[18.94818,-32.38734],[18.93449,-32.38523],[18.91537,-32.36189],[18.91074,-32.36371],[18.9008,-32.37095],[18.89099,-32.38122],[18.88188,-32.36837],[18.87714,-32.36411],[18.85966,-32.35273],[18.84979,-32.36113],[18.84074,-32.35661],[18.81842,-32.35328],[18.81657,-32.34975],[18.81423,-32.3508],[18.81346,-32.35258],[18.79498,-32.34988],[18.78584,-32.33946],[18.76938,-32.33877],[18.77598,-32.35332],[18.71907,-32.3569],[18.70926,-32.36012],[18.67778,-32.39135],[18.67335,-32.39469],[18.653,-32.41322],[18.66588,-32.41559],[18.66577,-32.42121],[18.66989,-32.44904],[18.65766,-32.46116],[18.6728,-32.46984],[18.66227,-32.49087],[18.68526,-32.51905],[18.70638,-32.53662],[18.70775,-32.54842],[18.70797,-32.55752],[18.725,-32.56641],[18.7685,-32.56519],[18.80402,-32.57195],[18.79154,-32.55936],[18.78785,-32.54315],[18.78324,-32.52964],[18.78483,-32.52249],[18.78667,-32.52037],[18.7957,-32.51937],[18.82774,-32.51125],[18.84903,-32.52171],[18.86739,-32.53907],[18.86557,-32.54235],[18.88627,-32.55552],[18.90587,-32.57479],[18.91252,-32.58454],[18.93106,-32.60671],[18.94998,-32.59906],[18.96322,-32.61724],[18.96075,-32.63288],[18.96561,-32.65387],[18.97307,-32.67038],[19.00724,-32.71611],[19.0167,-32.75663],[19.01914,-32.76994],[19.03149,-32.77241],[19.03294,-32.77824],[19.02065,-32.77855],[19.02395,-32.79724],[19.03483,-32.78569],[19.04114,-32.8241],[19.03418,-32.82556],[19.03575,-32.84879],[19.04492,-32.84301],[19.05641,-32.85928],[19.05506,-32.8788],[19.09869,-32.87904],[19.10848,-32.87573],[19.12072,-32.87784],[19.15061,-32.87205],[19.09713,-32.93025],[19.08358,-32.96411],[19.15379,-32.98397],[19.18623,-32.86808],[19.18451,-32.827],[19.17271,-32.79799],[19.17072,-32.79576],[19.17185,-32.73674],[19.16084,-32.69845],[19.18521,-32.68406],[19.17175,-32.66386],[19.16413,-32.64925],[19.14307,-32.62136],[19.13769,-32.60452],[19.14644,-32.60506],[19.15715,-32.60449],[19.14938,-32.58629],[19.15925,-32.57185]]]}},{"type":"Feature","id":"Clanwilliam","properties":{"name":"Clanwilliam","includes":["Clanwilliam"],"district":"West Coast","population":21674,"rate_reliable":true,"counts":{"all17":378,"contact":155,"property":62,"murder":8,"attempted_murder":1,"sexual":16,"robbery_agg":9,"robbery_common":3,"assault_gbh":48,"assault_common":70,"burglary_res":36,"burglary_nonres":12,"theft_vehicle":1,"theft_from_vehicle":9,"carjacking":0,"house_robbery":1,"business_robbery":4,"drugs":403,"firearms":4},"previous":{"all17":327,"contact":132,"property":81,"murder":7,"attempted_murder":4,"sexual":24,"robbery_agg":6,"robbery_common":4,"assault_gbh":32,"assault_common":55,"burglary_res":49,"burglary_nonres":16,"theft_vehicle":1,"theft_from_vehicle":13,"carjacking":1,"house_robbery":1,"business_robbery":3,"drugs":273,"firearms":4},"rates":{"all17":1744.0,"contact":715.1,"property":286.1,"murder":36.9,"attempted_murder":4.6,"sexual":73.8,"robbery_agg":41.5,"robbery_common":13.8,"assault_gbh":221.5,"assault_common":323.0,"burglary_res":166.1,"burglary_nonres":55.4,"theft_vehicle":4.6,"theft_from_vehicle":41.5,"carjacking":0.0,"house_robbery":4.6,"business_robbery":18.5,"drugs":1859.4,"firearms":18.5}},"geometry":{"type":"Polygon","coordinates":[[[19.0348,-31.87622],[19.01969,-31.87733],[19.01275,-31.87699],[19.00525,-31.87853],[18.99674,-31.8792],[18.98732,-31.87894],[18.984,-31.87644],[18.98343,-31.87518],[18.98329,-31.87387],[18.9851,-31.86924],[18.98322,-31.85766],[18.98192,-31.85573],[18.96513,-31.85893],[18.96001,-31.85912],[18.95126,-31.85778],[18.94033,-31.85461],[18.9346,-31.85398],[18.92809,-31.85584],[18.91099,-31.85669],[18.90566,-31.85851],[18.89618,-31.85486],[18.89184,-31.85253],[18.88129,-31.85168],[18.87475,-31.85267],[18.86446,-31.85901],[18.85632,-31.85797],[18.84658,-31.8591],[18.83055,-31.86499],[18.82679,-31.86763],[18.82375,-31.86852],[18.82059,-31.8676],[18.81985,-31.86519],[18.81548,-31.86274],[18.81205,-31.86238],[18.80979,-31.86282],[18.80421,-31.86187],[18.80023,-31.8634],[18.79527,-31.86332],[18.78924,-31.86627],[18.78557,-31.87272],[18.7839,-31.87405],[18.78082,-31.87534],[18.77781,-31.87539],[18.75434,-31.86698],[18.73921,-31.85739],[18.72273,-31.85206],[18.70064,-31.84028],[18.69081,-31.83677],[18.68976,-31.842],[18.68405,-31.84583],[18.70371,-31.84917],[18.68927,-31.86605],[18.70736,-31.8966],[18.65582,-31.93118],[18.67367,-31.94276],[18.67834,-31.95005],[18.68477,-31.9522],[18.69164,-31.96264],[18.69307,-31.96577],[18.70057,-31.96767],[18.71265,-31.98321],[18.73748,-31.99767],[18.74055,-31.99232],[18.7402,-31.99542],[18.75292,-32.01014],[18.7538,-32.03145],[18.76286,-32.03888],[18.76341,-32.04011],[18.74934,-32.04111],[18.725,-32.05779],[18.72236,-32.04452],[18.71127,-32.02701],[18.69519,-32.04091],[18.68992,-32.03551],[18.67724,-32.04735],[18.66693,-32.05187],[18.67389,-32.06312],[18.65802,-32.0685],[18.66284,-32.0939],[18.65891,-32.09646],[18.65058,-32.10707],[18.67109,-32.10871],[18.6771,-32.10186],[18.69152,-32.13193],[18.73249,-32.14589],[18.73772,-32.1465],[18.73965,-32.14786],[18.73987,-32.14658],[18.764,-32.15962],[18.76899,-32.16339],[18.75083,-32.18283],[18.76333,-32.20215],[18.81491,-32.26518],[18.80235,-32.27389],[18.78426,-32.29137],[18.7883,-32.30222],[18.78058,-32.31043],[18.76938,-32.33877],[18.78584,-32.33946],[18.79498,-32.34988],[18.81346,-32.35258],[18.81423,-32.3508],[18.81657,-32.34975],[18.81842,-32.35328],[18.84074,-32.35661],[18.84979,-32.36113],[18.85966,-32.35273],[18.87714,-32.36411],[18.88188,-32.36837],[18.89099,-32.38122],[18.9008,-32.37095],[18.91074,-32.36371],[18.91537,-32.36189],[18.93449,-32.38523],[18.94818,-32.38734],[18.9492,-32.38677],[18.95062,-32.38481],[18.94691,-32.37878],[18.94695,-32.37667],[18.94791,-32.37516],[18.95662,-32.38251],[18.96708,-32.37612],[18.98274,-32.39496],[18.9812,-32.39931],[18.99283,-32.40951],[19.03318,-32.40402],[19.03715,-32.40892],[19.04595,-32.42807],[19.06812,-32.44549],[19.11533,-32.5277],[19.158,-32.56235],[19.15925,-32.57185],[19.20268,-32.57753],[19.22319,-32.57459],[19.26478,-32.58864],[19.28127,-32.58133],[19.32013,-32.57457],[19.34133,-32.58298],[19.35701,-32.61629],[19.37129,-32.60887],[19.3962,-32.6066],[19.4191,-32.62226],[19.43798,-32.62578],[19.44135,-32.63804],[19.45336,-32.62559],[19.4536,-32.61239],[19.45229,-32.60769],[19.46093,-32.60757],[19.46638,-32.60139],[19.47567,-32.59685],[19.48505,-32.57988],[19.48431,-32.57652],[19.4868,-32.56544],[19.49497,-32.49894],[19.51636,-32.48587],[19.51313,-32.48073],[19.51021,-32.47828],[19.5071,-32.47314],[19.50366,-32.47294],[19.49837,-32.47525],[19.49637,-32.47482],[19.49538,-32.47372],[19.48919,-32.46353],[19.48561,-32.45307],[19.47978,-32.44134],[19.47748,-32.43885],[19.47469,-32.43783],[19.47275,-32.43608],[19.47146,-32.43249],[19.47219,-32.43005],[19.47192,-32.42792],[19.47004,-32.42437],[19.46715,-32.42161],[19.46467,-32.41509],[19.4594,-32.40997],[19.45783,-32.4055],[19.45332,-32.39789],[19.44637,-32.39206],[19.4432,-32.38834],[19.43931,-32.38016],[19.43466,-32.37323],[19.43433,-32.37017],[19.43528,-32.36826],[19.4302,-32.36571],[19.40908,-32.29008],[19.4915,-32.25237],[19.49195,-32.25172],[19.49509,-32.24501],[19.48941,-32.24352],[19.48754,-32.24214],[19.48595,-32.23863],[19.48575,-32.23582],[19.48624,-32.23389],[19.48839,-32.23057],[19.49328,-32.22617],[19.49584,-32.22165],[19.49724,-32.21516],[19.49424,-32.20868],[19.50225,-32.2054],[19.49271,-32.19857],[19.50139,-32.17987],[19.48732,-32.16372],[19.47926,-32.16768],[19.4841,-32.16141],[19.47522,-32.14629],[19.49109,-32.13007],[19.50834,-32.1259],[19.51519,-32.1152],[19.5075,-32.08609],[19.48853,-32.1212],[19.48336,-32.11367],[19.48796,-32.09154],[19.48708,-32.08806],[19.48769,-32.08146],[19.48613,-32.07618],[19.48322,-32.07405],[19.47991,-32.07303],[19.47013,-32.07243],[19.46755,-32.07307],[19.44306,-32.04718],[19.42591,-32.0313],[19.39585,-32.01511],[19.39301,-32.0179],[19.38044,-32.03756],[19.36297,-32.04284],[19.35305,-32.02793],[19.32978,-32.01258],[19.32335,-31.9848],[19.28987,-31.9651],[19.27751,-31.97971],[19.26484,-31.96574],[19.27984,-31.922],[19.28968,-31.86304],[19.24407,-31.91386],[19.21071,-31.94804],[19.19968,-31.90477],[19.17232,-31.90977],[19.16543,-31.90567],[19.15904,-31.89957],[19.15605,-31.89967],[19.15045,-31.90287],[19.14476,-31.91053],[19.14179,-31.91207],[19.14006,-31.91058],[19.1308,-31.90657],[19.12679,-31.90624],[19.12076,-31.90768],[19.11812,-31.90714],[19.11488,-31.90424],[19.11322,-31.90117],[19.10935,-31.89813],[19.10128,-31.8963],[19.08989,-31.89513],[19.08591,-31.89396],[19.08384,-31.89285],[19.08335,-31.89071],[19.08223,-31.88984],[19.06883,-31.88395],[19.05801,-31.88037],[19.05322,-31.87897],[19.04489,-31.87837],[19.0348,-31.87622]]]}},{"type":"Feature","id":"Doring Bay","properties":{"name":"Doring Bay","includes":["Doring Bay"],"district":"West Coast","population":3978,"rate_reliable":false,"counts":{"all17":36,"contact":20,"property":7,"murder":0,"attempted_murder":0,"sexual":4,"robbery_agg":0,"robbery_common":0,"assault_gbh":5,"assault_common":11,"burglary_res":5,"burglary_nonres":1,"theft_vehicle":0,"theft_from_vehicle":1,"carjacking":0,"house_robbery":0,"business_robbery":0,"drugs":160,"firearms":0},"previous":{"all17":47,"contact":21,"property":12,"murder":0,"attempted_murder":0,"sexual":2,"robbery_agg":0,"robbery_common":0,"assault_gbh":6,"assault_common":13,"burglary_res":9,"burglary_nonres":1,"theft_vehicle":1,"theft_from_vehicle":0,"carjacking":0,"house_robbery":0,"business_robbery":0,"drugs":141,"firearms":0},"rates":{"all17":905.0,"contact":502.8,"property":176.0,"murder":0.0,"attempted_murder":0.0,"sexual":100.6,"robbery_agg":0.0,"robbery_common":0.0,"assault_gbh":125.7,"assault_common":276.5,"burglary_res":125.7,"burglary_nonres":25.1,"theft_vehicle":0.0,"theft_from_vehicle":25.1,"carjacking":0.0,"house_robbery":0.0,"business_robbery":0.0,"drugs":4022.1,"firearms":0.0}},"geometry":{"type":"Polygon","coordinates":[[[18.18712,-31.70107],[18.18983,-31.70159],[18.19034,-31.70294],[18.19331,-31.70562],[18.19936,-31.71294],[18.20273,-31.7172],[18.20505,-31.72213],[18.20916,-31.727],[18.20981,-31.72936],[18.21141,-31.73024],[18.21555,-31.73539],[18.21657,-31.73742],[18.21612,-31.73807],[18.21648,-31.73906],[18.21791,-31.73927],[18.22288,-31.7446],[18.22262,-31.74768],[18.22528,-31.74978],[18.22597,-31.75416],[18.22412,-31.75652],[18.22271,-31.75703],[18.22253,-31.75778],[18.22391,-31.75897],[18.22235,-31.76008],[18.22209,-31.76098],[18.22273,-31.76272],[18.22485,-31.76326],[18.22452,-31.76825],[18.22508,-31.77132],[18.22606,-31.77243],[18.22541,-31.77447],[18.22687,-31.7813],[18.2293,-31.78612],[18.23138,-31.78727],[18.23139,-31.79067],[18.23337,-31.79587],[18.23251,-31.79756],[18.23064,-31.7984],[18.22954,-31.79983],[18.23173,-31.803],[18.23324,-31.80878],[18.23449,-31.80972],[18.23592,-31.81256],[18.23505,-31.81528],[18.23365,-31.81611],[18.2314,-31.816],[18.23105,-31.81664],[18.23319,-31.81749],[18.23385,-31.81892],[18.23266,-31.81973],[18.233,-31.82046],[18.23522,-31.82114],[18.23738,-31.82356],[18.26347,-31.86031],[18.27136,-31.87555],[18.27293,-31.87705],[18.27883,-31.89256],[18.27854,-31.89326],[18.27949,-31.89412],[18.28055,-31.89864],[18.27968,-31.90393],[18.28052,-31.90439],[18.2806,-31.90808],[18.27824,-31.91219],[18.27422,-31.91217],[18.27329,-31.91277],[18.27391,-31.91439],[18.27535,-31.91578],[18.27537,-31.91748],[18.27619,-31.919],[18.27642,-31.92378],[18.2754,-31.92972],[18.27359,-31.93238],[18.27216,-31.93335],[18.27068,-31.93397],[18.26629,-31.93403],[18.26565,-31.93485],[18.26584,-31.93967],[18.26686,-31.94424],[18.26846,-31.9466],[18.26854,-31.94902],[18.2733,-31.95594],[18.27368,-31.95735],[18.2755,-31.95908],[18.27762,-31.96476],[18.27977,-31.967],[18.27973,-31.96995],[18.28157,-31.97365],[18.28162,-31.97518],[18.28602,-31.98327],[18.28706,-31.98805],[18.28536,-31.99081],[18.28264,-31.99192],[18.28292,-31.99334],[18.28233,-31.99483],[18.28455,-31.9975],[18.28537,-31.99956],[18.28671,-32.00062],[18.29234,-32.01077],[18.29465,-32.01941],[18.29462,-32.02244],[18.29672,-32.02866],[18.34123,-32.01452],[18.3403,-32.00914],[18.34939,-31.97887],[18.37571,-31.92092],[18.38971,-31.90407],[18.39656,-31.89745],[18.42069,-31.87918],[18.42331,-31.87651],[18.42828,-31.86301],[18.43024,-31.84819],[18.37933,-31.80371],[18.38469,-31.79629],[18.3688,-31.7597],[18.36206,-31.73425],[18.33547,-31.71001],[18.31108,-31.69437],[18.35081,-31.66635],[18.37883,-31.62554],[18.22674,-31.63596],[18.20506,-31.64569],[18.20298,-31.64499],[18.19691,-31.64768],[18.19506,-31.65138],[18.19663,-31.66214],[18.19688,-31.67208],[18.19931,-31.68624],[18.19763,-31.6887],[18.19095,-31.69355],[18.18825,-31.69984],[18.18712,-31.70107]]]}},{"type":"Feature","id":"Swellendam","properties":{"name":"Swellendam","includes":["Swellendam"],"district":"Overberg","population":30183,"rate_reliable":true,"counts":{"all17":1433,"contact":516,"property":275,"murder":8,"attempted_murder":24,"sexual":39,"robbery_agg":14,"robbery_common":12,"assault_gbh":142,"assault_common":277,"burglary_res":161,"burglary_nonres":58,"theft_vehicle":1,"theft_from_vehicle":49,"carjacking":0,"house_robbery":2,"business_robbery":3,"drugs":588,"firearms":6},"previous":{"all17":1288,"contact":453,"property":293,"murder":13,"attempted_murder":23,"sexual":31,"robbery_agg":20,"robbery_common":14,"assault_gbh":121,"assault_common":231,"burglary_res":141,"burglary_nonres":89,"theft_vehicle":3,"theft_from_vehicle":51,"carjacking":0,"house_robbery":1,"business_robbery":10,"drugs":392,"firearms":3},"rates":{"all17":4747.7,"contact":1709.6,"property":911.1,"murder":26.5,"attempted_murder":79.5,"sexual":129.2,"robbery_agg":46.4,"robbery_common":39.8,"assault_gbh":470.5,"assault_common":917.7,"burglary_res":533.4,"burglary_nonres":192.2,"theft_vehicle":3.3,"theft_from_vehicle":162.3,"carjacking":0.0,"house_robbery":6.6,"business_robbery":9.9,"drugs":1948.1,"firearms":19.9}},"geometry":{"type":"Polygon","coordinates":[[[20.44805,-33.95881],[20.32448,-33.94951],[20.31379,-33.97616],[20.30658,-33.98196],[20.30003,-33.99574],[20.28789,-34.00622],[20.29478,-34.0074],[20.28985,-34.01742],[20.29129,-34.01864],[20.29871,-34.01868],[20.30454,-34.02121],[20.30719,-34.02931],[20.29589,-34.03627],[20.29081,-34.04188],[20.27918,-34.0395],[20.28032,-34.04058],[20.28262,-34.0403],[20.28412,-34.04145],[20.28654,-34.04937],[20.28569,-34.06086],[20.28585,-34.07043],[20.28011,-34.06779],[20.27742,-34.06723],[20.2734,-34.07139],[20.27055,-34.07309],[20.26805,-34.07359],[20.25604,-34.06848],[20.25095,-34.06774],[20.24442,-34.06996],[20.24319,-34.07401],[20.24174,-34.07576],[20.23804,-34.07761],[20.23011,-34.0728],[20.22549,-34.07088],[20.21862,-34.07166],[20.21426,-34.07074],[20.21201,-34.06954],[20.20809,-34.06916],[20.20555,-34.06783],[20.20442,-34.06828],[20.20221,-34.0785],[20.15004,-34.07835],[20.1493,-34.07659],[20.14503,-34.07976],[20.1352,-34.08277],[20.1345,-34.08338],[20.13416,-34.08595],[20.12947,-34.08491],[20.12436,-34.0854],[20.12077,-34.08817],[20.11842,-34.089],[20.11559,-34.08857],[20.11401,-34.08726],[20.11217,-34.08681],[20.10815,-34.09155],[20.10634,-34.09718],[20.10668,-34.10006],[20.10337,-34.10251],[20.09676,-34.11438],[20.09355,-34.12636],[20.1017,-34.13038],[20.11119,-34.14297],[20.10279,-34.16247],[20.10858,-34.16847],[20.10726,-34.17213],[20.10906,-34.17785],[20.12251,-34.17726],[20.12747,-34.18692],[20.14395,-34.19659],[20.15695,-34.19794],[20.15678,-34.20917],[20.14416,-34.20925],[20.14114,-34.21318],[20.1419,-34.21543],[20.14211,-34.22084],[20.14159,-34.24731],[20.13401,-34.25032],[20.14861,-34.27114],[20.17505,-34.27928],[20.17728,-34.27511],[20.21192,-34.28825],[20.24489,-34.28882],[20.26213,-34.27416],[20.29136,-34.27628],[20.34638,-34.2941],[20.3665,-34.28239],[20.39789,-34.28199],[20.41608,-34.33667],[20.46037,-34.33889],[20.47245,-34.30617],[20.48158,-34.30661],[20.48817,-34.32582],[20.51001,-34.33643],[20.52022,-34.3501],[20.53025,-34.36054],[20.56107,-34.36141],[20.6026,-34.37975],[20.60092,-34.38253],[20.65935,-34.39909],[20.68784,-34.41757],[20.69333,-34.4506],[20.69996,-34.451],[20.70202,-34.45179],[20.70804,-34.45217],[20.7139,-34.45359],[20.71838,-34.45272],[20.72579,-34.4548],[20.72747,-34.45335],[20.73062,-34.45272],[20.73084,-34.45144],[20.73463,-34.45359],[20.73506,-34.45499],[20.73729,-34.45571],[20.73971,-34.45567],[20.74114,-34.45497],[20.7472,-34.45612],[20.75212,-34.45622],[20.75347,-34.45713],[20.75682,-34.45741],[20.75872,-34.45876],[20.76104,-34.458],[20.76985,-34.46061],[20.77249,-34.46085],[20.77293,-34.46146],[20.77532,-34.4608],[20.78152,-34.461],[20.78547,-34.46257],[20.7938,-34.46376],[20.7945,-34.46511],[20.79641,-34.46629],[20.80142,-34.46658],[20.80594,-34.46775],[20.80917,-34.46749],[20.80991,-34.46762],[20.80972,-34.46836],[20.81538,-34.46891],[20.82085,-34.47186],[20.82365,-34.47094],[20.82605,-34.47175],[20.82812,-34.47105],[20.82948,-34.47164],[20.83141,-34.47033],[20.83337,-34.471],[20.83454,-34.47001],[20.83715,-34.47057],[20.83862,-34.47012],[20.84183,-34.47197],[20.84357,-34.47207],[20.84592,-34.47428],[20.84761,-34.47436],[20.84785,-34.47225],[20.84926,-34.47211],[20.85056,-34.47109],[20.85193,-34.47127],[20.8528,-34.47042],[20.85195,-34.46823],[20.85222,-34.46753],[20.85581,-34.46503],[20.85801,-34.46424],[20.86536,-34.46582],[20.86936,-34.46563],[20.86963,-34.46419],[20.86554,-34.46067],[20.86508,-34.45892],[20.86845,-34.45544],[20.86994,-34.4526],[20.87089,-34.45295],[20.87179,-34.45202],[20.87184,-34.4508],[20.86911,-34.44933],[20.87145,-34.44794],[20.8699,-34.44494],[20.87077,-34.44332],[20.86997,-34.44093],[20.87054,-34.4389],[20.86989,-34.43808],[20.87024,-34.43748],[20.8679,-34.43536],[20.86773,-34.43436],[20.86817,-34.43427],[20.86732,-34.43265],[20.8677,-34.43089],[20.8692,-34.43035],[20.86941,-34.42934],[20.8678,-34.42715],[20.86661,-34.42679],[20.86696,-34.42629],[20.86636,-34.42561],[20.86135,-34.42492],[20.85708,-34.42296],[20.85624,-34.42181],[20.85588,-34.41885],[20.8549,-34.41863],[20.85436,-34.41773],[20.85468,-34.41669],[20.85315,-34.41515],[20.85331,-34.41283],[20.85263,-34.41279],[20.85263,-34.41193],[20.8501,-34.41028],[20.84999,-34.40961],[20.84719,-34.40938],[20.84534,-34.40837],[20.83519,-34.40771],[20.82985,-34.40574],[20.82389,-34.40582],[20.82003,-34.4044],[20.8201,-34.40208],[20.81786,-34.40208],[20.81069,-34.40384],[20.80264,-34.40742],[20.79609,-34.40749],[20.78202,-34.40208],[20.76816,-34.39522],[20.76014,-34.39309],[20.74869,-34.39202],[20.74107,-34.38963],[20.73572,-34.38742],[20.72625,-34.38184],[20.7238,-34.37931],[20.72071,-34.3778],[20.71625,-34.37346],[20.71354,-34.36981],[20.70891,-34.36569],[20.69771,-34.36097],[20.694,-34.36047],[20.69035,-34.35877],[20.68739,-34.35562],[20.68683,-34.34744],[20.68507,-34.34637],[20.68154,-34.3475],[20.67254,-34.34851],[20.65672,-34.34795],[20.65363,-34.34832],[20.65167,-34.34958],[20.64621,-34.35556],[20.63903,-34.35481],[20.63573,-34.35254],[20.62975,-34.34442],[20.62176,-34.34304],[20.60893,-34.34581],[20.60754,-34.34707],[20.60603,-34.35034],[20.60156,-34.35236],[20.59785,-34.3521],[20.59603,-34.35096],[20.59558,-34.34927],[20.59684,-34.34518],[20.601,-34.3404],[20.60364,-34.3358],[20.6044,-34.3319],[20.6037,-34.32862],[20.60383,-34.32554],[20.60704,-34.32189],[20.61321,-34.31962],[20.62112,-34.31768],[20.62238,-34.31504],[20.62226,-34.31383],[20.61968,-34.30763],[20.62943,-34.30082],[20.61645,-34.27879],[20.62292,-34.27486],[20.63809,-34.27095],[20.64672,-34.26215],[20.64904,-34.25856],[20.65026,-34.25382],[20.63775,-34.24285],[20.63929,-34.23423],[20.65286,-34.2235],[20.67217,-34.21341],[20.6695,-34.20988],[20.66887,-34.20636],[20.66946,-34.20388],[20.66657,-34.20031],[20.66552,-34.19267],[20.66132,-34.1886],[20.68654,-34.18734],[20.69697,-34.18429],[20.70613,-34.17662],[20.70833,-34.17221],[20.67749,-34.16426],[20.67599,-34.16292],[20.67488,-34.15988],[20.67233,-34.15624],[20.66779,-34.15193],[20.65917,-34.14581],[20.65557,-34.13891],[20.65586,-34.135],[20.6526,-34.13298],[20.65043,-34.12975],[20.64754,-34.12725],[20.64876,-34.11931],[20.65874,-34.11037],[20.66375,-34.10981],[20.66696,-34.10801],[20.66855,-34.10631],[20.67161,-34.10129],[20.67099,-34.09942],[20.67198,-34.0957],[20.67411,-34.09172],[20.67696,-34.08996],[20.67732,-34.08761],[20.66057,-34.08895],[20.64015,-34.0859],[20.63997,-34.08868],[20.60508,-34.05912],[20.60191,-34.05791],[20.59462,-34.05856],[20.58309,-34.05556],[20.57828,-34.05344],[20.56862,-34.0443],[20.56054,-34.04233],[20.56069,-34.03192],[20.56924,-34.03117],[20.56423,-34.02283],[20.56765,-34.02362],[20.57265,-34.02184],[20.56769,-34.00618],[20.57008,-34.00672],[20.57369,-34.00623],[20.57747,-34.0054],[20.58434,-34.00264],[20.58802,-34.00431],[20.6006,-34.00349],[20.60345,-33.99889],[20.60326,-33.96609],[20.56059,-33.96876],[20.55314,-33.97037],[20.51271,-33.97272],[20.44805,-33.95881]]]}},{"type":"Feature","id":"Mfuleni","properties":{"name":"Mfuleni","includes":["Mfuleni"],"district":"City of Cape Town","population":212643,"rate_reliable":true,"counts":{"all17":7191,"contact":4371,"property":868,"murder":285,"attempted_murder":143,"sexual":228,"robbery_agg":1012,"robbery_common":209,"assault_gbh":598,"assault_common":1896,"burglary_res":489,"burglary_nonres":42,"theft_vehicle":156,"theft_from_vehicle":181,"carjacking":167,"house_robbery":92,"business_robbery":15,"drugs":1613,"firearms":149},"previous":{"all17":7337,"contact":4463,"property":833,"murder":268,"attempted_murder":139,"sexual":261,"robbery_agg":1155,"robbery_common":208,"assault_gbh":715,"assault_common":1717,"burglary_res":492,"burglary_nonres":44,"theft_vehicle":145,"theft_from_vehicle":151,"carjacking":176,"house_robbery":135,"business_robbery":29,"drugs":1112,"firearms":123},"rates":{"all17":3381.7,"contact":2055.6,"property":408.2,"murder":134.0,"attempted_murder":67.2,"sexual":107.2,"robbery_agg":475.9,"robbery_common":98.3,"assault_gbh":281.2,"assault_common":891.6,"burglary_res":230.0,"burglary_nonres":19.8,"theft_vehicle":73.4,"theft_from_vehicle":85.1,"carjacking":78.5,"house_robbery":43.3,"business_robbery":7.1,"drugs":758.5,"firearms":70.1}},"geometry":{"type":"Polygon","coordinates":[[[18.70728,-33.96948],[18.69584,-33.95163],[18.68881,-33.95556],[18.68287,-33.95679],[18.65741,-33.95459],[18.65141,-33.98271],[18.65061,-33.9842],[18.63778,-33.99707],[18.63713,-33.99929],[18.63797,-34.00231],[18.63899,-34.00362],[18.65955,-34.01233],[18.69153,-34.02435],[18.69258,-34.01188],[18.6916,-34.00753],[18.68803,-33.99837],[18.69135,-33.98417],[18.68803,-33.97611],[18.69282,-33.97674],[18.70728,-33.96948]]]}},{"type":"Feature","id":"Riebeek West","properties":{"name":"Riebeek West","includes":["Riebeek West"],"district":"West Coast","population":15383,"rate_reliable":true,"counts":{"all17":1029,"contact":378,"property":210,"murder":6,"attempted_murder":5,"sexual":17,"robbery_agg":11,"robbery_common":15,"assault_gbh":155,"assault_common":169,"burglary_res":117,"burglary_nonres":37,"theft_vehicle":2,"theft_from_vehicle":44,"carjacking":0,"house_robbery":6,"business_robbery":1,"drugs":385,"firearms":6},"previous":{"all17":1097,"contact":450,"property":231,"murder":7,"attempted_murder":4,"sexual":19,"robbery_agg":16,"robbery_common":13,"assault_gbh":160,"assault_common":231,"burglary_res":133,"burglary_nonres":47,"theft_vehicle":2,"theft_from_vehicle":46,"carjacking":1,"house_robbery":5,"business_robbery":3,"drugs":241,"firearms":2},"rates":{"all17":6689.2,"contact":2457.3,"property":1365.1,"murder":39.0,"attempted_murder":32.5,"sexual":110.5,"robbery_agg":71.5,"robbery_common":97.5,"assault_gbh":1007.6,"assault_common":1098.6,"burglary_res":760.6,"burglary_nonres":240.5,"theft_vehicle":13.0,"theft_from_vehicle":286.0,"carjacking":0.0,"house_robbery":39.0,"business_robbery":6.5,"drugs":2502.8,"firearms":39.0}},"geometry":{"type":"Polygon","coordinates":[[[18.93888,-33.1963],[18.93836,-33.19467],[18.93706,-33.19359],[18.92664,-33.18988],[18.92231,-33.18755],[18.92125,-33.18623],[18.92145,-33.18038],[18.91793,-33.17225],[18.91783,-33.17028],[18.91484,-33.16623],[18.91133,-33.16561],[18.9101,-33.16417],[18.91008,-33.1632],[18.91221,-33.16009],[18.91208,-33.15866],[18.91129,-33.1578],[18.90455,-33.15793],[18.89986,-33.15869],[18.89892,-33.15971],[18.89622,-33.15981],[18.89447,-33.15901],[18.88641,-33.15893],[18.88706,-33.17859],[18.8756,-33.18957],[18.85927,-33.19095],[18.88063,-33.19943],[18.88089,-33.21233],[18.86462,-33.22826],[18.85815,-33.22365],[18.82962,-33.22517],[18.80863,-33.22018],[18.80506,-33.23649],[18.78874,-33.24561],[18.7853,-33.25894],[18.78341,-33.25906],[18.78376,-33.26311],[18.78949,-33.27384],[18.78386,-33.27011],[18.77852,-33.27424],[18.75718,-33.27872],[18.75582,-33.27529],[18.75075,-33.27823],[18.75674,-33.28636],[18.74342,-33.28953],[18.75243,-33.31083],[18.75404,-33.30912],[18.75897,-33.29996],[18.76968,-33.30839],[18.76265,-33.32671],[18.76095,-33.3513],[18.78343,-33.32438],[18.78802,-33.34201],[18.79872,-33.35406],[18.80394,-33.35548],[18.80363,-33.35677],[18.80554,-33.35734],[18.80582,-33.35597],[18.81628,-33.3622],[18.83843,-33.35051],[18.84303,-33.35323],[18.84385,-33.35589],[18.84764,-33.35932],[18.84979,-33.3603],[18.85361,-33.36723],[18.86169,-33.3753],[18.86635,-33.37844],[18.87333,-33.38487],[18.88113,-33.38732],[18.87261,-33.39824],[18.87608,-33.41766],[18.87689,-33.44813],[18.88232,-33.46329],[18.88207,-33.4864],[18.89178,-33.50298],[18.89784,-33.5064],[18.89871,-33.51596],[18.90083,-33.51561],[18.90486,-33.53496],[18.90857,-33.54347],[18.91035,-33.54505],[18.91348,-33.55142],[18.93867,-33.5458],[18.93722,-33.54399],[18.93708,-33.53937],[18.93645,-33.53812],[18.93488,-33.53744],[18.93417,-33.53132],[18.93105,-33.52504],[18.93274,-33.52266],[18.9366,-33.52284],[18.93901,-33.52192],[18.93971,-33.52096],[18.93959,-33.51924],[18.96453,-33.51535],[18.96503,-33.52376],[18.97023,-33.52319],[18.97401,-33.52216],[18.97711,-33.5202],[18.98121,-33.51971],[18.98265,-33.51846],[18.98637,-33.51218],[18.98959,-33.50368],[18.99123,-33.5023],[18.99837,-33.50021],[19.00165,-33.50235],[19.00459,-33.50225],[19.01118,-33.50674],[19.02683,-33.51047],[19.02831,-33.50525],[19.03287,-33.50447],[19.03171,-33.51879],[19.07878,-33.51797],[19.10369,-33.52261],[19.11139,-33.50909],[19.08642,-33.43099],[19.08621,-33.41862],[19.08488,-33.40007],[19.06862,-33.40003],[19.00365,-33.39631],[19.00056,-33.39651],[18.99899,-33.39753],[18.99541,-33.39554],[18.99368,-33.39652],[18.99219,-33.39496],[18.99275,-33.39392],[18.99208,-33.39281],[18.98885,-33.38974],[18.989,-33.38821],[18.99292,-33.38327],[18.99309,-33.3821],[18.99047,-33.38055],[18.98512,-33.38028],[18.98477,-33.37789],[18.99082,-33.37186],[18.99065,-33.36912],[18.99403,-33.36488],[18.99167,-33.36369],[18.98726,-33.36295],[18.98587,-33.36213],[18.9855,-33.36101],[18.98878,-33.35722],[18.99253,-33.35476],[18.99285,-33.3539],[18.99002,-33.35154],[18.98673,-33.34696],[18.98111,-33.34502],[18.97904,-33.3415],[18.97933,-33.34004],[18.98532,-33.33565],[18.98745,-33.33246],[18.98941,-33.33199],[18.98975,-33.33125],[18.98698,-33.32922],[18.98038,-33.32847],[18.97928,-33.32508],[18.97994,-33.32229],[18.97821,-33.31866],[18.9788,-33.31726],[18.98436,-33.31285],[18.99056,-33.31387],[18.99576,-33.31361],[18.99613,-33.31302],[18.99512,-33.31215],[18.99534,-33.31084],[18.99733,-33.30747],[18.99415,-33.30612],[18.99085,-33.30605],[18.98836,-33.30525],[18.98846,-33.30287],[18.99059,-33.30062],[18.98831,-33.29853],[18.97935,-33.29666],[18.98106,-33.29333],[18.98104,-33.29209],[18.97496,-33.28993],[18.97293,-33.28814],[18.97595,-33.28164],[18.97514,-33.27841],[18.97266,-33.27611],[18.96655,-33.27458],[18.96512,-33.27092],[18.96525,-33.26896],[18.96431,-33.26763],[18.9608,-33.26645],[18.95522,-33.26715],[18.95179,-33.2665],[18.9507,-33.26526],[18.952,-33.26311],[18.95429,-33.26146],[18.95451,-33.25923],[18.95228,-33.2553],[18.95014,-33.25469],[18.94669,-33.2549],[18.94555,-33.25292],[18.95009,-33.24861],[18.95062,-33.24719],[18.94739,-33.24127],[18.94718,-33.23938],[18.95601,-33.23389],[18.95649,-33.23308],[18.95684,-33.23006],[18.95591,-33.22869],[18.95719,-33.22457],[18.95706,-33.22258],[18.95543,-33.21945],[18.95082,-33.21707],[18.94849,-33.2134],[18.9433,-33.20855],[18.94385,-33.20751],[18.94808,-33.20486],[18.94698,-33.20233],[18.94203,-33.20096],[18.93578,-33.203],[18.9322,-33.20306],[18.93186,-33.20091],[18.93669,-33.19835],[18.93888,-33.1963]]]}},{"type":"Feature","id":"Wellington","properties":{"name":"Wellington","includes":["Wellington"],"district":"Cape Winelands","population":61476,"rate_reliable":true,"counts":{"all17":2602,"contact":1001,"property":491,"murder":15,"attempted_murder":22,"sexual":60,"robbery_agg":90,"robbery_common":46,"assault_gbh":255,"assault_common":513,"burglary_res":205,"burglary_nonres":123,"theft_vehicle":17,"theft_from_vehicle":126,"carjacking":4,"house_robbery":13,"business_robbery":8,"drugs":962,"firearms":27},"previous":{"all17":2495,"contact":988,"property":483,"murder":18,"attempted_murder":26,"sexual":52,"robbery_agg":88,"robbery_common":49,"assault_gbh":269,"assault_common":486,"burglary_res":213,"burglary_nonres":125,"theft_vehicle":15,"theft_from_vehicle":128,"carjacking":8,"house_robbery":5,"business_robbery":6,"drugs":646,"firearms":19},"rates":{"all17":4232.5,"contact":1628.3,"property":798.7,"murder":24.4,"attempted_murder":35.8,"sexual":97.6,"robbery_agg":146.4,"robbery_common":74.8,"assault_gbh":414.8,"assault_common":834.5,"burglary_res":333.5,"burglary_nonres":200.1,"theft_vehicle":27.7,"theft_from_vehicle":205.0,"carjacking":6.5,"house_robbery":21.1,"business_robbery":13.0,"drugs":1564.8,"firearms":43.9}},"geometry":{"type":"Polygon","coordinates":[[[19.10369,-33.52261],[19.07878,-33.51797],[19.03171,-33.51879],[19.03287,-33.50447],[19.02831,-33.50525],[19.02683,-33.51047],[19.01118,-33.50674],[19.00459,-33.50225],[19.00165,-33.50235],[18.99837,-33.50021],[18.99123,-33.5023],[18.98959,-33.50368],[18.98637,-33.51218],[18.98265,-33.51846],[18.98121,-33.51971],[18.97711,-33.5202],[18.97401,-33.52216],[18.97023,-33.52319],[18.96503,-33.52376],[18.96453,-33.51535],[18.93959,-33.51924],[18.93971,-33.52096],[18.93901,-33.52192],[18.9366,-33.52284],[18.93274,-33.52266],[18.93105,-33.52504],[18.93417,-33.53132],[18.93488,-33.53744],[18.93645,-33.53812],[18.93708,-33.53937],[18.93722,-33.54399],[18.93867,-33.5458],[18.91348,-33.55142],[18.89978,-33.55098],[18.89839,-33.55357],[18.8957,-33.56545],[18.89284,-33.57143],[18.91504,-33.58743],[18.92909,-33.60097],[18.93897,-33.61915],[18.94807,-33.63004],[18.95183,-33.63561],[18.95938,-33.65214],[18.96796,-33.65048],[18.96778,-33.65185],[18.96667,-33.65314],[18.96694,-33.65574],[18.96558,-33.65751],[18.96543,-33.65954],[18.97067,-33.66682],[18.98076,-33.66682],[18.9826,-33.66747],[18.98319,-33.66838],[18.98508,-33.66789],[18.99,-33.66981],[19.00039,-33.66845],[19.00066,-33.66695],[19.00268,-33.66732],[19.00496,-33.66814],[19.00593,-33.66933],[19.01109,-33.67825],[19.0169,-33.67825],[19.01929,-33.67731],[19.03479,-33.67839],[19.03935,-33.68133],[19.04838,-33.68334],[19.05463,-33.68359],[19.05533,-33.68259],[19.0555,-33.67952],[19.0685,-33.68758],[19.08467,-33.6913],[19.09037,-33.68447],[19.1072,-33.68581],[19.12382,-33.6754],[19.12749,-33.66375],[19.14754,-33.65602],[19.12688,-33.63904],[19.10202,-33.60668],[19.10652,-33.59],[19.10456,-33.55852],[19.10764,-33.54412],[19.1071,-33.54106],[19.09959,-33.52979],[19.10369,-33.52261]]]}},{"type":"Feature","id":"Tulbagh","properties":{"name":"Tulbagh","includes":["Tulbagh"],"district":"Cape Winelands","population":27341,"rate_reliable":true,"counts":{"all17":919,"contact":422,"property":179,"murder":13,"attempted_murder":0,"sexual":27,"robbery_agg":16,"robbery_common":10,"assault_gbh":205,"assault_common":151,"burglary_res":107,"burglary_nonres":41,"theft_vehicle":1,"theft_from_vehicle":23,"carjacking":0,"house_robbery":2,"business_robbery":7,"drugs":449,"firearms":4},"previous":{"all17":783,"contact":304,"property":199,"murder":11,"attempted_murder":6,"sexual":21,"robbery_agg":14,"robbery_common":6,"assault_gbh":144,"assault_common":102,"burglary_res":121,"burglary_nonres":35,"theft_vehicle":1,"theft_from_vehicle":36,"carjacking":0,"house_robbery":1,"business_robbery":2,"drugs":350,"firearms":2},"rates":{"all17":3361.3,"contact":1543.5,"property":654.7,"murder":47.5,"attempted_murder":0.0,"sexual":98.8,"robbery_agg":58.5,"robbery_common":36.6,"assault_gbh":749.8,"assault_common":552.3,"burglary_res":391.4,"burglary_nonres":150.0,"theft_vehicle":3.7,"theft_from_vehicle":84.1,"carjacking":0.0,"house_robbery":7.3,"business_robbery":25.6,"drugs":1642.2,"firearms":14.6}},"geometry":{"type":"Polygon","coordinates":[[[19.22971,-33.31651],[19.22313,-33.29102],[19.22797,-33.29031],[19.22679,-33.28052],[19.22099,-33.2644],[19.22017,-33.236],[19.21197,-33.23304],[19.20826,-33.22149],[19.2153,-33.20981],[19.21387,-33.18645],[19.21346,-33.08941],[19.17306,-33.09184],[19.14626,-33.10606],[19.08963,-33.11399],[19.0725,-33.12758],[19.0741,-33.13162],[19.08394,-33.12127],[19.10531,-33.14526],[19.11798,-33.16327],[19.13457,-33.17221],[19.13104,-33.17831],[19.12373,-33.18564],[19.09499,-33.18236],[19.08401,-33.20145],[19.08561,-33.22351],[19.07875,-33.22907],[19.07868,-33.23035],[19.08219,-33.23591],[19.08351,-33.23661],[19.08287,-33.23889],[19.06303,-33.23114],[19.03547,-33.23373],[18.99522,-33.2481],[19.00667,-33.25964],[18.99316,-33.26231],[18.99197,-33.25694],[18.98512,-33.25476],[18.97979,-33.25698],[18.95451,-33.25931],[18.95429,-33.26146],[18.952,-33.26311],[18.95072,-33.26501],[18.95179,-33.2665],[18.95539,-33.26716],[18.9608,-33.26645],[18.96431,-33.26763],[18.96525,-33.26896],[18.96512,-33.27092],[18.96655,-33.27458],[18.97266,-33.27611],[18.97514,-33.27841],[18.97595,-33.28164],[18.97293,-33.28814],[18.97496,-33.28993],[18.98104,-33.29209],[18.98106,-33.29333],[18.97935,-33.29666],[18.98831,-33.29853],[18.99059,-33.30062],[18.98846,-33.30287],[18.98836,-33.30525],[18.99085,-33.30605],[18.99415,-33.30612],[18.99733,-33.30747],[18.99534,-33.31084],[18.99512,-33.31215],[18.99613,-33.31302],[18.99576,-33.31361],[18.99056,-33.31387],[18.98436,-33.31285],[18.9788,-33.31726],[18.97821,-33.31866],[18.97994,-33.32229],[18.97928,-33.32508],[18.98038,-33.32847],[18.98698,-33.32922],[18.98975,-33.33125],[18.98941,-33.33199],[18.98715,-33.33272],[18.9862,-33.33473],[18.97933,-33.34004],[18.97906,-33.34118],[18.97983,-33.34355],[18.98111,-33.34502],[18.98673,-33.34696],[18.99002,-33.35154],[18.99285,-33.3539],[18.99253,-33.35476],[18.98878,-33.35722],[18.9862,-33.35979],[18.98556,-33.36159],[18.98726,-33.36295],[18.99167,-33.36369],[18.99403,-33.36488],[18.99065,-33.36912],[18.99082,-33.37186],[18.98593,-33.3763],[18.98477,-33.37789],[18.98468,-33.37952],[18.98539,-33.38033],[18.99088,-33.38066],[18.99309,-33.3821],[18.99292,-33.38327],[18.98958,-33.38719],[18.9887,-33.38942],[18.98965,-33.39098],[18.99208,-33.39281],[18.99275,-33.39392],[18.99219,-33.39496],[18.99368,-33.39652],[18.99541,-33.39554],[18.99899,-33.39753],[19.00056,-33.39651],[19.00365,-33.39631],[19.06862,-33.40003],[19.08488,-33.40007],[19.08315,-33.35087],[19.10533,-33.34978],[19.10914,-33.34855],[19.1286,-33.34826],[19.13111,-33.35204],[19.13742,-33.36606],[19.14203,-33.36951],[19.1471,-33.35714],[19.16552,-33.35411],[19.16224,-33.34503],[19.16734,-33.34391],[19.16081,-33.32987],[19.18578,-33.32113],[19.18896,-33.32429],[19.2135,-33.32238],[19.22971,-33.31651]]]}},{"type":"Feature","id":"Harare","properties":{"name":"Harare","includes":["Harare","Makhaza"],"district":"City of Cape Town","population":283459,"rate_reliable":true,"counts":{"all17":5353,"contact":3683,"property":549,"murder":274,"attempted_murder":96,"sexual":287,"robbery_agg":1107,"robbery_common":179,"assault_gbh":653,"assault_common":1087,"burglary_res":346,"burglary_nonres":39,"theft_vehicle":106,"theft_from_vehicle":58,"carjacking":245,"house_robbery":120,"business_robbery":10,"drugs":1358,"firearms":86},"previous":{"all17":5625,"contact":3855,"property":597,"murder":262,"attempted_murder":95,"sexual":307,"robbery_agg":1264,"robbery_common":127,"assault_gbh":646,"assault_common":1154,"burglary_res":371,"burglary_nonres":49,"theft_vehicle":118,"theft_from_vehicle":59,"carjacking":337,"house_robbery":208,"business_robbery":22,"drugs":969,"firearms":95},"rates":{"all17":1888.5,"contact":1299.3,"property":193.7,"murder":96.7,"attempted_murder":33.9,"sexual":101.2,"robbery_agg":390.5,"robbery_common":63.1,"assault_gbh":230.4,"assault_common":383.5,"burglary_res":122.1,"burglary_nonres":13.8,"theft_vehicle":37.4,"theft_from_vehicle":20.5,"carjacking":86.4,"house_robbery":42.3,"business_robbery":3.5,"drugs":479.1,"firearms":30.3}},"geometry":{"type":"Polygon","coordinates":[[[18.72361,-34.03868],[18.69153,-34.02435],[18.69073,-34.03059],[18.69146,-34.0318],[18.69001,-34.03239],[18.68954,-34.03612],[18.68776,-34.03699],[18.68235,-34.03661],[18.67992,-34.03787],[18.68298,-34.04043],[18.68506,-34.04329],[18.68427,-34.04423],[18.68162,-34.04506],[18.67441,-34.04952],[18.66622,-34.05245],[18.66057,-34.05948],[18.65763,-34.0607],[18.65505,-34.06297],[18.66077,-34.06761],[18.66825,-34.07104],[18.66844,-34.07407],[18.67865,-34.07409],[18.68503,-34.07546],[18.68586,-34.07541],[18.68643,-34.07394],[18.69191,-34.07335],[18.69285,-34.07285],[18.69294,-34.07199],[18.69597,-34.07054],[18.71385,-34.05578],[18.72361,-34.03868]]]}},{"type":"Feature","id":"Kleinvlei","properties":{"name":"Kleinvlei","includes":["Kleinvlei"],"district":"City of Cape Town","population":154110,"rate_reliable":true,"counts":{"all17":4444,"contact":2283,"property":597,"murder":69,"attempted_murder":97,"sexual":89,"robbery_agg":445,"robbery_common":170,"assault_gbh":300,"assault_common":1113,"burglary_res":337,"burglary_nonres":24,"theft_vehicle":89,"theft_from_vehicle":146,"carjacking":86,"house_robbery":22,"business_robbery":10,"drugs":2489,"firearms":59},"previous":{"all17":4529,"contact":2389,"property":574,"murder":90,"attempted_murder":116,"sexual":119,"robbery_agg":491,"robbery_common":152,"assault_gbh":322,"assault_common":1099,"burglary_res":315,"burglary_nonres":23,"theft_vehicle":101,"theft_from_vehicle":134,"carjacking":87,"house_robbery":36,"business_robbery":14,"drugs":2080,"firearms":59},"rates":{"all17":2883.7,"contact":1481.4,"property":387.4,"murder":44.8,"attempted_murder":62.9,"sexual":57.8,"robbery_agg":288.8,"robbery_common":110.3,"assault_gbh":194.7,"assault_common":722.2,"burglary_res":218.7,"burglary_nonres":15.6,"theft_vehicle":57.8,"theft_from_vehicle":94.7,"carjacking":55.8,"house_robbery":14.3,"business_robbery":6.5,"drugs":1615.1,"firearms":38.3}},"geometry":{"type":"Polygon","coordinates":[[[18.70728,-33.96948],[18.69282,-33.97674],[18.68803,-33.97611],[18.69135,-33.98417],[18.68803,-33.99837],[18.6916,-34.00753],[18.69258,-34.01188],[18.69153,-34.02435],[18.72361,-34.03868],[18.72896,-34.0308],[18.7421,-34.02121],[18.73576,-34.0086],[18.73499,-34.0054],[18.73656,-34.00421],[18.74492,-34.00629],[18.74884,-34.0061],[18.75177,-34.00521],[18.74639,-33.99833],[18.75468,-33.99476],[18.73299,-33.98624],[18.72466,-33.98939],[18.71303,-33.97839],[18.70728,-33.96948]]]}},{"type":"Feature","id":"Grabouw","properties":{"name":"Grabouw","includes":["Grabouw"],"district":"Overberg","population":60503,"rate_reliable":true,"counts":{"all17":1175,"contact":531,"property":248,"murder":55,"attempted_murder":16,"sexual":48,"robbery_agg":50,"robbery_common":8,"assault_gbh":127,"assault_common":227,"burglary_res":160,"burglary_nonres":36,"theft_vehicle":14,"theft_from_vehicle":37,"carjacking":1,"house_robbery":5,"business_robbery":5,"drugs":936,"firearms":21},"previous":{"all17":1275,"contact":541,"property":316,"murder":47,"attempted_murder":24,"sexual":39,"robbery_agg":69,"robbery_common":15,"assault_gbh":127,"assault_common":220,"burglary_res":168,"burglary_nonres":98,"theft_vehicle":3,"theft_from_vehicle":45,"carjacking":3,"house_robbery":10,"business_robbery":6,"drugs":731,"firearms":19},"rates":{"all17":1942.1,"contact":877.6,"property":409.9,"murder":90.9,"attempted_murder":26.4,"sexual":79.3,"robbery_agg":82.6,"robbery_common":13.2,"assault_gbh":209.9,"assault_common":375.2,"burglary_res":264.4,"burglary_nonres":59.5,"theft_vehicle":23.1,"theft_from_vehicle":61.2,"carjacking":1.7,"house_robbery":8.3,"business_robbery":8.3,"drugs":1547.0,"firearms":34.7}},"geometry":{"type":"Polygon","coordinates":[[[19.20002,-34.17131],[19.20114,-34.16152],[19.1797,-34.15031],[19.17887,-34.1474],[19.17107,-34.15362],[19.16135,-34.15763],[19.13576,-34.14146],[19.10041,-34.12852],[19.08496,-34.11747],[19.06433,-34.09925],[19.06121,-34.08834],[19.06288,-34.07918],[19.07549,-34.0599],[19.07341,-34.05169],[19.02644,-34.0205],[18.98718,-34.03519],[19.00538,-34.07419],[18.96708,-34.10296],[18.94394,-34.13815],[18.93593,-34.1417],[18.92785,-34.14843],[18.92874,-34.15045],[18.93006,-34.15141],[18.93384,-34.15021],[18.9388,-34.15285],[18.94161,-34.15314],[18.93859,-34.15463],[18.93442,-34.15393],[18.93206,-34.15455],[18.93202,-34.1538],[18.92879,-34.15451],[18.92825,-34.15517],[18.92701,-34.15508],[18.92528,-34.15669],[18.92263,-34.15723],[18.92363,-34.15839],[18.92338,-34.1593],[18.9223,-34.15901],[18.92102,-34.15975],[18.91912,-34.15906],[18.91742,-34.16062],[18.91474,-34.16054],[18.91387,-34.16145],[18.91056,-34.16236],[18.90695,-34.16438],[18.90133,-34.166],[18.90066,-34.16641],[18.90116,-34.16789],[18.8962,-34.16843],[18.88983,-34.17137],[18.86908,-34.17761],[18.858,-34.18001],[18.8498,-34.18105],[18.84724,-34.18273],[18.84773,-34.18447],[18.85282,-34.18737],[18.85348,-34.18885],[18.85552,-34.18877],[18.85956,-34.21402],[18.87537,-34.22932],[18.88022,-34.24816],[18.86779,-34.25724],[18.86569,-34.26394],[18.85022,-34.27024],[18.84641,-34.26958],[18.84067,-34.27579],[18.82994,-34.28385],[18.8253,-34.2847],[18.82481,-34.28743],[18.822,-34.29169],[18.82202,-34.29637],[18.82318,-34.29833],[18.82248,-34.30068],[18.82704,-34.30339],[18.83307,-34.31222],[18.84369,-34.30849],[18.86588,-34.32254],[18.86682,-34.33252],[18.85499,-34.34069],[18.87435,-34.35068],[18.90002,-34.35607],[18.93002,-34.32789],[18.94341,-34.33779],[18.99216,-34.31697],[18.99302,-34.31281],[19.00822,-34.31405],[19.00994,-34.33178],[19.04181,-34.3235],[19.07273,-34.31809],[19.06011,-34.28961],[19.0797,-34.29522],[19.08206,-34.28736],[19.06833,-34.27371],[19.08289,-34.26982],[19.13001,-34.2617],[19.14329,-34.25244],[19.15216,-34.22759],[19.14901,-34.21707],[19.18113,-34.21929],[19.18503,-34.22061],[19.17732,-34.20052],[19.18964,-34.19645],[19.199,-34.19876],[19.20002,-34.17131]]]}},{"type":"Feature","id":"Hermanus","properties":{"name":"Hermanus","includes":["Hermanus"],"district":"Overberg","population":60400,"rate_reliable":true,"counts":{"all17":2803,"contact":1044,"property":420,"murder":12,"attempted_murder":28,"sexual":78,"robbery_agg":103,"robbery_common":59,"assault_gbh":240,"assault_common":524,"burglary_res":281,"burglary_nonres":36,"theft_vehicle":14,"theft_from_vehicle":89,"carjacking":1,"house_robbery":21,"business_robbery":2,"drugs":2553,"firearms":13},"previous":{"all17":2845,"contact":1036,"property":512,"murder":26,"attempted_murder":35,"sexual":56,"robbery_agg":134,"robbery_common":71,"assault_gbh":213,"assault_common":501,"burglary_res":331,"burglary_nonres":39,"theft_vehicle":18,"theft_from_vehicle":123,"carjacking":0,"house_robbery":25,"business_robbery":3,"drugs":2256,"firearms":20},"rates":{"all17":4640.7,"contact":1728.5,"property":695.4,"murder":19.9,"attempted_murder":46.4,"sexual":129.1,"robbery_agg":170.5,"robbery_common":97.7,"assault_gbh":397.4,"assault_common":867.5,"burglary_res":465.2,"burglary_nonres":59.6,"theft_vehicle":23.2,"theft_from_vehicle":147.4,"carjacking":1.7,"house_robbery":34.8,"business_robbery":3.3,"drugs":4226.8,"firearms":21.5}},"geometry":{"type":"Polygon","coordinates":[[[19.09721,-34.36807],[19.1179,-34.38614],[19.12477,-34.39487],[19.1256,-34.39966],[19.12311,-34.40155],[19.1194,-34.40301],[19.1179,-34.40626],[19.11807,-34.40873],[19.11929,-34.41076],[19.12259,-34.41263],[19.12278,-34.41347],[19.12197,-34.4147],[19.12298,-34.41604],[19.12447,-34.41689],[19.13521,-34.41863],[19.13479,-34.42019],[19.13998,-34.42096],[19.14011,-34.4217],[19.13936,-34.42229],[19.14101,-34.42342],[19.14464,-34.4232],[19.14657,-34.4214],[19.15379,-34.42216],[19.15812,-34.41945],[19.15894,-34.41827],[19.1636,-34.41864],[19.1686,-34.41602],[19.17238,-34.41579],[19.173,-34.41893],[19.17365,-34.41952],[19.17779,-34.41983],[19.17843,-34.41859],[19.18,-34.41877],[19.18242,-34.41966],[19.18418,-34.42168],[19.18807,-34.42244],[19.18951,-34.42368],[19.19217,-34.42804],[19.19416,-34.42927],[19.19571,-34.4296],[19.20261,-34.42775],[19.20487,-34.42845],[19.20432,-34.43165],[19.20311,-34.43363],[19.20307,-34.4355],[19.20424,-34.43602],[19.2045,-34.43499],[19.20564,-34.43499],[19.2067,-34.4362],[19.20879,-34.43707],[19.21833,-34.4378],[19.22578,-34.43545],[19.22534,-34.43307],[19.2271,-34.43144],[19.22769,-34.42984],[19.23011,-34.42973],[19.23269,-34.4275],[19.23261,-34.42666],[19.23504,-34.42585],[19.23582,-34.42345],[19.23843,-34.42188],[19.24278,-34.42341],[19.24366,-34.42291],[19.24417,-34.42236],[19.24359,-34.42068],[19.24455,-34.42032],[19.24519,-34.41845],[19.24893,-34.41668],[19.25007,-34.41472],[19.25309,-34.41245],[19.25515,-34.41299],[19.26223,-34.41074],[19.26428,-34.41089],[19.26704,-34.40855],[19.27006,-34.40921],[19.27193,-34.40773],[19.27547,-34.40903],[19.27791,-34.41071],[19.2809,-34.4112],[19.28265,-34.41258],[19.28613,-34.41317],[19.29112,-34.41514],[19.29637,-34.41948],[19.30384,-34.42386],[19.30551,-34.42316],[19.3064,-34.42089],[19.30591,-34.41936],[19.30445,-34.41847],[19.30461,-34.41717],[19.30948,-34.41563],[19.31167,-34.41335],[19.31589,-34.41157],[19.32303,-34.41157],[19.32741,-34.41271],[19.33057,-34.41473],[19.34128,-34.41652],[19.35184,-34.41611],[19.36895,-34.41303],[19.37638,-34.41261],[19.37544,-34.4096],[19.37408,-34.39768],[19.37908,-34.38545],[19.34835,-34.39277],[19.35168,-34.38749],[19.30062,-34.37521],[19.29344,-34.36701],[19.30528,-34.35591],[19.29741,-34.34566],[19.30686,-34.34017],[19.30388,-34.32873],[19.27241,-34.31948],[19.25789,-34.31618],[19.25689,-34.31783],[19.21343,-34.32658],[19.21111,-34.3092],[19.2109,-34.29352],[19.18882,-34.31172],[19.17739,-34.3062],[19.17273,-34.30093],[19.16459,-34.29408],[19.16129,-34.29506],[19.15791,-34.29873],[19.15749,-34.30081],[19.15928,-34.30173],[19.15769,-34.30279],[19.1563,-34.30668],[19.15385,-34.30622],[19.15249,-34.30668],[19.14994,-34.31166],[19.14396,-34.31252],[19.13906,-34.31184],[19.13699,-34.31293],[19.137,-34.31389],[19.1388,-34.31592],[19.13947,-34.31935],[19.12382,-34.32944],[19.09721,-34.36807]]]}},{"type":"Feature","id":"Kleinmond","properties":{"name":"Kleinmond","includes":["Kleinmond"],"district":"Overberg","population":12178,"rate_reliable":true,"counts":{"all17":864,"contact":268,"property":138,"murder":2,"attempted_murder":2,"sexual":17,"robbery_agg":8,"robbery_common":12,"assault_gbh":92,"assault_common":135,"burglary_res":83,"burglary_nonres":2,"theft_vehicle":10,"theft_from_vehicle":43,"carjacking":0,"house_robbery":4,"business_robbery":0,"drugs":412,"firearms":1},"previous":{"all17":854,"contact":242,"property":156,"murder":3,"attempted_murder":3,"sexual":16,"robbery_agg":10,"robbery_common":9,"assault_gbh":100,"assault_common":101,"burglary_res":120,"burglary_nonres":2,"theft_vehicle":1,"theft_from_vehicle":33,"carjacking":0,"house_robbery":4,"business_robbery":2,"drugs":252,"firearms":1},"rates":{"all17":7094.8,"contact":2200.7,"property":1133.2,"murder":16.4,"attempted_murder":16.4,"sexual":139.6,"robbery_agg":65.7,"robbery_common":98.5,"assault_gbh":755.5,"assault_common":1108.6,"burglary_res":681.6,"burglary_nonres":16.4,"theft_vehicle":82.1,"theft_from_vehicle":353.1,"carjacking":0.0,"house_robbery":32.8,"business_robbery":0.0,"drugs":3383.1,"firearms":8.2}},"geometry":{"type":"Polygon","coordinates":[[[18.82284,-34.29934],[18.82147,-34.30026],[18.81889,-34.29779],[18.81517,-34.2979],[18.81371,-34.29626],[18.81298,-34.29633],[18.81212,-34.29946],[18.81293,-34.29987],[18.81272,-34.30317],[18.81397,-34.30406],[18.81285,-34.305],[18.81499,-34.30564],[18.81436,-34.30726],[18.81243,-34.30867],[18.81085,-34.30864],[18.81084,-34.30941],[18.81146,-34.31072],[18.81336,-34.31203],[18.81714,-34.31069],[18.81849,-34.31087],[18.81906,-34.31169],[18.81875,-34.31397],[18.81671,-34.31459],[18.81641,-34.31533],[18.81724,-34.31663],[18.8161,-34.31762],[18.81607,-34.31844],[18.81701,-34.3203],[18.81777,-34.32],[18.81856,-34.32063],[18.81795,-34.32207],[18.81876,-34.32423],[18.81978,-34.32527],[18.82049,-34.32496],[18.82144,-34.3256],[18.82012,-34.32836],[18.82099,-34.32893],[18.82038,-34.33111],[18.82234,-34.33436],[18.82523,-34.33714],[18.82782,-34.33804],[18.82943,-34.33775],[18.82981,-34.33855],[18.83192,-34.33926],[18.83081,-34.34084],[18.83091,-34.34321],[18.82878,-34.34572],[18.82565,-34.34662],[18.82536,-34.34586],[18.82215,-34.34564],[18.8212,-34.34699],[18.81943,-34.34791],[18.81316,-34.34755],[18.81186,-34.34684],[18.80959,-34.34882],[18.81037,-34.35017],[18.81562,-34.35474],[18.81667,-34.35698],[18.81767,-34.35686],[18.81762,-34.35765],[18.81609,-34.35851],[18.81641,-34.3599],[18.81511,-34.36352],[18.81519,-34.3644],[18.81655,-34.36556],[18.81863,-34.36622],[18.81884,-34.36699],[18.81808,-34.36711],[18.81772,-34.36849],[18.81941,-34.36946],[18.81893,-34.37318],[18.81955,-34.37365],[18.8246,-34.37331],[18.82695,-34.37605],[18.82717,-34.37839],[18.82647,-34.38063],[18.82177,-34.38132],[18.82186,-34.38279],[18.82289,-34.38366],[18.82524,-34.38341],[18.82672,-34.38415],[18.82668,-34.38645],[18.82595,-34.38685],[18.82618,-34.38818],[18.83274,-34.38733],[18.83561,-34.38837],[18.83679,-34.38712],[18.83652,-34.38631],[18.83511,-34.38582],[18.83162,-34.38214],[18.83209,-34.38052],[18.83561,-34.3784],[18.83979,-34.3792],[18.84011,-34.37983],[18.84295,-34.37826],[18.84836,-34.38112],[18.84836,-34.38205],[18.84998,-34.38396],[18.8524,-34.38442],[18.85476,-34.38355],[18.85476,-34.38497],[18.85366,-34.38598],[18.85404,-34.38767],[18.85262,-34.38805],[18.85254,-34.38879],[18.85449,-34.39004],[18.85457,-34.39094],[18.85557,-34.39099],[18.85588,-34.38862],[18.85974,-34.38877],[18.86025,-34.38927],[18.86186,-34.38892],[18.86221,-34.38824],[18.86146,-34.38776],[18.86179,-34.38707],[18.86024,-34.38605],[18.8586,-34.3828],[18.85727,-34.38196],[18.85788,-34.37863],[18.85641,-34.37831],[18.85696,-34.37687],[18.85862,-34.37501],[18.8617,-34.37493],[18.86221,-34.37289],[18.86866,-34.36978],[18.87026,-34.36793],[18.87645,-34.36896],[18.88274,-34.37254],[18.88757,-34.37203],[18.89301,-34.37483],[18.89397,-34.37451],[18.89456,-34.37328],[18.8931,-34.37165],[18.89538,-34.36958],[18.89562,-34.3675],[18.89922,-34.36789],[18.9008,-34.36477],[18.9072,-34.35842],[18.91573,-34.35718],[18.93194,-34.358],[18.93336,-34.35701],[18.9333,-34.3553],[18.93879,-34.35671],[18.94187,-34.35841],[18.94553,-34.35877],[18.94785,-34.35862],[18.94828,-34.35805],[18.9508,-34.35936],[18.95028,-34.36024],[18.96716,-34.3628],[18.96737,-34.36211],[18.96642,-34.3609],[18.97061,-34.35937],[18.97451,-34.35997],[18.97661,-34.35909],[18.97857,-34.35702],[18.9801,-34.35331],[18.98599,-34.34866],[18.98859,-34.34827],[18.99988,-34.34322],[19.00499,-34.34631],[19.01209,-34.34602],[19.01467,-34.347],[19.01753,-34.34674],[19.0189,-34.34576],[19.022,-34.34577],[19.0264,-34.34478],[19.02886,-34.34533],[19.03043,-34.34454],[19.03358,-34.34475],[19.03482,-34.34549],[19.03835,-34.34147],[19.04253,-34.34118],[19.0465,-34.34209],[19.04989,-34.34397],[19.05133,-34.34389],[19.05859,-34.34651],[19.06911,-34.35125],[19.07756,-34.35637],[19.08406,-34.35941],[19.09721,-34.36807],[19.12382,-34.32944],[19.13947,-34.31935],[19.1388,-34.31592],[19.137,-34.31389],[19.13699,-34.31293],[19.13906,-34.31184],[19.14335,-34.3125],[19.14701,-34.31212],[19.14304,-34.30378],[19.14272,-34.29854],[19.13963,-34.29943],[19.1386,-34.29736],[19.13748,-34.29688],[19.12906,-34.29681],[19.12604,-34.29861],[19.10976,-34.30351],[19.10384,-34.29625],[19.08206,-34.28736],[19.0797,-34.29522],[19.06011,-34.28961],[19.07273,-34.31809],[19.04181,-34.3235],[19.00994,-34.33178],[19.00822,-34.31405],[18.99302,-34.31281],[18.99216,-34.31697],[18.94341,-34.33779],[18.93002,-34.32789],[18.90002,-34.35607],[18.87435,-34.35068],[18.85499,-34.34069],[18.86682,-34.33252],[18.86588,-34.32254],[18.84369,-34.30849],[18.83307,-34.31222],[18.82704,-34.30339],[18.82248,-34.30068],[18.82284,-34.29934]]]}},{"type":"Feature","id":"Napier","properties":{"name":"Napier","includes":["Napier"],"district":"Overberg","population":6483,"rate_reliable":true,"counts":{"all17":468,"contact":153,"property":114,"murder":1,"attempted_murder":2,"sexual":6,"robbery_agg":9,"robbery_common":3,"assault_gbh":70,"assault_common":62,"burglary_res":87,"burglary_nonres":2,"theft_vehicle":1,"theft_from_vehicle":16,"carjacking":0,"house_robbery":1,"business_robbery":2,"drugs":323,"firearms":2},"previous":{"all17":404,"contact":158,"property":81,"murder":1,"attempted_murder":2,"sexual":4,"robbery_agg":4,"robbery_common":3,"assault_gbh":74,"assault_common":70,"burglary_res":59,"burglary_nonres":5,"theft_vehicle":1,"theft_from_vehicle":9,"carjacking":0,"house_robbery":2,"business_robbery":0,"drugs":291,"firearms":2},"rates":{"all17":7218.9,"contact":2360.0,"property":1758.4,"murder":15.4,"attempted_murder":30.8,"sexual":92.5,"robbery_agg":138.8,"robbery_common":46.3,"assault_gbh":1079.7,"assault_common":956.3,"burglary_res":1342.0,"burglary_nonres":30.8,"theft_vehicle":15.4,"theft_from_vehicle":246.8,"carjacking":0.0,"house_robbery":15.4,"business_robbery":30.8,"drugs":4982.3,"firearms":30.8}},"geometry":{"type":"Polygon","coordinates":[[[20.04048,-34.20699],[20.03247,-34.20354],[20.01099,-34.22054],[19.97781,-34.21314],[19.94007,-34.23948],[19.91775,-34.23819],[19.88048,-34.22004],[19.85613,-34.23357],[19.84544,-34.28037],[19.80522,-34.27858],[19.79775,-34.28455],[19.79446,-34.32065],[19.77473,-34.33268],[19.76063,-34.33052],[19.73032,-34.36802],[19.73681,-34.37798],[19.72977,-34.38268],[19.72617,-34.39106],[19.74052,-34.42029],[19.74599,-34.43002],[19.74213,-34.42825],[19.71928,-34.43308],[19.6959,-34.43217],[19.70277,-34.44356],[19.69471,-34.45998],[19.68332,-34.44944],[19.66297,-34.45876],[19.65398,-34.47606],[19.64262,-34.47813],[19.62862,-34.48649],[19.62788,-34.49799],[19.67304,-34.5141],[19.61828,-34.53337],[19.65415,-34.57961],[19.63284,-34.58314],[19.6285,-34.58218],[19.6385,-34.59881],[19.65593,-34.64149],[19.6841,-34.63608],[19.70951,-34.59619],[19.7043,-34.58278],[19.69359,-34.57552],[19.68818,-34.56213],[19.69228,-34.54784],[19.70278,-34.53799],[19.73174,-34.53667],[19.73456,-34.52135],[19.7585,-34.51535],[19.77297,-34.5058],[19.79281,-34.50142],[19.82621,-34.49524],[19.83341,-34.49723],[19.86196,-34.50277],[19.88555,-34.52851],[19.9029,-34.5256],[19.93307,-34.52666],[19.94743,-34.53109],[19.95139,-34.50527],[19.97847,-34.47],[19.97461,-34.46047],[19.98335,-34.43916],[19.97852,-34.4368],[19.99255,-34.40971],[19.9998,-34.39322],[20.00629,-34.39461],[20.0104,-34.38994],[20.01155,-34.38763],[20.00934,-34.37191],[20.00941,-34.36457],[20.01032,-34.36016],[20.01447,-34.35096],[20.02186,-34.34277],[20.02765,-34.33125],[20.02402,-34.30127],[20.02185,-34.29281],[20.02341,-34.28915],[20.02364,-34.28354],[20.02961,-34.27],[20.02851,-34.26385],[20.02919,-34.26065],[20.03415,-34.24894],[20.03749,-34.24408],[20.0408,-34.24164],[20.04215,-34.23937],[20.04203,-34.23753],[20.03889,-34.23122],[20.0387,-34.22894],[20.03677,-34.22447],[20.03642,-34.222],[20.03709,-34.2202],[20.04229,-34.21281],[20.04048,-34.20699]]]}},{"type":"Feature","id":"Strand","properties":{"name":"Strand","includes":["Strand"],"district":"City of Cape Town","population":66230,"rate_reliable":true,"counts":{"all17":2757,"contact":814,"property":701,"murder":16,"attempted_murder":22,"sexual":58,"robbery_agg":121,"robbery_common":74,"assault_gbh":93,"assault_common":430,"burglary_res":228,"burglary_nonres":47,"theft_vehicle":63,"theft_from_vehicle":363,"carjacking":2,"house_robbery":5,"business_robbery":11,"drugs":1945,"firearms":34},"previous":{"all17":2906,"contact":864,"property":698,"murder":11,"attempted_murder":16,"sexual":50,"robbery_agg":174,"robbery_common":65,"assault_gbh":93,"assault_common":455,"burglary_res":235,"burglary_nonres":42,"theft_vehicle":124,"theft_from_vehicle":297,"carjacking":5,"house_robbery":11,"business_robbery":12,"drugs":1777,"firearms":50},"rates":{"all17":4162.8,"contact":1229.1,"property":1058.4,"murder":24.2,"attempted_murder":33.2,"sexual":87.6,"robbery_agg":182.7,"robbery_common":111.7,"assault_gbh":140.4,"assault_common":649.3,"burglary_res":344.3,"burglary_nonres":71.0,"theft_vehicle":95.1,"theft_from_vehicle":548.1,"carjacking":3.0,"house_robbery":7.5,"business_robbery":16.6,"drugs":2936.7,"firearms":51.3}},"geometry":{"type":"Polygon","coordinates":[[[18.81039,-34.1014],[18.81325,-34.10503],[18.81931,-34.10975],[18.82114,-34.11611],[18.82343,-34.11763],[18.82434,-34.11944],[18.82597,-34.11932],[18.82928,-34.12115],[18.82968,-34.1228],[18.82874,-34.12425],[18.82942,-34.12527],[18.83335,-34.12878],[18.83671,-34.13302],[18.83975,-34.13471],[18.84548,-34.13971],[18.84917,-34.14438],[18.85252,-34.14228],[18.85328,-34.14321],[18.85449,-34.14262],[18.86824,-34.13481],[18.86123,-34.12643],[18.85749,-34.1286],[18.85503,-34.12557],[18.85336,-34.12653],[18.8472,-34.11939],[18.85217,-34.11743],[18.85277,-34.11614],[18.8445,-34.10589],[18.85148,-34.10015],[18.85605,-34.09816],[18.85688,-34.09686],[18.85655,-34.09574],[18.85526,-34.0949],[18.8528,-34.09506],[18.8491,-34.09401],[18.84805,-34.09291],[18.84683,-34.08928],[18.84327,-34.08959],[18.83935,-34.09125],[18.83819,-34.0922],[18.83698,-34.09471],[18.83256,-34.09493],[18.82976,-34.09627],[18.82777,-34.09625],[18.82602,-34.09874],[18.82374,-34.09917],[18.82321,-34.09992],[18.82033,-34.10056],[18.81864,-34.1],[18.81788,-34.10056],[18.81039,-34.1014]]]}},{"type":"Feature","id":"Lingelethu-West","properties":{"name":"Lingelethu-West","includes":["Lingelethu-West"],"district":"City of Cape Town","population":92261,"rate_reliable":true,"counts":{"all17":3216,"contact":1922,"property":400,"murder":111,"attempted_murder":57,"sexual":110,"robbery_agg":646,"robbery_common":99,"assault_gbh":200,"assault_common":699,"burglary_res":197,"burglary_nonres":54,"theft_vehicle":78,"theft_from_vehicle":70,"carjacking":230,"house_robbery":60,"business_robbery":15,"drugs":565,"firearms":46},"previous":{"all17":3148,"contact":1919,"property":353,"murder":78,"attempted_murder":55,"sexual":134,"robbery_agg":729,"robbery_common":91,"assault_gbh":174,"assault_common":658,"burglary_res":177,"burglary_nonres":41,"theft_vehicle":55,"theft_from_vehicle":80,"carjacking":255,"house_robbery":113,"business_robbery":20,"drugs":332,"firearms":44},"rates":{"all17":3485.8,"contact":2083.2,"property":433.6,"murder":120.3,"attempted_murder":61.8,"sexual":119.2,"robbery_agg":700.2,"robbery_common":107.3,"assault_gbh":216.8,"assault_common":757.6,"burglary_res":213.5,"burglary_nonres":58.5,"theft_vehicle":84.5,"theft_from_vehicle":75.9,"carjacking":249.3,"house_robbery":65.0,"business_robbery":16.3,"drugs":612.4,"firearms":49.9}},"geometry":{"type":"Polygon","coordinates":[[[18.65169,-34.02274],[18.65214,-34.01936],[18.65548,-34.01736],[18.65217,-34.01677],[18.63227,-34.01843],[18.63467,-34.03959],[18.63536,-34.04171],[18.64377,-34.04926],[18.64912,-34.05658],[18.65505,-34.06297],[18.65763,-34.0607],[18.66057,-34.05948],[18.66622,-34.05245],[18.67441,-34.04952],[18.68162,-34.04506],[18.68427,-34.04423],[18.68506,-34.04329],[18.67802,-34.03508],[18.67552,-34.0285],[18.67185,-34.0296],[18.6663,-34.02891],[18.66321,-34.0296],[18.65854,-34.02937],[18.65265,-34.0312],[18.65169,-34.02274]]]}},{"type":"Feature","id":"Groot Brakrivier","properties":{"name":"Groot Brakrivier","includes":["Groot Brakrivier"],"district":"Garden Route","population":26690,"rate_reliable":true,"counts":{"all17":661,"contact":272,"property":92,"murder":1,"attempted_murder":4,"sexual":18,"robbery_agg":8,"robbery_common":4,"assault_gbh":120,"assault_common":117,"burglary_res":65,"burglary_nonres":6,"theft_vehicle":2,"theft_from_vehicle":19,"carjacking":0,"house_robbery":2,"business_robbery":2,"drugs":111,"firearms":1},"previous":{"all17":755,"contact":316,"property":101,"murder":1,"attempted_murder":6,"sexual":13,"robbery_agg":11,"robbery_common":9,"assault_gbh":128,"assault_common":148,"burglary_res":71,"burglary_nonres":6,"theft_vehicle":5,"theft_from_vehicle":15,"carjacking":1,"house_robbery":4,"business_robbery":1,"drugs":31,"firearms":0},"rates":{"all17":2476.6,"contact":1019.1,"property":344.7,"murder":3.7,"attempted_murder":15.0,"sexual":67.4,"robbery_agg":30.0,"robbery_common":15.0,"assault_gbh":449.6,"assault_common":438.4,"burglary_res":243.5,"burglary_nonres":22.5,"theft_vehicle":7.5,"theft_from_vehicle":71.2,"carjacking":0.0,"house_robbery":7.5,"business_robbery":7.5,"drugs":415.9,"firearms":3.7}},"geometry":{"type":"Polygon","coordinates":[[[19.02027,-33.84516],[18.99446,-33.84991],[18.99303,-33.84835],[18.99144,-33.84429],[18.9854,-33.83978],[18.98139,-33.83852],[18.97911,-33.83649],[18.97642,-33.83532],[18.97382,-33.83142],[18.9695,-33.82889],[18.96942,-33.82542],[18.96582,-33.82426],[18.96428,-33.823],[18.96331,-33.81895],[18.95852,-33.81696],[18.95653,-33.81439],[18.95406,-33.81257],[18.95407,-33.81147],[18.95516,-33.81092],[18.95396,-33.80862],[18.95075,-33.81015],[18.95093,-33.81177],[18.9493,-33.81203],[18.94927,-33.81074],[18.94638,-33.81249],[18.94485,-33.80604],[18.93589,-33.80868],[18.90701,-33.8319],[18.90484,-33.84219],[18.90484,-33.86118],[18.90684,-33.86267],[18.90029,-33.86629],[18.90767,-33.87581],[18.8936,-33.87375],[18.89451,-33.88259],[18.89906,-33.87969],[18.89855,-33.88119],[18.90395,-33.88257],[18.90207,-33.88595],[18.91675,-33.89662],[18.91425,-33.90349],[18.91146,-33.90427],[18.91369,-33.90827],[18.91549,-33.90952],[18.91386,-33.91218],[18.9129,-33.91744],[18.91983,-33.91857],[18.92139,-33.92982],[18.92578,-33.93065],[18.92505,-33.93145],[18.93071,-33.93553],[18.95058,-33.94564],[18.9767,-33.95521],[18.98224,-33.94917],[18.96563,-33.93199],[18.96955,-33.91981],[18.97909,-33.91469],[19.00214,-33.94623],[19.00975,-33.94471],[19.01494,-33.94237],[19.01887,-33.94209],[19.0255,-33.94364],[19.04435,-33.93978],[19.04337,-33.9373],[19.04789,-33.93612],[19.05113,-33.93102],[19.05143,-33.91894],[19.05957,-33.91899],[19.0584,-33.91682],[19.05606,-33.91486],[19.05606,-33.90868],[19.05441,-33.9034],[19.05378,-33.89825],[19.05173,-33.89583],[19.04877,-33.89039],[19.04638,-33.8876],[19.04422,-33.88625],[19.04196,-33.88068],[19.03864,-33.88055],[19.03088,-33.87583],[19.02716,-33.87677],[19.02514,-33.87665],[19.02019,-33.87576],[19.01722,-33.87588],[19.01462,-33.87494],[19.01157,-33.87484],[19.01056,-33.87409],[19.01006,-33.87274],[19.02353,-33.86531],[19.02082,-33.85822],[19.02308,-33.85774],[19.01987,-33.84626],[19.02027,-33.84516]]]}},{"type":"Feature","id":"Mowbray","properties":{"name":"Mowbray","includes":["Mowbray"],"district":"City of Cape Town","population":11596,"rate_reliable":true,"counts":{"all17":715,"contact":121,"property":304,"murder":2,"attempted_murder":1,"sexual":2,"robbery_agg":44,"robbery_common":27,"assault_gbh":7,"assault_common":38,"burglary_res":56,"burglary_nonres":8,"theft_vehicle":52,"theft_from_vehicle":188,"carjacking":2,"house_robbery":2,"business_robbery":0,"drugs":76,"firearms":0},"previous":{"all17":790,"contact":165,"property":283,"murder":0,"attempted_murder":2,"sexual":11,"robbery_agg":58,"robbery_common":34,"assault_gbh":11,"assault_common":49,"burglary_res":87,"burglary_nonres":20,"theft_vehicle":34,"theft_from_vehicle":142,"carjacking":7,"house_robbery":3,"business_robbery":9,"drugs":72,"firearms":2},"rates":{"all17":6165.9,"contact":1043.5,"property":2621.6,"murder":17.2,"attempted_murder":8.6,"sexual":17.2,"robbery_agg":379.4,"robbery_common":232.8,"assault_gbh":60.4,"assault_common":327.7,"burglary_res":482.9,"burglary_nonres":69.0,"theft_vehicle":448.4,"theft_from_vehicle":1621.2,"carjacking":17.2,"house_robbery":17.2,"business_robbery":0.0,"drugs":655.4,"firearms":0.0}},"geometry":{"type":"Polygon","coordinates":[[[18.48727,-33.94404],[18.48533,-33.94309],[18.48325,-33.94074],[18.48259,-33.94284],[18.48137,-33.94361],[18.47383,-33.94417],[18.45153,-33.95068],[18.48075,-33.95476],[18.47955,-33.95919],[18.49358,-33.96011],[18.496,-33.96367],[18.49527,-33.96028],[18.50176,-33.96033],[18.50267,-33.9542],[18.5011,-33.95136],[18.49923,-33.95018],[18.4955,-33.9511],[18.4939,-33.95087],[18.48984,-33.94802],[18.48727,-33.94404]]]}},{"type":"Feature","id":"Hout Bay","properties":{"name":"Hout Bay","includes":["Hout Bay"],"district":"City of Cape Town","population":37186,"rate_reliable":true,"counts":{"all17":1733,"contact":692,"property":210,"murder":33,"attempted_murder":18,"sexual":35,"robbery_agg":52,"robbery_common":38,"assault_gbh":135,"assault_common":381,"burglary_res":103,"burglary_nonres":13,"theft_vehicle":11,"theft_from_vehicle":83,"carjacking":0,"house_robbery":5,"business_robbery":3,"drugs":83,"firearms":14},"previous":{"all17":1835,"contact":689,"property":313,"murder":36,"attempted_murder":24,"sexual":32,"robbery_agg":94,"robbery_common":33,"assault_gbh":170,"assault_common":300,"burglary_res":151,"burglary_nonres":14,"theft_vehicle":17,"theft_from_vehicle":131,"carjacking":3,"house_robbery":21,"business_robbery":4,"drugs":36,"firearms":0},"rates":{"all17":4660.4,"contact":1860.9,"property":564.7,"murder":88.7,"attempted_murder":48.4,"sexual":94.1,"robbery_agg":139.8,"robbery_common":102.2,"assault_gbh":363.0,"assault_common":1024.6,"burglary_res":277.0,"burglary_nonres":35.0,"theft_vehicle":29.6,"theft_from_vehicle":223.2,"carjacking":0.0,"house_robbery":13.4,"business_robbery":8.1,"drugs":223.2,"firearms":37.6}},"geometry":{"type":"Polygon","coordinates":[[[18.34262,-34.00429],[18.34152,-34.00495],[18.33879,-34.00433],[18.33883,-34.00524],[18.34006,-34.00661],[18.33889,-34.009],[18.33828,-34.00965],[18.33674,-34.00967],[18.33353,-34.01236],[18.33477,-34.01413],[18.33484,-34.01622],[18.33261,-34.01755],[18.33293,-34.01861],[18.33195,-34.01922],[18.33176,-34.02253],[18.32949,-34.02496],[18.32192,-34.02731],[18.318,-34.02784],[18.31138,-34.02727],[18.3109,-34.02788],[18.31134,-34.02858],[18.31616,-34.02966],[18.31665,-34.03107],[18.31525,-34.03208],[18.3125,-34.03643],[18.30825,-34.03749],[18.30745,-34.03886],[18.30773,-34.04036],[18.30907,-34.04213],[18.31207,-34.04347],[18.31827,-34.04487],[18.32087,-34.04639],[18.32315,-34.04899],[18.32317,-34.05106],[18.32438,-34.05307],[18.32911,-34.05633],[18.32847,-34.0578],[18.33109,-34.05811],[18.33508,-34.06054],[18.34043,-34.06232],[18.34452,-34.06072],[18.34748,-34.05689],[18.34846,-34.05352],[18.35019,-34.05151],[18.34867,-34.05293],[18.34816,-34.05253],[18.34863,-34.05302],[18.34802,-34.05419],[18.34788,-34.05357],[18.34755,-34.05406],[18.346,-34.05349],[18.34547,-34.05252],[18.34661,-34.0521],[18.34544,-34.05243],[18.34494,-34.05103],[18.34775,-34.0484],[18.34851,-34.04953],[18.34741,-34.05004],[18.34862,-34.04951],[18.34785,-34.04835],[18.34874,-34.04792],[18.34959,-34.04954],[18.34916,-34.05095],[18.34936,-34.05098],[18.34972,-34.04954],[18.34872,-34.04737],[18.35178,-34.04627],[18.3555,-34.04633],[18.36053,-34.04864],[18.36252,-34.05357],[18.36264,-34.05599],[18.36435,-34.0578],[18.36418,-34.05852],[18.36681,-34.06082],[18.36821,-34.06415],[18.36351,-34.07352],[18.36137,-34.0736],[18.35914,-34.07453],[18.35722,-34.07649],[18.3546,-34.07651],[18.35558,-34.08024],[18.35357,-34.08617],[18.35359,-34.08782],[18.35419,-34.08835],[18.35178,-34.08934],[18.34937,-34.09196],[18.35078,-34.09345],[18.35961,-34.08842],[18.38021,-34.07263],[18.38552,-34.05408],[18.40574,-34.01358],[18.40636,-34.00971],[18.40399,-34.00701],[18.40948,-33.9994],[18.40622,-34.00115],[18.40564,-33.99989],[18.40922,-33.99179],[18.40456,-33.98793],[18.40107,-33.98592],[18.39374,-33.98331],[18.39363,-33.9825],[18.39498,-33.98049],[18.39336,-33.9797],[18.3891,-33.9811],[18.38802,-33.9821],[18.38667,-33.98513],[18.38583,-33.98585],[18.38374,-33.98606],[18.38343,-33.98674],[18.38436,-33.98981],[18.38246,-33.99179],[18.38392,-33.99329],[18.38394,-33.99617],[18.38157,-33.99904],[18.37866,-34.00002],[18.37769,-34.00134],[18.3739,-34.00155],[18.3734,-34.00235],[18.37387,-34.00377],[18.37329,-34.00414],[18.36867,-34.00305],[18.36727,-34.00387],[18.36215,-34.00308],[18.35764,-34.00339],[18.35501,-34.00459],[18.35421,-34.00399],[18.34782,-34.00537],[18.34262,-34.00429]]]}},{"type":"Feature","id":"Montagu","properties":{"name":"Montagu","includes":["Montagu"],"district":"Cape Winelands","population":23952,"rate_reliable":true,"counts":{"all17":961,"contact":357,"property":199,"murder":8,"attempted_murder":10,"sexual":20,"robbery_agg":7,"robbery_common":5,"assault_gbh":147,"assault_common":160,"burglary_res":133,"burglary_nonres":28,"theft_vehicle":2,"theft_from_vehicle":30,"carjacking":0,"house_robbery":0,"business_robbery":0,"drugs":157,"firearms":0},"previous":{"all17":1024,"contact":354,"property":208,"murder":7,"attempted_murder":14,"sexual":19,"robbery_agg":12,"robbery_common":11,"assault_gbh":167,"assault_common":124,"burglary_res":137,"burglary_nonres":28,"theft_vehicle":2,"theft_from_vehicle":36,"carjacking":0,"house_robbery":0,"business_robbery":0,"drugs":131,"firearms":2},"rates":{"all17":4012.2,"contact":1490.5,"property":830.8,"murder":33.4,"attempted_murder":41.8,"sexual":83.5,"robbery_agg":29.2,"robbery_common":20.9,"assault_gbh":613.7,"assault_common":668.0,"burglary_res":555.3,"burglary_nonres":116.9,"theft_vehicle":8.4,"theft_from_vehicle":125.3,"carjacking":0.0,"house_robbery":0.0,"business_robbery":0.0,"drugs":655.5,"firearms":0.0}},"geometry":{"type":"Polygon","coordinates":[[[20.54766,-33.51946],[20.47825,-33.52772],[20.47569,-33.51338],[20.50172,-33.4984],[20.49807,-33.4638],[20.33616,-33.48782],[20.31573,-33.50199],[20.26784,-33.51289],[20.24153,-33.53804],[20.21491,-33.54133],[20.17305,-33.52625],[20.16118,-33.53635],[20.15156,-33.54043],[20.12547,-33.55623],[20.10542,-33.55065],[20.07825,-33.55338],[20.06244,-33.54326],[20.05704,-33.54809],[20.04873,-33.55156],[20.01999,-33.5539],[20.01158,-33.5537],[19.99254,-33.55679],[19.98333,-33.53324],[19.95876,-33.51755],[19.92577,-33.53322],[19.91715,-33.51921],[19.87016,-33.542],[19.86528,-33.56993],[19.83885,-33.56588],[19.79853,-33.53783],[19.7751,-33.53326],[19.75524,-33.53661],[19.75026,-33.5343],[19.74777,-33.53021],[19.73632,-33.53721],[19.6908,-33.52768],[19.63765,-33.53648],[19.60261,-33.56181],[19.62443,-33.56779],[19.65044,-33.59343],[19.64525,-33.60453],[19.65105,-33.6095],[19.66699,-33.61566],[19.6997,-33.63786],[19.74121,-33.64955],[19.78565,-33.67365],[19.79857,-33.682],[19.81395,-33.69954],[19.88196,-33.72343],[19.91896,-33.72911],[19.94087,-33.72638],[20.0505,-33.75515],[20.11321,-33.82252],[20.11914,-33.82501],[20.13828,-33.83685],[20.13334,-33.84604],[20.14121,-33.85094],[20.14947,-33.8444],[20.1783,-33.86185],[20.18673,-33.86786],[20.21464,-33.88306],[20.23789,-33.90038],[20.32448,-33.94951],[20.43608,-33.95767],[20.46024,-33.9063],[20.46956,-33.89561],[20.46997,-33.88964],[20.4683,-33.88023],[20.4608,-33.87636],[20.44252,-33.85781],[20.44179,-33.83708],[20.4354,-33.82633],[20.44151,-33.81972],[20.42667,-33.81089],[20.44374,-33.81001],[20.45022,-33.80676],[20.46825,-33.81337],[20.46848,-33.81822],[20.48054,-33.82269],[20.51451,-33.80256],[20.44794,-33.77391],[20.47282,-33.72917],[20.46915,-33.68195],[20.50394,-33.68205],[20.53517,-33.66071],[20.50321,-33.63696],[20.53252,-33.59747],[20.5744,-33.53871],[20.57719,-33.52805],[20.54942,-33.52864],[20.54766,-33.51946]]]}},{"type":"Feature","id":"Dieprivier","properties":{"name":"Dieprivier","includes":["Dieprivier"],"district":"City of Cape Town","population":37205,"rate_reliable":true,"counts":{"all17":1731,"contact":266,"property":374,"murder":3,"attempted_murder":2,"sexual":12,"robbery_agg":81,"robbery_common":48,"assault_gbh":31,"assault_common":89,"burglary_res":97,"burglary_nonres":25,"theft_vehicle":24,"theft_from_vehicle":228,"carjacking":2,"house_robbery":5,"business_robbery":5,"drugs":143,"firearms":6},"previous":{"all17":1954,"contact":333,"property":563,"murder":1,"attempted_murder":3,"sexual":7,"robbery_agg":110,"robbery_common":60,"assault_gbh":20,"assault_common":132,"burglary_res":196,"burglary_nonres":30,"theft_vehicle":43,"theft_from_vehicle":294,"carjacking":10,"house_robbery":9,"business_robbery":11,"drugs":84,"firearms":1},"rates":{"all17":4652.6,"contact":715.0,"property":1005.2,"murder":8.1,"attempted_murder":5.4,"sexual":32.3,"robbery_agg":217.7,"robbery_common":129.0,"assault_gbh":83.3,"assault_common":239.2,"burglary_res":260.7,"burglary_nonres":67.2,"theft_vehicle":64.5,"theft_from_vehicle":612.8,"carjacking":5.4,"house_robbery":13.4,"business_robbery":13.4,"drugs":384.4,"firearms":16.1}},"geometry":{"type":"Polygon","coordinates":[[[18.49576,-34.01209],[18.48116,-34.01338],[18.48154,-34.01433],[18.46857,-34.01568],[18.46886,-34.01419],[18.46704,-34.01465],[18.4544,-34.01386],[18.45058,-34.016],[18.44766,-34.01934],[18.43787,-34.02181],[18.43591,-34.02403],[18.43304,-34.02504],[18.42956,-34.02328],[18.4201,-34.02062],[18.41789,-34.01797],[18.41705,-34.01572],[18.41512,-34.01496],[18.41626,-34.01267],[18.4158,-34.01182],[18.41377,-34.01076],[18.40925,-34.00996],[18.40592,-34.01205],[18.40309,-34.01967],[18.38552,-34.05408],[18.40687,-34.04721],[18.4124,-34.04094],[18.41575,-34.03997],[18.41935,-34.03786],[18.42184,-34.03806],[18.42627,-34.03478],[18.43695,-34.03215],[18.43968,-34.02999],[18.44296,-34.03014],[18.44385,-34.02882],[18.45042,-34.0406],[18.45337,-34.03972],[18.456,-34.03991],[18.45571,-34.04131],[18.46374,-34.04253],[18.4636,-34.04314],[18.46637,-34.04356],[18.46728,-34.03925],[18.47308,-34.03643],[18.47588,-34.03748],[18.47645,-34.04146],[18.47818,-34.04436],[18.48267,-34.04247],[18.48446,-34.04553],[18.48527,-34.04543],[18.48611,-34.04408],[18.48786,-34.04356],[18.48784,-34.04214],[18.4891,-34.04246],[18.48984,-34.04113],[18.49041,-34.04115],[18.49184,-34.03823],[18.49,-34.02899],[18.48866,-34.02592],[18.49576,-34.01209]]]}},{"type":"Feature","id":"Claremont","properties":{"name":"Claremont","includes":["Claremont"],"district":"City of Cape Town","population":35758,"rate_reliable":true,"counts":{"all17":2503,"contact":276,"property":589,"murder":1,"attempted_murder":7,"sexual":18,"robbery_agg":69,"robbery_common":54,"assault_gbh":20,"assault_common":107,"burglary_res":103,"burglary_nonres":17,"theft_vehicle":92,"theft_from_vehicle":377,"carjacking":9,"house_robbery":10,"business_robbery":5,"drugs":170,"firearms":7},"previous":{"all17":2590,"contact":355,"property":549,"murder":3,"attempted_murder":2,"sexual":12,"robbery_agg":103,"robbery_common":90,"assault_gbh":26,"assault_common":119,"burglary_res":116,"burglary_nonres":40,"theft_vehicle":53,"theft_from_vehicle":340,"carjacking":3,"house_robbery":7,"business_robbery":10,"drugs":225,"firearms":3},"rates":{"all17":6999.8,"contact":771.9,"property":1647.2,"murder":2.8,"attempted_murder":19.6,"sexual":50.3,"robbery_agg":193.0,"robbery_common":151.0,"assault_gbh":55.9,"assault_common":299.2,"burglary_res":288.0,"burglary_nonres":47.5,"theft_vehicle":257.3,"theft_from_vehicle":1054.3,"carjacking":25.2,"house_robbery":28.0,"business_robbery":14.0,"drugs":475.4,"firearms":19.6}},"geometry":{"type":"Polygon","coordinates":[[[18.49392,-33.97246],[18.48849,-33.9719],[18.48724,-33.97526],[18.48109,-33.96944],[18.48052,-33.97021],[18.47886,-33.96903],[18.47721,-33.97131],[18.47427,-33.96859],[18.47303,-33.97217],[18.47198,-33.97187],[18.47233,-33.97119],[18.46836,-33.96927],[18.46728,-33.97129],[18.46498,-33.97197],[18.46506,-33.97143],[18.4588,-33.96916],[18.44961,-33.96347],[18.44044,-33.95452],[18.43387,-33.95834],[18.42776,-33.96049],[18.42958,-33.96204],[18.43005,-33.96546],[18.42919,-33.96689],[18.42734,-33.96761],[18.42758,-33.96856],[18.42652,-33.96887],[18.42723,-33.97011],[18.42739,-33.97302],[18.42524,-33.97482],[18.42228,-33.97553],[18.4229,-33.97736],[18.41682,-33.97896],[18.41653,-33.97946],[18.41927,-33.9835],[18.41707,-33.98308],[18.41712,-33.98619],[18.41644,-33.98722],[18.4174,-33.98968],[18.42223,-33.99135],[18.43263,-33.99358],[18.43788,-33.99776],[18.44739,-33.99458],[18.4544,-33.99491],[18.45542,-33.99348],[18.45912,-33.99391],[18.46098,-33.99189],[18.46265,-33.99555],[18.46462,-33.99777],[18.46904,-33.99547],[18.46919,-33.99474],[18.47839,-33.99492],[18.48746,-33.98856],[18.49043,-33.98888],[18.49145,-33.97864],[18.49338,-33.9763],[18.49392,-33.97246]]]}},{"type":"Feature","id":"Saron","properties":{"name":"Saron","includes":["Saron"],"district":"Cape Winelands","population":10866,"rate_reliable":true,"counts":{"all17":552,"contact":320,"property":76,"murder":2,"attempted_murder":12,"sexual":22,"robbery_agg":11,"robbery_common":12,"assault_gbh":109,"assault_common":152,"burglary_res":52,"burglary_nonres":5,"theft_vehicle":1,"theft_from_vehicle":9,"carjacking":0,"house_robbery":1,"business_robbery":0,"drugs":363,"firearms":1},"previous":{"all17":589,"contact":344,"property":91,"murder":3,"attempted_murder":5,"sexual":12,"robbery_agg":10,"robbery_common":19,"assault_gbh":154,"assault_common":141,"burglary_res":70,"burglary_nonres":6,"theft_vehicle":1,"theft_from_vehicle":8,"carjacking":0,"house_robbery":2,"business_robbery":3,"drugs":317,"firearms":1},"rates":{"all17":5080.1,"contact":2945.0,"property":699.4,"murder":18.4,"attempted_murder":110.4,"sexual":202.5,"robbery_agg":101.2,"robbery_common":110.4,"assault_gbh":1003.1,"assault_common":1398.9,"burglary_res":478.6,"burglary_nonres":46.0,"theft_vehicle":9.2,"theft_from_vehicle":82.8,"carjacking":0.0,"house_robbery":9.2,"business_robbery":0.0,"drugs":3340.7,"firearms":9.2}},"geometry":{"type":"Polygon","coordinates":[[[18.95451,-33.25931],[18.97979,-33.25698],[18.98512,-33.25476],[18.99197,-33.25694],[18.99316,-33.26231],[19.00667,-33.25964],[18.99522,-33.2481],[19.03547,-33.23373],[19.06303,-33.23114],[19.08287,-33.23889],[19.08351,-33.23661],[19.08219,-33.23591],[19.07868,-33.23035],[19.07875,-33.22907],[19.08561,-33.22351],[19.08401,-33.20145],[19.09499,-33.18236],[19.12373,-33.18564],[19.13104,-33.17831],[19.13457,-33.17221],[19.11798,-33.16327],[19.10531,-33.14526],[19.08394,-33.12127],[19.0741,-33.13162],[19.0725,-33.12758],[19.05614,-33.14002],[19.05102,-33.14195],[19.03948,-33.14138],[19.0199,-33.14162],[19.01238,-33.14364],[19.00827,-33.15571],[19.00473,-33.15643],[19.00486,-33.15535],[19.00268,-33.15577],[19.00419,-33.1514],[18.994,-33.1534],[18.99441,-33.15488],[18.98997,-33.15575],[18.98688,-33.15804],[18.9834,-33.15872],[18.98357,-33.15942],[18.97809,-33.16041],[18.97759,-33.17129],[18.9745,-33.17244],[18.97467,-33.16881],[18.96791,-33.17134],[18.96788,-33.17274],[18.96436,-33.17272],[18.96229,-33.1752],[18.95694,-33.17893],[18.95653,-33.188],[18.9433,-33.19366],[18.94058,-33.1966],[18.93888,-33.1963],[18.93669,-33.19835],[18.93186,-33.20091],[18.9322,-33.20306],[18.93338,-33.20334],[18.94203,-33.20096],[18.94698,-33.20233],[18.94808,-33.20486],[18.94385,-33.20751],[18.9433,-33.20855],[18.94849,-33.2134],[18.95082,-33.21707],[18.95455,-33.21884],[18.95666,-33.22097],[18.95719,-33.22457],[18.95591,-33.22869],[18.95684,-33.23006],[18.95649,-33.23308],[18.95601,-33.23389],[18.94724,-33.23902],[18.94739,-33.24127],[18.95062,-33.24719],[18.95009,-33.24861],[18.94554,-33.25278],[18.94669,-33.2549],[18.95014,-33.25469],[18.95228,-33.2553],[18.95451,-33.25931]]]}},{"type":"Feature","id":"Malmesbury","properties":{"name":"Malmesbury","includes":["Malmesbury"],"district":"West Coast","population":79777,"rate_reliable":true,"counts":{"all17":2169,"contact":814,"property":493,"murder":27,"attempted_murder":70,"sexual":63,"robbery_agg":49,"robbery_common":21,"assault_gbh":177,"assault_common":407,"burglary_res":199,"burglary_nonres":121,"theft_vehicle":15,"theft_from_vehicle":137,"carjacking":1,"house_robbery":5,"business_robbery":13,"drugs":819,"firearms":25},"previous":{"all17":2146,"contact":870,"property":435,"murder":23,"attempted_murder":56,"sexual":86,"robbery_agg":60,"robbery_common":33,"assault_gbh":244,"assault_common":368,"burglary_res":221,"burglary_nonres":78,"theft_vehicle":15,"theft_from_vehicle":99,"carjacking":1,"house_robbery":5,"business_robbery":18,"drugs":810,"firearms":16},"rates":{"all17":2718.8,"contact":1020.3,"property":618.0,"murder":33.8,"attempted_murder":87.7,"sexual":79.0,"robbery_agg":61.4,"robbery_common":26.3,"assault_gbh":221.9,"assault_common":510.2,"burglary_res":249.4,"burglary_nonres":151.7,"theft_vehicle":18.8,"theft_from_vehicle":171.7,"carjacking":1.3,"house_robbery":6.3,"business_robbery":16.3,"drugs":1026.6,"firearms":31.3}},"geometry":{"type":"Polygon","coordinates":[[[18.74342,-33.28953],[18.72926,-33.29289],[18.7234,-33.2892],[18.70673,-33.28818],[18.70538,-33.31],[18.68617,-33.30865],[18.68231,-33.30787],[18.67478,-33.30459],[18.66552,-33.29939],[18.6626,-33.2973],[18.65998,-33.29338],[18.65814,-33.29198],[18.65665,-33.28905],[18.65227,-33.28756],[18.64994,-33.28589],[18.64907,-33.28306],[18.62946,-33.27675],[18.61833,-33.26439],[18.60453,-33.27386],[18.59464,-33.27981],[18.57593,-33.27859],[18.57286,-33.28431],[18.55684,-33.2842],[18.54631,-33.27514],[18.52326,-33.28148],[18.49091,-33.28459],[18.51003,-33.30795],[18.50782,-33.3324],[18.50917,-33.35201],[18.52395,-33.36902],[18.53952,-33.39849],[18.52104,-33.40704],[18.55057,-33.43994],[18.56845,-33.4317],[18.58116,-33.44247],[18.5889,-33.44775],[18.59226,-33.45865],[18.60423,-33.46651],[18.60657,-33.47014],[18.60229,-33.48363],[18.57897,-33.47853],[18.57446,-33.48595],[18.5642,-33.52346],[18.53667,-33.52705],[18.54176,-33.55242],[18.56693,-33.56019],[18.56874,-33.5621],[18.58001,-33.55765],[18.58515,-33.54783],[18.59799,-33.54984],[18.59746,-33.55513],[18.60031,-33.55948],[18.60837,-33.5805],[18.61349,-33.58033],[18.61084,-33.58498],[18.61198,-33.58487],[18.61117,-33.59906],[18.6125,-33.62004],[18.62695,-33.62462],[18.64497,-33.63574],[18.65546,-33.63405],[18.66165,-33.62757],[18.6637,-33.63047],[18.68145,-33.62511],[18.68339,-33.62853],[18.68994,-33.64472],[18.69573,-33.65424],[18.69105,-33.66264],[18.69323,-33.66419],[18.70207,-33.6659],[18.70765,-33.66573],[18.70569,-33.68132],[18.7069,-33.68134],[18.71187,-33.67587],[18.73037,-33.68558],[18.73015,-33.69228],[18.71002,-33.69643],[18.70688,-33.69761],[18.71536,-33.70592],[18.72428,-33.71191],[18.72898,-33.70584],[18.73176,-33.70368],[18.74131,-33.70572],[18.75313,-33.7113],[18.7652,-33.7235],[18.7698,-33.71991],[18.76329,-33.71429],[18.76767,-33.70573],[18.76318,-33.70329],[18.76793,-33.69726],[18.75928,-33.6708],[18.76325,-33.64888],[18.77811,-33.6491],[18.78444,-33.64063],[18.81007,-33.6109],[18.81596,-33.59996],[18.81454,-33.59552],[18.81837,-33.5954],[18.83609,-33.60472],[18.83793,-33.59551],[18.83784,-33.58967],[18.84741,-33.5874],[18.84482,-33.58462],[18.84431,-33.57499],[18.85583,-33.56904],[18.86241,-33.5751],[18.87726,-33.57335],[18.88753,-33.56753],[18.89284,-33.57143],[18.8957,-33.56545],[18.89839,-33.55357],[18.89978,-33.55098],[18.91348,-33.55142],[18.91035,-33.54505],[18.90857,-33.54347],[18.90486,-33.53496],[18.90083,-33.51561],[18.89871,-33.51596],[18.89784,-33.5064],[18.89178,-33.50298],[18.88207,-33.4864],[18.88232,-33.46329],[18.87689,-33.44813],[18.87608,-33.41766],[18.87261,-33.39824],[18.88113,-33.38732],[18.87333,-33.38487],[18.86635,-33.37844],[18.86169,-33.3753],[18.85361,-33.36723],[18.84979,-33.3603],[18.84764,-33.35932],[18.84385,-33.35589],[18.84303,-33.35323],[18.83843,-33.35051],[18.81628,-33.3622],[18.80582,-33.35597],[18.80554,-33.35734],[18.80363,-33.35677],[18.80394,-33.35548],[18.79872,-33.35406],[18.78802,-33.34201],[18.78343,-33.32438],[18.76095,-33.3513],[18.76265,-33.32671],[18.76968,-33.30839],[18.75897,-33.29996],[18.75404,-33.30912],[18.75243,-33.31083],[18.74342,-33.28953]]]}},{"type":"Feature","id":"Porterville","properties":{"name":"Porterville","includes":["Porterville"],"district":"West Coast","population":13980,"rate_reliable":true,"counts":{"all17":500,"contact":194,"property":70,"murder":5,"attempted_murder":11,"sexual":10,"robbery_agg":8,"robbery_common":9,"assault_gbh":76,"assault_common":75,"burglary_res":40,"burglary_nonres":14,"theft_vehicle":0,"theft_from_vehicle":11,"carjacking":1,"house_robbery":0,"business_robbery":2,"drugs":644,"firearms":2},"previous":{"all17":574,"contact":224,"property":99,"murder":2,"attempted_murder":7,"sexual":16,"robbery_agg":7,"robbery_common":13,"assault_gbh":74,"assault_common":105,"burglary_res":51,"burglary_nonres":24,"theft_vehicle":2,"theft_from_vehicle":18,"carjacking":0,"house_robbery":1,"business_robbery":1,"drugs":522,"firearms":1},"rates":{"all17":3576.5,"contact":1387.7,"property":500.7,"murder":35.8,"attempted_murder":78.7,"sexual":71.5,"robbery_agg":57.2,"robbery_common":64.4,"assault_gbh":543.6,"assault_common":536.5,"burglary_res":286.1,"burglary_nonres":100.1,"theft_vehicle":0.0,"theft_from_vehicle":78.7,"carjacking":7.2,"house_robbery":0.0,"business_robbery":14.3,"drugs":4606.6,"firearms":14.3}},"geometry":{"type":"Polygon","coordinates":[[[19.15379,-32.98397],[19.08358,-32.96411],[19.09713,-32.93025],[19.15061,-32.87205],[19.12072,-32.87784],[19.10848,-32.87573],[19.09869,-32.87904],[19.05506,-32.8788],[19.05641,-32.85928],[19.04492,-32.84301],[19.03575,-32.84879],[19.03418,-32.82556],[19.04114,-32.8241],[19.03483,-32.78569],[19.02395,-32.79724],[19.02065,-32.77855],[19.03294,-32.77824],[19.03149,-32.77241],[19.01914,-32.76994],[19.0167,-32.75663],[18.98556,-32.77093],[18.98981,-32.80437],[18.98742,-32.81345],[18.95736,-32.8129],[18.92587,-32.81841],[18.91822,-32.84828],[18.89136,-32.86756],[18.89136,-32.88373],[18.8963,-32.90299],[18.87517,-32.90802],[18.88777,-32.94902],[18.89442,-32.96819],[18.86382,-32.97474],[18.83999,-33.01196],[18.81683,-33.0323],[18.81618,-33.03367],[18.81147,-33.0368],[18.81099,-33.03919],[18.8117,-33.04081],[18.81092,-33.04534],[18.81002,-33.04656],[18.80625,-33.04872],[18.80587,-33.0504],[18.80737,-33.05197],[18.81162,-33.05273],[18.81462,-33.05179],[18.81665,-33.05197],[18.8195,-33.05511],[18.8223,-33.06216],[18.82288,-33.06563],[18.82115,-33.07041],[18.82128,-33.07164],[18.82567,-33.07102],[18.82981,-33.0681],[18.83127,-33.0692],[18.83181,-33.07079],[18.82938,-33.08054],[18.83071,-33.08366],[18.83476,-33.08536],[18.83579,-33.08676],[18.83601,-33.08788],[18.83421,-33.09494],[18.83655,-33.09721],[18.83904,-33.09664],[18.84078,-33.09748],[18.8416,-33.09872],[18.84134,-33.10099],[18.84376,-33.10451],[18.84132,-33.10646],[18.8413,-33.10879],[18.84473,-33.11738],[18.85054,-33.11971],[18.85345,-33.1184],[18.85552,-33.11906],[18.85579,-33.12139],[18.85234,-33.12546],[18.85437,-33.12969],[18.85785,-33.13038],[18.85958,-33.12969],[18.86232,-33.12979],[18.8632,-33.13057],[18.86318,-33.13195],[18.86094,-33.13306],[18.86008,-33.13476],[18.86453,-33.14061],[18.86343,-33.14454],[18.86499,-33.14716],[18.8669,-33.14856],[18.86903,-33.14798],[18.87086,-33.14928],[18.877,-33.14668],[18.87868,-33.14738],[18.8822,-33.1504],[18.88314,-33.15604],[18.88599,-33.15888],[18.89447,-33.15901],[18.89622,-33.15981],[18.89892,-33.15971],[18.89986,-33.15869],[18.90455,-33.15793],[18.91129,-33.1578],[18.91208,-33.15866],[18.91221,-33.16009],[18.91008,-33.1632],[18.9101,-33.16417],[18.91133,-33.16561],[18.91484,-33.16623],[18.91783,-33.17028],[18.91793,-33.17225],[18.92145,-33.18038],[18.92125,-33.18623],[18.92231,-33.18755],[18.92664,-33.18988],[18.93613,-33.19307],[18.93836,-33.19467],[18.93888,-33.1963],[18.94058,-33.1966],[18.9433,-33.19366],[18.95653,-33.188],[18.95694,-33.17893],[18.96229,-33.1752],[18.96436,-33.17272],[18.96788,-33.17274],[18.96791,-33.17134],[18.97467,-33.16881],[18.9745,-33.17244],[18.97759,-33.17129],[18.97809,-33.16041],[18.98357,-33.15942],[18.9834,-33.15872],[18.98688,-33.15804],[18.98997,-33.15575],[18.99441,-33.15488],[18.994,-33.1534],[19.00419,-33.1514],[19.00268,-33.15577],[19.00486,-33.15535],[19.00473,-33.15643],[19.00827,-33.15571],[19.01238,-33.14364],[19.0199,-33.14162],[19.03948,-33.14138],[19.05102,-33.14195],[19.05614,-33.14002],[19.08963,-33.11399],[19.14626,-33.10606],[19.17306,-33.09184],[19.17743,-33.05994],[19.16561,-33.03535],[19.15379,-32.98397]]]}},{"type":"Feature","id":"Saldanha","properties":{"name":"Saldanha","includes":["Saldanha"],"district":"West Coast","population":37734,"rate_reliable":true,"counts":{"all17":1284,"contact":511,"property":278,"murder":9,"attempted_murder":16,"sexual":23,"robbery_agg":57,"robbery_common":40,"assault_gbh":112,"assault_common":254,"burglary_res":157,"burglary_nonres":31,"theft_vehicle":3,"theft_from_vehicle":85,"carjacking":0,"house_robbery":9,"business_robbery":8,"drugs":242,"firearms":26},"previous":{"all17":1441,"contact":566,"property":383,"murder":21,"attempted_murder":35,"sexual":25,"robbery_agg":92,"robbery_common":31,"assault_gbh":112,"assault_common":250,"burglary_res":195,"burglary_nonres":61,"theft_vehicle":5,"theft_from_vehicle":121,"carjacking":3,"house_robbery":12,"business_robbery":8,"drugs":148,"firearms":32},"rates":{"all17":3402.8,"contact":1354.2,"property":736.7,"murder":23.9,"attempted_murder":42.4,"sexual":61.0,"robbery_agg":151.1,"robbery_common":106.0,"assault_gbh":296.8,"assault_common":673.1,"burglary_res":416.1,"burglary_nonres":82.2,"theft_vehicle":8.0,"theft_from_vehicle":225.3,"carjacking":0.0,"house_robbery":23.9,"business_robbery":21.2,"drugs":641.3,"firearms":68.9}},"geometry":{"type":"Polygon","coordinates":[[[17.88275,-32.92744],[17.88588,-32.93887],[17.88648,-32.94252],[17.88497,-32.94509],[17.88595,-32.94606],[17.88619,-32.94759],[17.88493,-32.95116],[17.88239,-32.95414],[17.88099,-32.95505],[17.87854,-32.95507],[17.87814,-32.95573],[17.87978,-32.95723],[17.88128,-32.95715],[17.88307,-32.95851],[17.88371,-32.95993],[17.88335,-32.96417],[17.88101,-32.96419],[17.88088,-32.96494],[17.88152,-32.96553],[17.88401,-32.96536],[17.88487,-32.96408],[17.88582,-32.96382],[17.88767,-32.96473],[17.88771,-32.96563],[17.8851,-32.96744],[17.88571,-32.96976],[17.88491,-32.97106],[17.88555,-32.97159],[17.8854,-32.9724],[17.88386,-32.97218],[17.88324,-32.97268],[17.88442,-32.97511],[17.88397,-32.97588],[17.88257,-32.97662],[17.88008,-32.9766],[17.88124,-32.97795],[17.88514,-32.97763],[17.88587,-32.97873],[17.88344,-32.98074],[17.88197,-32.97996],[17.88046,-32.98247],[17.87753,-32.98349],[17.87748,-32.98428],[17.87657,-32.98408],[17.8764,-32.98696],[17.87546,-32.98829],[17.87578,-32.98953],[17.87212,-32.99057],[17.8712,-32.99263],[17.87308,-32.99398],[17.8738,-32.99582],[17.87354,-32.99744],[17.87223,-32.99931],[17.8775,-33.00148],[17.8765,-33.00326],[17.87834,-33.00591],[17.88126,-33.00628],[17.88241,-33.00547],[17.88234,-33.00323],[17.88351,-33.00203],[17.8857,-33.00125],[17.88793,-33.00138],[17.89718,-33.00556],[17.90048,-33.00921],[17.90349,-33.01556],[17.90364,-33.02092],[17.90231,-33.02448],[17.90031,-33.02712],[17.89765,-33.02895],[17.89643,-33.02902],[17.89178,-33.02611],[17.89026,-33.02662],[17.8904,-33.02815],[17.8936,-33.03168],[17.89362,-33.03251],[17.89661,-33.03521],[17.89706,-33.03661],[17.89593,-33.03762],[17.89584,-33.03915],[17.8934,-33.04083],[17.89537,-33.04174],[17.89908,-33.03999],[17.9013,-33.04018],[17.90215,-33.04134],[17.90225,-33.0428],[17.90311,-33.04285],[17.90391,-33.0443],[17.9032,-33.04637],[17.90515,-33.04795],[17.90911,-33.04859],[17.9095,-33.05081],[17.91044,-33.05198],[17.91359,-33.04976],[17.91451,-33.04985],[17.91465,-33.04906],[17.91691,-33.04734],[17.92362,-33.04402],[17.9266,-33.04151],[17.93113,-33.04105],[17.93686,-33.03828],[17.93852,-33.03817],[17.93866,-33.03744],[17.937,-33.03601],[17.93705,-33.03453],[17.9338,-33.03248],[17.93391,-33.03095],[17.93517,-33.02902],[17.9373,-33.02747],[17.94098,-33.02674],[17.94292,-33.02536],[17.95248,-33.02603],[17.95428,-33.02847],[17.95869,-33.02855],[17.96787,-33.03347],[17.97141,-33.0372],[17.97189,-33.04079],[17.97137,-33.04192],[17.96948,-33.04319],[17.96752,-33.04396],[17.96644,-33.0435],[17.96641,-33.04405],[17.96855,-33.04586],[17.9707,-33.04527],[17.97159,-33.04255],[17.97244,-33.04245],[17.97372,-33.04033],[17.97367,-33.03778],[17.97084,-33.03386],[17.96467,-33.02989],[17.9648,-33.028],[17.96288,-33.0269],[17.96306,-33.02526],[17.96429,-33.0244],[17.96285,-33.02531],[17.96046,-33.02351],[17.95971,-33.02331],[17.96218,-33.0249],[17.96046,-33.02634],[17.96167,-33.02692],[17.9589,-33.02754],[17.95768,-33.02586],[17.95447,-33.02533],[17.95165,-33.02387],[17.95212,-33.02319],[17.95073,-33.02247],[17.94877,-33.02336],[17.94673,-33.02273],[17.94593,-33.021],[17.94735,-33.02051],[17.94677,-33.01911],[17.94756,-33.0186],[17.94696,-33.01773],[17.949,-33.01568],[17.94969,-33.01424],[17.94941,-33.01263],[17.95048,-33.01156],[17.95046,-33.01085],[17.94578,-33.00744],[17.9462,-33.0055],[17.94865,-33.00334],[17.95497,-32.99955],[17.96606,-32.99648],[17.97604,-32.99549],[17.98618,-32.99581],[17.99209,-32.997],[17.99606,-32.9995],[17.99635,-33.00015],[17.99543,-33.00135],[17.99555,-33.00219],[17.99488,-33.0025],[17.99456,-33.00503],[17.9915,-33.01167],[17.99055,-33.01259],[17.99183,-33.01292],[17.98684,-33.02399],[17.98531,-33.02546],[17.98548,-33.02718],[17.98675,-33.02637],[17.98815,-33.02273],[17.98972,-33.02097],[17.99064,-33.01765],[17.99493,-33.00877],[17.99801,-33.0078],[18.00437,-33.00967],[18.0085,-33.00783],[18.01886,-33.0134],[18.02317,-33.01681],[18.02997,-33.02392],[18.03507,-33.03308],[18.04153,-33.03206],[18.03831,-33.01769],[18.04747,-33.01482],[18.04715,-33.00531],[18.0613,-33.00039],[18.08597,-32.97699],[18.08243,-32.97582],[18.06397,-32.94591],[18.05979,-32.94618],[18.05527,-32.94858],[18.04907,-32.94699],[18.02361,-32.9367],[18.01813,-32.93712],[18.00218,-32.94338],[17.98741,-32.95077],[17.9794,-32.95184],[17.97859,-32.94749],[17.97423,-32.94571],[17.97396,-32.94158],[17.94582,-32.91675],[17.9403,-32.91331],[17.93673,-32.91549],[17.91827,-32.90874],[17.91635,-32.89836],[17.90385,-32.89055],[17.90848,-32.92414],[17.88275,-32.92744]]]}},{"type":"Feature","id":"Khayelitsha","properties":{"name":"Khayelitsha","includes":["Khayelitsha"],"district":"City of Cape Town","population":201976,"rate_reliable":true,"counts":{"all17":3939,"contact":2711,"property":309,"murder":185,"attempted_murder":115,"sexual":159,"robbery_agg":739,"robbery_common":100,"assault_gbh":521,"assault_common":892,"burglary_res":191,"burglary_nonres":30,"theft_vehicle":61,"theft_from_vehicle":27,"carjacking":129,"house_robbery":103,"business_robbery":13,"drugs":1874,"firearms":63},"previous":{"all17":4689,"contact":3249,"property":371,"murder":179,"attempted_murder":155,"sexual":170,"robbery_agg":1071,"robbery_common":136,"assault_gbh":560,"assault_common":978,"burglary_res":241,"burglary_nonres":43,"theft_vehicle":39,"theft_from_vehicle":48,"carjacking":140,"house_robbery":179,"business_robbery":23,"drugs":1846,"firearms":55},"rates":{"all17":1950.2,"contact":1342.2,"property":153.0,"murder":91.6,"attempted_murder":56.9,"sexual":78.7,"robbery_agg":365.9,"robbery_common":49.5,"assault_gbh":258.0,"assault_common":441.6,"burglary_res":94.6,"burglary_nonres":14.9,"theft_vehicle":30.2,"theft_from_vehicle":13.4,"carjacking":63.9,"house_robbery":51.0,"business_robbery":6.4,"drugs":927.8,"firearms":31.2}},"geometry":{"type":"Polygon","coordinates":[[[18.63899,-34.00362],[18.63458,-34.00487],[18.63123,-34.0083],[18.63227,-34.01843],[18.65217,-34.01677],[18.65548,-34.01736],[18.65274,-34.0188],[18.65161,-34.02052],[18.65265,-34.0312],[18.65854,-34.02937],[18.66321,-34.0296],[18.6663,-34.02891],[18.67185,-34.0296],[18.67552,-34.0285],[18.67802,-34.03508],[18.67992,-34.03787],[18.68235,-34.03661],[18.68776,-34.03699],[18.68954,-34.03612],[18.69001,-34.03239],[18.69146,-34.0318],[18.69073,-34.03059],[18.69153,-34.02435],[18.65955,-34.01233],[18.63899,-34.00362]]]}},{"type":"Feature","id":"Woodstock","properties":{"name":"Woodstock","includes":["Woodstock"],"district":"City of Cape Town","population":28086,"rate_reliable":true,"counts":{"all17":3064,"contact":777,"property":920,"murder":14,"attempted_murder":23,"sexual":38,"robbery_agg":206,"robbery_common":265,"assault_gbh":52,"assault_common":179,"burglary_res":116,"burglary_nonres":78,"theft_vehicle":170,"theft_from_vehicle":556,"carjacking":25,"house_robbery":8,"business_robbery":2,"drugs":472,"firearms":10},"previous":{"all17":2922,"contact":776,"property":865,"murder":11,"attempted_murder":8,"sexual":49,"robbery_agg":249,"robbery_common":248,"assault_gbh":60,"assault_common":151,"burglary_res":138,"burglary_nonres":71,"theft_vehicle":124,"theft_from_vehicle":532,"carjacking":15,"house_robbery":7,"business_robbery":8,"drugs":437,"firearms":16},"rates":{"all17":10909.3,"contact":2766.5,"property":3275.7,"murder":49.8,"attempted_murder":81.9,"sexual":135.3,"robbery_agg":733.5,"robbery_common":943.5,"assault_gbh":185.1,"assault_common":637.3,"burglary_res":413.0,"burglary_nonres":277.7,"theft_vehicle":605.3,"theft_from_vehicle":1979.6,"carjacking":89.0,"house_robbery":28.5,"business_robbery":7.1,"drugs":1680.6,"firearms":35.6}},"geometry":{"type":"Polygon","coordinates":[[[18.48132,-33.94329],[18.48016,-33.94037],[18.47902,-33.94068],[18.47742,-33.93594],[18.48114,-33.93552],[18.47958,-33.93243],[18.47922,-33.92965],[18.47678,-33.92593],[18.46998,-33.92685],[18.46961,-33.92412],[18.46087,-33.92227],[18.46084,-33.92082],[18.46573,-33.91854],[18.46227,-33.91629],[18.45541,-33.9202],[18.446,-33.92106],[18.44602,-33.92341],[18.44335,-33.92399],[18.4424,-33.92778],[18.44096,-33.92762],[18.4408,-33.93163],[18.43975,-33.93367],[18.44153,-33.9363],[18.44225,-33.93639],[18.44227,-33.93762],[18.44292,-33.93768],[18.44292,-33.94259],[18.44535,-33.94358],[18.44467,-33.94951],[18.45153,-33.95068],[18.47383,-33.94417],[18.48132,-33.94329]]]}},{"type":"Feature","id":"Riviersonderend","properties":{"name":"Riviersonderend","includes":["Riviersonderend"],"district":"Overberg","population":7343,"rate_reliable":true,"counts":{"all17":594,"contact":267,"property":102,"murder":0,"attempted_murder":2,"sexual":11,"robbery_agg":8,"robbery_common":9,"assault_gbh":92,"assault_common":145,"burglary_res":59,"burglary_nonres":26,"theft_vehicle":1,"theft_from_vehicle":10,"carjacking":0,"house_robbery":3,"business_robbery":3,"drugs":159,"firearms":1},"previous":{"all17":485,"contact":233,"property":72,"murder":1,"attempted_murder":5,"sexual":19,"robbery_agg":9,"robbery_common":9,"assault_gbh":93,"assault_common":97,"burglary_res":41,"burglary_nonres":16,"theft_vehicle":2,"theft_from_vehicle":7,"carjacking":0,"house_robbery":1,"business_robbery":2,"drugs":95,"firearms":0},"rates":{"all17":8089.3,"contact":3636.1,"property":1389.1,"murder":0.0,"attempted_murder":27.2,"sexual":149.8,"robbery_agg":108.9,"robbery_common":122.6,"assault_gbh":1252.9,"assault_common":1974.7,"burglary_res":803.5,"burglary_nonres":354.1,"theft_vehicle":13.6,"theft_from_vehicle":136.2,"carjacking":0.0,"house_robbery":40.9,"business_robbery":40.9,"drugs":2165.3,"firearms":13.6}},"geometry":{"type":"Polygon","coordinates":[[[20.00855,-34.06382],[20.01085,-34.0915],[20.0075,-34.09385],[19.98932,-34.08543],[19.98659,-34.07811],[19.93581,-34.07587],[19.90627,-34.0761],[19.88555,-34.06609],[19.85363,-34.06325],[19.81035,-34.05536],[19.75526,-34.05434],[19.73503,-34.04109],[19.72904,-34.05541],[19.72793,-34.06585],[19.72256,-34.07652],[19.72515,-34.07674],[19.72288,-34.08462],[19.72464,-34.09376],[19.71969,-34.11744],[19.72446,-34.12541],[19.72258,-34.12451],[19.72004,-34.12581],[19.71373,-34.15091],[19.7179,-34.15465],[19.71023,-34.15695],[19.70371,-34.16093],[19.69854,-34.16618],[19.69462,-34.17427],[19.68437,-34.17081],[19.67345,-34.17055],[19.66348,-34.17385],[19.65617,-34.17959],[19.64986,-34.18734],[19.64738,-34.19569],[19.64882,-34.20481],[19.65378,-34.21308],[19.66136,-34.21891],[19.67173,-34.2224],[19.67021,-34.22638],[19.69297,-34.2398],[19.69535,-34.23878],[19.69245,-34.27037],[19.71593,-34.28275],[19.74701,-34.27547],[19.75597,-34.28063],[19.79775,-34.28455],[19.80522,-34.27858],[19.84544,-34.28037],[19.85613,-34.23357],[19.88048,-34.22004],[19.91775,-34.23819],[19.94007,-34.23948],[19.97781,-34.21314],[20.01099,-34.22054],[20.03247,-34.20354],[20.06355,-34.21692],[20.06558,-34.2412],[20.09485,-34.25055],[20.11131,-34.24265],[20.13401,-34.25032],[20.14159,-34.24731],[20.14211,-34.22084],[20.1419,-34.21543],[20.14114,-34.21318],[20.14416,-34.20925],[20.15678,-34.20917],[20.15695,-34.19794],[20.14395,-34.19659],[20.12747,-34.18692],[20.12251,-34.17726],[20.10906,-34.17785],[20.10726,-34.17213],[20.10858,-34.16847],[20.10279,-34.16247],[20.11119,-34.14297],[20.1017,-34.13038],[20.09355,-34.12636],[20.09676,-34.11438],[20.10337,-34.10251],[20.10668,-34.10006],[20.10634,-34.09718],[20.10815,-34.09155],[20.11217,-34.08681],[20.11401,-34.08726],[20.11559,-34.08857],[20.11842,-34.089],[20.12077,-34.08817],[20.12436,-34.0854],[20.12947,-34.08491],[20.13416,-34.08595],[20.1345,-34.08338],[20.1352,-34.08277],[20.14503,-34.07976],[20.1493,-34.07659],[20.14174,-34.05915],[20.11171,-34.06084],[20.08085,-34.06452],[20.03287,-34.05959],[20.00855,-34.06382]]]}},{"type":"Feature","id":"Somerset West","properties":{"name":"Somerset West","includes":["Somerset West"],"district":"City of Cape Town","population":73720,"rate_reliable":true,"counts":{"all17":3194,"contact":747,"property":586,"murder":8,"attempted_murder":5,"sexual":43,"robbery_agg":159,"robbery_common":57,"assault_gbh":143,"assault_common":332,"burglary_res":262,"burglary_nonres":55,"theft_vehicle":58,"theft_from_vehicle":210,"carjacking":5,"house_robbery":38,"business_robbery":7,"drugs":411,"firearms":5},"previous":{"all17":3745,"contact":826,"property":894,"murder":8,"attempted_murder":9,"sexual":57,"robbery_agg":175,"robbery_common":78,"assault_gbh":145,"assault_common":354,"burglary_res":371,"burglary_nonres":86,"theft_vehicle":108,"theft_from_vehicle":325,"carjacking":1,"house_robbery":35,"business_robbery":15,"drugs":394,"firearms":4},"rates":{"all17":4332.6,"contact":1013.3,"property":794.9,"murder":10.9,"attempted_murder":6.8,"sexual":58.3,"robbery_agg":215.7,"robbery_common":77.3,"assault_gbh":194.0,"assault_common":450.4,"burglary_res":355.4,"burglary_nonres":74.6,"theft_vehicle":78.7,"theft_from_vehicle":284.9,"carjacking":6.8,"house_robbery":51.5,"business_robbery":9.5,"drugs":557.5,"firearms":6.8}},"geometry":{"type":"Polygon","coordinates":[[[18.75211,-34.02959],[18.75547,-34.03562],[18.76121,-34.04134],[18.77373,-34.04688],[18.78404,-34.0503],[18.79536,-34.05776],[18.79675,-34.0606],[18.79228,-34.05869],[18.7866,-34.05897],[18.7811,-34.06032],[18.78073,-34.06192],[18.77613,-34.06393],[18.77708,-34.06565],[18.77535,-34.06896],[18.77149,-34.07278],[18.76844,-34.07335],[18.76959,-34.07386],[18.76972,-34.07799],[18.76777,-34.08315],[18.77788,-34.08598],[18.79303,-34.09302],[18.79775,-34.0938],[18.81039,-34.1014],[18.81788,-34.10056],[18.81864,-34.1],[18.82033,-34.10056],[18.82321,-34.09992],[18.82374,-34.09917],[18.82602,-34.09874],[18.82777,-34.09625],[18.82976,-34.09627],[18.83256,-34.09493],[18.83698,-34.09471],[18.83819,-34.0922],[18.83935,-34.09125],[18.84327,-34.08959],[18.84683,-34.08928],[18.84805,-34.09291],[18.8491,-34.09401],[18.8528,-34.09506],[18.85526,-34.0949],[18.85674,-34.09605],[18.85605,-34.09816],[18.85148,-34.10015],[18.85594,-34.10446],[18.88538,-34.12244],[18.92189,-34.13483],[18.9308,-34.1326],[18.93116,-34.13091],[18.93005,-34.12797],[18.93166,-34.1268],[18.93361,-34.12714],[18.93783,-34.13264],[18.9381,-34.13625],[18.93788,-34.13699],[18.935,-34.13774],[18.93184,-34.13951],[18.9284,-34.14816],[18.93593,-34.1417],[18.94394,-34.13815],[18.96708,-34.10296],[19.00538,-34.07419],[18.98718,-34.03519],[18.96965,-34.01978],[18.96555,-34.01836],[18.96197,-34.01608],[18.9539,-34.00898],[18.94482,-34.00503],[18.94359,-34.00343],[18.93159,-34.00214],[18.92755,-33.99969],[18.92128,-34.00346],[18.91809,-34.00805],[18.91748,-34.0102],[18.91816,-34.01178],[18.92169,-34.01249],[18.92292,-34.01332],[18.9114,-34.01827],[18.90982,-34.02057],[18.90224,-34.02292],[18.89714,-34.02618],[18.89247,-34.02545],[18.88562,-34.02721],[18.88333,-34.02602],[18.88032,-34.02301],[18.87262,-34.02861],[18.86637,-34.03192],[18.85241,-34.02366],[18.84975,-34.02321],[18.84304,-34.02382],[18.83369,-34.02365],[18.83094,-34.02342],[18.83087,-34.02232],[18.82031,-34.01995],[18.81801,-34.01969],[18.81806,-34.02117],[18.81567,-34.02071],[18.80811,-34.01349],[18.80159,-34.01369],[18.79878,-34.01499],[18.79502,-34.02095],[18.79304,-34.02243],[18.79123,-34.02096],[18.77513,-34.02904],[18.76857,-34.02817],[18.76632,-34.0286],[18.76564,-34.02758],[18.75671,-34.02753],[18.75515,-34.03025],[18.75211,-34.02959]]]}},{"type":"Feature","id":"Struisbaai","properties":{"name":"Struisbaai","includes":["Struisbaai"],"district":"Overberg","population":8783,"rate_reliable":true,"counts":{"all17":243,"contact":115,"property":25,"murder":1,"attempted_murder":3,"sexual":4,"robbery_agg":5,"robbery_common":0,"assault_gbh":44,"assault_common":58,"burglary_res":12,"burglary_nonres":3,"theft_vehicle":3,"theft_from_vehicle":7,"carjacking":0,"house_robbery":1,"business_robbery":3,"drugs":94,"firearms":3},"previous":{"all17":288,"contact":142,"property":40,"murder":1,"attempted_murder":3,"sexual":11,"robbery_agg":8,"robbery_common":1,"assault_gbh":58,"assault_common":60,"burglary_res":32,"burglary_nonres":2,"theft_vehicle":0,"theft_from_vehicle":6,"carjacking":0,"house_robbery":3,"business_robbery":2,"drugs":100,"firearms":1},"rates":{"all17":2766.7,"contact":1309.3,"property":284.6,"murder":11.4,"attempted_murder":34.2,"sexual":45.5,"robbery_agg":56.9,"robbery_common":0.0,"assault_gbh":501.0,"assault_common":660.4,"burglary_res":136.6,"burglary_nonres":34.2,"theft_vehicle":34.2,"theft_from_vehicle":79.7,"carjacking":0.0,"house_robbery":11.4,"business_robbery":34.2,"drugs":1070.2,"firearms":34.2}},"geometry":{"type":"Polygon","coordinates":[[[19.81325,-34.7618],[19.81861,-34.76265],[19.82566,-34.7617],[19.82925,-34.76379],[19.83856,-34.76481],[19.84691,-34.76777],[19.84983,-34.76793],[19.85013,-34.76865],[19.85537,-34.76681],[19.85733,-34.76509],[19.86116,-34.76629],[19.86352,-34.76623],[19.86387,-34.76731],[19.86485,-34.76771],[19.86741,-34.76644],[19.87235,-34.76596],[19.87877,-34.76881],[19.88366,-34.77217],[19.88519,-34.77256],[19.88992,-34.78225],[19.9022,-34.78453],[19.90623,-34.78727],[19.91067,-34.78881],[19.92112,-34.79475],[19.93522,-34.80778],[19.93602,-34.80862],[19.93637,-34.81049],[19.93947,-34.81162],[19.94054,-34.81301],[19.94063,-34.81453],[19.94142,-34.81407],[19.9421,-34.81447],[19.94305,-34.81623],[19.94535,-34.8143],[19.94735,-34.81387],[19.95556,-34.81479],[19.9566,-34.8159],[19.95689,-34.81803],[19.95895,-34.81935],[19.96038,-34.82125],[19.96651,-34.82276],[19.96843,-34.82536],[19.97094,-34.82457],[19.98084,-34.82853],[19.98257,-34.82824],[19.9863,-34.83012],[19.98706,-34.83236],[19.99025,-34.83247],[19.99189,-34.83152],[19.99468,-34.83168],[19.99923,-34.83305],[20.0033,-34.83273],[20.01046,-34.83079],[20.01209,-34.83112],[20.01265,-34.83067],[20.01152,-34.82854],[20.01572,-34.82661],[20.01549,-34.82379],[20.02072,-34.82336],[20.02207,-34.824],[20.02688,-34.82417],[20.02664,-34.82204],[20.02836,-34.82066],[20.02757,-34.81719],[20.03045,-34.81396],[20.03908,-34.81387],[20.04524,-34.8131],[20.05039,-34.8138],[20.05391,-34.81321],[20.0557,-34.81177],[20.05723,-34.81139],[20.05671,-34.80995],[20.05725,-34.80864],[20.0613,-34.80651],[20.06418,-34.80407],[20.06438,-34.80337],[20.0618,-34.80082],[20.05892,-34.80101],[20.05746,-34.80048],[20.05617,-34.79861],[20.05323,-34.7987],[20.05138,-34.79763],[20.04855,-34.79416],[20.04801,-34.79116],[20.04574,-34.78662],[20.04622,-34.78508],[20.0453,-34.78358],[20.0452,-34.78112],[20.05119,-34.76479],[20.05477,-34.75908],[20.06172,-34.75104],[20.07081,-34.74301],[20.07402,-34.74125],[20.08905,-34.72926],[20.10046,-34.72288],[20.11161,-34.71776],[20.10102,-34.70718],[20.09535,-34.71072],[20.09194,-34.71152],[20.09144,-34.7127],[20.09015,-34.71127],[20.09072,-34.70689],[20.08943,-34.70478],[20.08839,-34.70429],[20.08478,-34.70473],[20.0837,-34.70566],[20.08126,-34.70501],[20.08084,-34.70341],[20.08294,-34.7015],[20.0814,-34.69883],[20.0814,-34.69773],[20.0831,-34.6956],[20.08321,-34.69417],[20.08267,-34.6933],[20.08052,-34.6929],[20.07943,-34.68889],[20.07703,-34.6866],[20.06699,-34.68702],[20.06526,-34.68756],[20.0644,-34.6889],[20.05683,-34.68969],[20.05293,-34.68685],[20.04805,-34.68979],[20.04582,-34.68977],[20.04267,-34.69099],[20.03458,-34.68905],[20.02974,-34.68875],[20.02786,-34.68366],[20.00613,-34.66057],[19.99243,-34.66573],[19.94584,-34.6452],[19.94847,-34.65885],[19.94244,-34.67171],[19.94954,-34.68643],[19.93937,-34.70321],[19.92951,-34.70189],[19.92966,-34.70063],[19.92481,-34.68927],[19.92377,-34.68814],[19.91602,-34.68569],[19.89759,-34.67523],[19.89748,-34.66658],[19.89358,-34.65819],[19.89149,-34.6496],[19.88981,-34.64843],[19.8755,-34.64479],[19.86915,-34.64098],[19.85683,-34.63755],[19.85367,-34.63754],[19.84769,-34.63895],[19.84917,-34.64424],[19.82942,-34.67447],[19.83364,-34.70068],[19.81566,-34.69442],[19.81325,-34.7618]]]}},{"type":"Feature","id":"Cloetesville","properties":{"name":"Cloetesville","includes":["Cloetesville"],"district":"Cape Winelands","population":78235,"rate_reliable":true,"counts":{"all17":1174,"contact":569,"property":134,"murder":15,"attempted_murder":29,"sexual":32,"robbery_agg":115,"robbery_common":48,"assault_gbh":134,"assault_common":196,"burglary_res":53,"burglary_nonres":7,"theft_vehicle":6,"theft_from_vehicle":68,"carjacking":0,"house_robbery":2,"business_robbery":9,"drugs":371,"firearms":26},"previous":{"all17":1160,"contact":543,"property":163,"murder":13,"attempted_murder":33,"sexual":20,"robbery_agg":123,"robbery_common":32,"assault_gbh":127,"assault_common":195,"burglary_res":66,"burglary_nonres":27,"theft_vehicle":1,"theft_from_vehicle":69,"carjacking":0,"house_robbery":3,"business_robbery":3,"drugs":376,"firearms":21},"rates":{"all17":1500.6,"contact":727.3,"property":171.3,"murder":19.2,"attempted_murder":37.1,"sexual":40.9,"robbery_agg":147.0,"robbery_common":61.4,"assault_gbh":171.3,"assault_common":250.5,"burglary_res":67.7,"burglary_nonres":8.9,"theft_vehicle":7.7,"theft_from_vehicle":86.9,"carjacking":0.0,"house_robbery":2.6,"business_robbery":11.5,"drugs":474.2,"firearms":33.2}},"geometry":{"type":"Polygon","coordinates":[[[18.91987,-33.9189],[18.9129,-33.91744],[18.91386,-33.91218],[18.91549,-33.90952],[18.91369,-33.90827],[18.91146,-33.90427],[18.91425,-33.90349],[18.91675,-33.89662],[18.90207,-33.88595],[18.90029,-33.88918],[18.88629,-33.9015],[18.8797,-33.90017],[18.87933,-33.90241],[18.87768,-33.90158],[18.87266,-33.90261],[18.86881,-33.9042],[18.85915,-33.90481],[18.85878,-33.89807],[18.85268,-33.89907],[18.85037,-33.89824],[18.84305,-33.90161],[18.84037,-33.90221],[18.84251,-33.90449],[18.83306,-33.90928],[18.84697,-33.91134],[18.8472,-33.91243],[18.8346,-33.91921],[18.84513,-33.93271],[18.85206,-33.93221],[18.85103,-33.92818],[18.85149,-33.92646],[18.85213,-33.92599],[18.85417,-33.92632],[18.85451,-33.92505],[18.85612,-33.92432],[18.85797,-33.9221],[18.8593,-33.92232],[18.86334,-33.92096],[18.86493,-33.92112],[18.8666,-33.92249],[18.87013,-33.92306],[18.87219,-33.92464],[18.88046,-33.92482],[18.89544,-33.92655],[18.89919,-33.92507],[18.90181,-33.92561],[18.90447,-33.92505],[18.90711,-33.92536],[18.90878,-33.92291],[18.91214,-33.92014],[18.91668,-33.92316],[18.91987,-33.9189]]]}},{"type":"Feature","id":"Oudtshoorn","properties":{"name":"Oudtshoorn","includes":["Oudtshoorn"],"district":"Garden Route","population":77846,"rate_reliable":true,"counts":{"all17":3583,"contact":1462,"property":665,"murder":21,"attempted_murder":94,"sexual":90,"robbery_agg":100,"robbery_common":89,"assault_gbh":592,"assault_common":476,"burglary_res":303,"burglary_nonres":162,"theft_vehicle":5,"theft_from_vehicle":178,"carjacking":0,"house_robbery":3,"business_robbery":15,"drugs":1373,"firearms":16},"previous":{"all17":3652,"contact":1553,"property":643,"murder":11,"attempted_murder":45,"sexual":100,"robbery_agg":95,"robbery_common":97,"assault_gbh":601,"assault_common":604,"burglary_res":298,"burglary_nonres":139,"theft_vehicle":2,"theft_from_vehicle":179,"carjacking":0,"house_robbery":3,"business_robbery":8,"drugs":1418,"firearms":11},"rates":{"all17":4602.7,"contact":1878.1,"property":854.3,"murder":27.0,"attempted_murder":120.8,"sexual":115.6,"robbery_agg":128.5,"robbery_common":114.3,"assault_gbh":760.5,"assault_common":611.5,"burglary_res":389.2,"burglary_nonres":208.1,"theft_vehicle":6.4,"theft_from_vehicle":228.7,"carjacking":0.0,"house_robbery":3.9,"business_robbery":19.3,"drugs":1763.7,"firearms":20.6}},"geometry":{"type":"Polygon","coordinates":[[[22.39132,-33.36406],[22.28874,-33.33394],[22.21403,-33.31493],[22.18221,-33.32169],[22.14529,-33.33538],[22.10872,-33.34102],[22.05097,-33.35141],[22.0058,-33.35549],[21.96292,-33.36616],[21.90213,-33.36492],[21.90348,-33.40169],[21.91988,-33.46191],[21.92857,-33.47905],[21.93285,-33.51635],[21.93631,-33.52494],[21.97576,-33.58063],[21.92709,-33.57918],[21.94092,-33.62135],[21.92015,-33.62714],[21.93533,-33.66914],[21.90542,-33.68003],[21.88051,-33.66641],[21.88672,-33.68832],[21.88849,-33.71268],[21.83639,-33.73702],[21.76654,-33.72076],[21.72284,-33.70528],[21.72257,-33.69373],[21.71607,-33.68242],[21.68031,-33.72522],[21.71954,-33.74086],[21.71586,-33.77054],[21.71233,-33.78223],[21.70924,-33.78844],[21.69521,-33.79132],[21.69518,-33.80698],[21.7489,-33.79261],[21.76161,-33.82786],[21.69548,-33.85239],[21.7445,-33.85465],[21.78452,-33.85304],[21.80387,-33.85491],[21.86441,-33.85535],[21.93281,-33.86538],[21.98537,-33.86619],[22.01701,-33.85939],[22.02998,-33.87084],[22.04277,-33.88388],[22.06368,-33.88299],[22.07512,-33.84951],[22.12371,-33.84634],[22.13427,-33.86953],[22.17089,-33.86909],[22.18748,-33.87683],[22.19866,-33.87815],[22.21389,-33.88807],[22.23378,-33.88821],[22.19352,-33.85136],[22.2035,-33.82479],[22.16671,-33.82274],[22.20236,-33.78218],[22.20864,-33.78328],[22.24971,-33.75818],[22.2353,-33.7356],[22.23703,-33.69391],[22.25123,-33.6889],[22.25365,-33.69018],[22.27527,-33.68943],[22.2849,-33.70525],[22.29426,-33.71088],[22.29917,-33.71124],[22.3453,-33.72521],[22.36595,-33.68487],[22.37183,-33.65936],[22.36702,-33.64499],[22.36496,-33.64505],[22.36399,-33.63771],[22.36456,-33.6376],[22.36752,-33.60136],[22.36637,-33.59731],[22.34792,-33.59189],[22.35913,-33.58541],[22.3598,-33.58334],[22.35707,-33.58268],[22.35126,-33.57574],[22.34891,-33.5743],[22.34757,-33.57158],[22.34491,-33.57273],[22.34327,-33.53944],[22.35452,-33.53243],[22.34985,-33.5184],[22.31916,-33.505],[22.34751,-33.46603],[22.30881,-33.45692],[22.33633,-33.42012],[22.34121,-33.39245],[22.39132,-33.36406]]]}},{"type":"Feature","id":"Uniondale","properties":{"name":"Uniondale","includes":["Uniondale"],"district":"Garden Route","population":14147,"rate_reliable":true,"counts":{"all17":445,"contact":188,"property":108,"murder":3,"attempted_murder":10,"sexual":14,"robbery_agg":0,"robbery_common":8,"assault_gbh":65,"assault_common":88,"burglary_res":71,"burglary_nonres":12,"theft_vehicle":0,"theft_from_vehicle":9,"carjacking":0,"house_robbery":0,"business_robbery":0,"drugs":238,"firearms":3},"previous":{"all17":460,"contact":231,"property":89,"murder":5,"attempted_murder":3,"sexual":17,"robbery_agg":1,"robbery_common":5,"assault_gbh":83,"assault_common":117,"burglary_res":55,"burglary_nonres":12,"theft_vehicle":0,"theft_from_vehicle":13,"carjacking":0,"house_robbery":0,"business_robbery":0,"drugs":201,"firearms":4},"rates":{"all17":3145.5,"contact":1328.9,"property":763.4,"murder":21.2,"attempted_murder":70.7,"sexual":99.0,"robbery_agg":0.0,"robbery_common":56.5,"assault_gbh":459.5,"assault_common":622.0,"burglary_res":501.9,"burglary_nonres":84.8,"theft_vehicle":0.0,"theft_from_vehicle":63.6,"carjacking":0.0,"house_robbery":0.0,"business_robbery":0.0,"drugs":1682.3,"firearms":21.2}},"geometry":{"type":"Polygon","coordinates":[[[23.60615,-33.50333],[23.60402,-33.49638],[23.57864,-33.48566],[23.57905,-33.48466],[23.51413,-33.4627],[23.50991,-33.45956],[23.49566,-33.44342],[23.46764,-33.44812],[23.42328,-33.44196],[23.3934,-33.44568],[23.37381,-33.44538],[23.35491,-33.44116],[23.3641,-33.46173],[23.31818,-33.40663],[23.29716,-33.38863],[23.19535,-33.38613],[23.13483,-33.3876],[23.11292,-33.40079],[23.06641,-33.40033],[23.01542,-33.41236],[22.93481,-33.42911],[22.83028,-33.41906],[22.77446,-33.41972],[22.75421,-33.44392],[22.72851,-33.45414],[22.75989,-33.5307],[22.71612,-33.53165],[22.72323,-33.57338],[22.73012,-33.58294],[22.75569,-33.6407],[22.76157,-33.64602],[22.77018,-33.6485],[22.78134,-33.64674],[22.79592,-33.66929],[22.78791,-33.68158],[22.80932,-33.69936],[22.82836,-33.7258],[22.8523,-33.72127],[22.88959,-33.73877],[22.92418,-33.70293],[22.9721,-33.72344],[22.9793,-33.73319],[22.97943,-33.74383],[23.02035,-33.75117],[23.10575,-33.77809],[23.08797,-33.78948],[23.07648,-33.80855],[23.17815,-33.85938],[23.17301,-33.86117],[23.17445,-33.86151],[23.17743,-33.86454],[23.17754,-33.86658],[23.17611,-33.86642],[23.17487,-33.86748],[23.17007,-33.86665],[23.16821,-33.86729],[23.16241,-33.86751],[23.15738,-33.86546],[23.15601,-33.86572],[23.15301,-33.86497],[23.15292,-33.86731],[23.14853,-33.87386],[23.14893,-33.87568],[23.15044,-33.87728],[23.1539,-33.87989],[23.15573,-33.88008],[23.15609,-33.88151],[23.15795,-33.88303],[23.17896,-33.8866],[23.18615,-33.89045],[23.18739,-33.89254],[23.1936,-33.89329],[23.19778,-33.89512],[23.20229,-33.89531],[23.21115,-33.89713],[23.2156,-33.90095],[23.21445,-33.90284],[23.21483,-33.90388],[23.22285,-33.90617],[23.22529,-33.91012],[23.22961,-33.91034],[23.23206,-33.91159],[23.24579,-33.91439],[23.24581,-33.91532],[23.24407,-33.9162],[23.24408,-33.9173],[23.2483,-33.92213],[23.25044,-33.92703],[23.25461,-33.93029],[23.2798,-33.93794],[23.28194,-33.93747],[23.29369,-33.91948],[23.3065,-33.9053],[23.28366,-33.8931],[23.29925,-33.89167],[23.29696,-33.88286],[23.3434,-33.87367],[23.33442,-33.85654],[23.32549,-33.79912],[23.39463,-33.79304],[23.41496,-33.77617],[23.43009,-33.76175],[23.43996,-33.71737],[23.47538,-33.71764],[23.54129,-33.69953],[23.5417,-33.68299],[23.55556,-33.67295],[23.55622,-33.65129],[23.58591,-33.67273],[23.6288,-33.66932],[23.67045,-33.67254],[23.6716,-33.65454],[23.675,-33.62585],[23.61991,-33.59148],[23.6168,-33.56956],[23.59622,-33.57251],[23.60014,-33.52749],[23.60615,-33.50333]]]}},{"type":"Feature","id":"Ladismith","properties":{"name":"Ladismith","includes":["Ladismith"],"district":"Garden Route","population":18399,"rate_reliable":true,"counts":{"all17":854,"contact":406,"property":152,"murder":5,"attempted_murder":29,"sexual":28,"robbery_agg":11,"robbery_common":14,"assault_gbh":99,"assault_common":220,"burglary_res":98,"burglary_nonres":29,"theft_vehicle":3,"theft_from_vehicle":15,"carjacking":0,"house_robbery":2,"business_robbery":3,"drugs":408,"firearms":2},"previous":{"all17":729,"contact":367,"property":152,"murder":2,"attempted_murder":8,"sexual":36,"robbery_agg":5,"robbery_common":8,"assault_gbh":94,"assault_common":214,"burglary_res":89,"burglary_nonres":24,"theft_vehicle":1,"theft_from_vehicle":24,"carjacking":0,"house_robbery":1,"business_robbery":0,"drugs":364,"firearms":1},"rates":{"all17":4641.6,"contact":2206.6,"property":826.1,"murder":27.2,"attempted_murder":157.6,"sexual":152.2,"robbery_agg":59.8,"robbery_common":76.1,"assault_gbh":538.1,"assault_common":1195.7,"burglary_res":532.6,"burglary_nonres":157.6,"theft_vehicle":16.3,"theft_from_vehicle":81.5,"carjacking":0.0,"house_robbery":10.9,"business_robbery":16.3,"drugs":2217.5,"firearms":10.9}},"geometry":{"type":"Polygon","coordinates":[[[21.58154,-33.40453],[21.5534,-33.41049],[21.52186,-33.41437],[21.50472,-33.41066],[21.48854,-33.40931],[21.43315,-33.39413],[21.36779,-33.39819],[21.30253,-33.40705],[21.25282,-33.4156],[21.20646,-33.42166],[21.16577,-33.41495],[21.13835,-33.4228],[21.1139,-33.43069],[21.04933,-33.43385],[21.00976,-33.43922],[20.97269,-33.42247],[20.92185,-33.4306],[20.76206,-33.49078],[20.72363,-33.49713],[20.65667,-33.50452],[20.62035,-33.51007],[20.56104,-33.51682],[20.54766,-33.51946],[20.54942,-33.52864],[20.57719,-33.52805],[20.5744,-33.53871],[20.53252,-33.59747],[20.50321,-33.63696],[20.58165,-33.62207],[20.58623,-33.66718],[20.6455,-33.63615],[20.66607,-33.6219],[20.69964,-33.63269],[20.71913,-33.64034],[20.75196,-33.67147],[20.77563,-33.6916],[20.80725,-33.68969],[20.80955,-33.69849],[20.80031,-33.71496],[20.82889,-33.71635],[20.88506,-33.71732],[20.87997,-33.69256],[20.93885,-33.69978],[20.93415,-33.72458],[20.96572,-33.74258],[20.98067,-33.73955],[21.01038,-33.75651],[20.98646,-33.78075],[20.96563,-33.80423],[20.9568,-33.80621],[20.94343,-33.85181],[20.98169,-33.84555],[21.00259,-33.84784],[20.9916,-33.86795],[21.04151,-33.85416],[21.05163,-33.83422],[21.05324,-33.83848],[21.06073,-33.82927],[21.0726,-33.82437],[21.08465,-33.82287],[21.10147,-33.82664],[21.10773,-33.83184],[21.15413,-33.83224],[21.18565,-33.82327],[21.27269,-33.82194],[21.28123,-33.81847],[21.3711,-33.81985],[21.38938,-33.86269],[21.37087,-33.86358],[21.35789,-33.88637],[21.36032,-33.8998],[21.36243,-33.92546],[21.35675,-33.94398],[21.36958,-33.94476],[21.3835,-33.94683],[21.39354,-33.94506],[21.40306,-33.94851],[21.41298,-33.94662],[21.42065,-33.9515],[21.43843,-33.95039],[21.46884,-33.94233],[21.49894,-33.94945],[21.50794,-33.94631],[21.52101,-33.94493],[21.52893,-33.94273],[21.53192,-33.93949],[21.56579,-33.94656],[21.57801,-33.94334],[21.61401,-33.94452],[21.62487,-33.94221],[21.6367,-33.94274],[21.65828,-33.94204],[21.65809,-33.93767],[21.65328,-33.93485],[21.65185,-33.93209],[21.6515,-33.92811],[21.65354,-33.92397],[21.6536,-33.92125],[21.65262,-33.91854],[21.65382,-33.91053],[21.65347,-33.90851],[21.65531,-33.90726],[21.66151,-33.90729],[21.66376,-33.90903],[21.66464,-33.91304],[21.66525,-33.91308],[21.66651,-33.91026],[21.66894,-33.90855],[21.67391,-33.90148],[21.67594,-33.88341],[21.66236,-33.88129],[21.66296,-33.87969],[21.66563,-33.8786],[21.6723,-33.87778],[21.67377,-33.87699],[21.67536,-33.87377],[21.6831,-33.866],[21.6943,-33.85953],[21.69786,-33.85892],[21.70017,-33.85594],[21.70033,-33.85281],[21.69548,-33.85239],[21.76161,-33.82786],[21.7489,-33.79261],[21.69518,-33.80698],[21.69521,-33.79132],[21.70924,-33.78844],[21.71233,-33.78223],[21.71586,-33.77054],[21.71954,-33.74086],[21.68031,-33.72522],[21.71607,-33.68242],[21.6446,-33.68077],[21.60487,-33.66892],[21.57817,-33.67207],[21.58006,-33.61869],[21.5933,-33.60539],[21.57879,-33.58269],[21.57541,-33.58282],[21.56784,-33.57253],[21.56398,-33.53946],[21.56806,-33.51194],[21.58112,-33.50188],[21.57092,-33.47111],[21.58587,-33.43359],[21.58281,-33.42584],[21.58154,-33.40453]]]}},{"type":"Feature","id":"Still Bay","properties":{"name":"Still Bay","includes":["Still Bay"],"district":"Garden Route","population":9385,"rate_reliable":true,"counts":{"all17":314,"contact":117,"property":44,"murder":2,"attempted_murder":1,"sexual":6,"robbery_agg":5,"robbery_common":1,"assault_gbh":38,"assault_common":64,"burglary_res":35,"burglary_nonres":4,"theft_vehicle":1,"theft_from_vehicle":4,"carjacking":0,"house_robbery":1,"business_robbery":0,"drugs":260,"firearms":2},"previous":{"all17":372,"contact":115,"property":79,"murder":0,"attempted_murder":0,"sexual":3,"robbery_agg":2,"robbery_common":2,"assault_gbh":41,"assault_common":67,"burglary_res":52,"burglary_nonres":17,"theft_vehicle":0,"theft_from_vehicle":10,"carjacking":0,"house_robbery":0,"business_robbery":0,"drugs":197,"firearms":4},"rates":{"all17":3345.8,"contact":1246.7,"property":468.8,"murder":21.3,"attempted_murder":10.7,"sexual":63.9,"robbery_agg":53.3,"robbery_common":10.7,"assault_gbh":404.9,"assault_common":681.9,"burglary_res":372.9,"burglary_nonres":42.6,"theft_vehicle":10.7,"theft_from_vehicle":42.6,"carjacking":0.0,"house_robbery":10.7,"business_robbery":0.0,"drugs":2770.4,"firearms":21.3}},"geometry":{"type":"Polygon","coordinates":[[[21.53163,-34.35657],[21.53155,-34.3535],[21.54089,-34.33018],[21.53011,-34.32757],[21.55376,-34.2972],[21.51843,-34.28239],[21.5118,-34.23712],[21.46003,-34.23334],[21.45992,-34.23426],[21.43775,-34.24237],[21.42036,-34.2456],[21.41419,-34.24317],[21.4146,-34.24266],[21.41262,-34.24165],[21.41156,-34.24199],[21.39908,-34.23687],[21.39465,-34.23396],[21.39115,-34.23073],[21.38965,-34.2147],[21.39377,-34.20146],[21.38759,-34.19775],[21.35637,-34.20189],[21.34877,-34.20599],[21.32693,-34.21563],[21.32612,-34.22029],[21.32018,-34.22946],[21.3102,-34.23369],[21.29985,-34.25386],[21.22215,-34.26446],[21.21046,-34.26723],[21.19855,-34.28451],[21.19535,-34.29423],[21.19138,-34.29225],[21.18542,-34.27974],[21.17385,-34.28672],[21.17605,-34.30875],[21.11757,-34.29912],[21.09991,-34.3171],[21.09618,-34.3157],[21.09207,-34.32658],[21.09728,-34.32934],[21.08986,-34.36472],[21.0965,-34.37656],[21.10222,-34.37707],[21.11572,-34.3807],[21.12151,-34.38099],[21.13269,-34.38335],[21.1566,-34.39006],[21.16292,-34.39246],[21.17895,-34.3966],[21.20565,-34.40627],[21.20817,-34.40826],[21.20855,-34.41034],[21.20918,-34.41079],[21.2138,-34.4112],[21.21525,-34.41344],[21.2174,-34.41355],[21.21939,-34.41581],[21.22185,-34.41539],[21.22568,-34.41774],[21.22748,-34.41745],[21.22811,-34.41818],[21.22947,-34.4171],[21.23221,-34.4167],[21.2326,-34.41806],[21.23677,-34.41983],[21.24624,-34.4193],[21.24732,-34.42028],[21.24732,-34.42157],[21.24897,-34.42098],[21.25751,-34.42346],[21.25961,-34.42468],[21.26299,-34.42545],[21.26347,-34.42689],[21.2725,-34.42965],[21.27355,-34.43097],[21.27535,-34.43002],[21.2779,-34.43005],[21.29031,-34.43695],[21.29076,-34.43617],[21.29171,-34.43613],[21.29679,-34.43722],[21.29758,-34.43692],[21.29988,-34.4389],[21.30638,-34.43831],[21.30755,-34.4375],[21.31133,-34.43749],[21.31332,-34.43617],[21.31423,-34.43421],[21.31658,-34.43324],[21.31924,-34.43333],[21.32034,-34.4314],[21.32319,-34.43268],[21.32948,-34.4336],[21.33239,-34.43491],[21.33394,-34.43396],[21.33602,-34.43369],[21.33653,-34.43206],[21.33617,-34.42992],[21.33873,-34.42676],[21.34253,-34.42742],[21.34445,-34.42671],[21.35081,-34.42197],[21.35144,-34.42062],[21.35451,-34.41949],[21.36072,-34.41982],[21.36347,-34.42104],[21.3659,-34.42069],[21.36896,-34.42204],[21.3696,-34.42309],[21.37218,-34.42297],[21.37448,-34.42121],[21.37601,-34.41763],[21.37772,-34.41547],[21.37989,-34.41442],[21.38114,-34.4123],[21.38268,-34.41109],[21.38846,-34.40854],[21.39096,-34.40883],[21.39203,-34.41005],[21.39599,-34.41007],[21.39798,-34.40849],[21.39938,-34.40569],[21.4026,-34.40491],[21.40407,-34.40353],[21.41217,-34.40167],[21.41396,-34.39983],[21.414,-34.39886],[21.41263,-34.39821],[21.41265,-34.39633],[21.41331,-34.39557],[21.41417,-34.3958],[21.41545,-34.393],[21.41769,-34.39165],[21.42088,-34.3921],[21.42282,-34.39082],[21.42434,-34.3908],[21.42732,-34.39364],[21.42912,-34.39395],[21.42996,-34.3922],[21.42979,-34.39041],[21.42706,-34.38645],[21.42335,-34.38493],[21.42254,-34.3796],[21.42887,-34.37403],[21.43114,-34.37295],[21.45134,-34.36748],[21.45757,-34.36776],[21.45918,-34.36695],[21.46378,-34.36655],[21.47222,-34.36694],[21.47522,-34.36601],[21.48177,-34.36761],[21.4865,-34.36621],[21.49229,-34.36638],[21.49624,-34.36442],[21.49948,-34.3639],[21.50268,-34.36201],[21.50976,-34.35978],[21.51208,-34.35973],[21.51648,-34.36117],[21.51742,-34.35994],[21.52218,-34.35731],[21.52759,-34.35759],[21.53163,-34.35657]]]}},{"type":"Feature","id":"Laingsburg","properties":{"name":"Laingsburg","includes":["Laingsburg"],"district":"Central Karoo","population":9007,"rate_reliable":true,"counts":{"all17":475,"contact":209,"property":83,"murder":5,"attempted_murder":6,"sexual":10,"robbery_agg":2,"robbery_common":6,"assault_gbh":97,"assault_common":83,"burglary_res":44,"burglary_nonres":6,"theft_vehicle":0,"theft_from_vehicle":23,"carjacking":0,"house_robbery":0,"business_robbery":0,"drugs":234,"firearms":1},"previous":{"all17":409,"contact":158,"property":84,"murder":0,"attempted_murder":4,"sexual":11,"robbery_agg":1,"robbery_common":1,"assault_gbh":80,"assault_common":61,"burglary_res":41,"burglary_nonres":16,"theft_vehicle":0,"theft_from_vehicle":21,"carjacking":0,"house_robbery":1,"business_robbery":0,"drugs":132,"firearms":1},"rates":{"all17":5273.7,"contact":2320.4,"property":921.5,"murder":55.5,"attempted_murder":66.6,"sexual":111.0,"robbery_agg":22.2,"robbery_common":66.6,"assault_gbh":1076.9,"assault_common":921.5,"burglary_res":488.5,"burglary_nonres":66.6,"theft_vehicle":0.0,"theft_from_vehicle":255.4,"carjacking":0.0,"house_robbery":0.0,"business_robbery":0.0,"drugs":2598.0,"firearms":11.1}},"geometry":{"type":"Polygon","coordinates":[[[20.4386,-32.94006],[20.43475,-32.97186],[20.42789,-32.97935],[20.39502,-32.99318],[20.38382,-33.03623],[20.33433,-33.03574],[20.30262,-33.06794],[20.28707,-33.05851],[20.27912,-33.06384],[20.31855,-33.12083],[20.3065,-33.15929],[20.25132,-33.14985],[20.20224,-33.17005],[20.21836,-33.17384],[20.25803,-33.18839],[20.24877,-33.21475],[20.24404,-33.23642],[20.24717,-33.24573],[20.23567,-33.26236],[20.25124,-33.29146],[20.20357,-33.30268],[20.23952,-33.30986],[20.22456,-33.34592],[20.20904,-33.38017],[20.36746,-33.3654],[20.36567,-33.38075],[20.35281,-33.39311],[20.34492,-33.39287],[20.34837,-33.40353],[20.33535,-33.42512],[20.38697,-33.42509],[20.40771,-33.43415],[20.41674,-33.43546],[20.42761,-33.44887],[20.41988,-33.45291],[20.38614,-33.45911],[20.33616,-33.48782],[20.49807,-33.4638],[20.50172,-33.4984],[20.47569,-33.51338],[20.47825,-33.52772],[20.54766,-33.51946],[20.56104,-33.51682],[20.62035,-33.51007],[20.65667,-33.50452],[20.72363,-33.49713],[20.76206,-33.49078],[20.92185,-33.4306],[20.97269,-33.42247],[21.00976,-33.43922],[21.04933,-33.43385],[21.1139,-33.43069],[21.13835,-33.4228],[21.16577,-33.41495],[21.20646,-33.42166],[21.25282,-33.4156],[21.30253,-33.40705],[21.36779,-33.39819],[21.43315,-33.39413],[21.48854,-33.40931],[21.50472,-33.41066],[21.52186,-33.41437],[21.5534,-33.41049],[21.58154,-33.40453],[21.61199,-33.39676],[21.62234,-33.38674],[21.62151,-33.38098],[21.62252,-33.37897],[21.62363,-33.37818],[21.63006,-33.37847],[21.63398,-33.38145],[21.63584,-33.38145],[21.63689,-33.3803],[21.63631,-33.37912],[21.63344,-33.37843],[21.63101,-33.37451],[21.63026,-33.37211],[21.62992,-33.36209],[21.62895,-33.36069],[21.62812,-33.35563],[21.62534,-33.34977],[21.62844,-33.33419],[21.62805,-33.33261],[21.62532,-33.32941],[21.625,-33.32801],[21.62622,-33.32532],[21.6277,-33.32417],[21.63103,-33.32313],[21.63401,-33.32374],[21.63717,-33.32679],[21.64062,-33.32884],[21.6426,-33.32798],[21.64335,-33.32622],[21.64199,-33.32342],[21.63967,-33.32126],[21.63669,-33.31702],[21.63593,-33.31515],[21.63575,-33.31113],[21.6339,-33.3092],[21.63254,-33.30621],[21.63667,-33.30201],[21.63743,-33.29979],[21.63306,-33.2948],[21.63252,-33.29023],[21.63232,-33.28018],[21.63394,-33.27256],[21.63484,-33.27114],[21.63182,-33.26936],[21.62408,-33.24635],[21.51832,-33.24935],[21.53107,-33.22969],[21.51918,-33.17281],[21.47357,-33.10708],[21.53189,-33.10871],[21.55345,-33.08276],[21.54567,-33.07669],[21.54438,-33.07477],[21.54756,-33.06224],[21.54776,-33.06017],[21.54701,-33.05751],[21.542,-33.05384],[21.52576,-33.04749],[21.51145,-33.04507],[21.50693,-33.04303],[21.50185,-33.0384],[21.49802,-33.02879],[21.48918,-33.02269],[21.48599,-33.01954],[21.48462,-33.014],[21.45851,-33.01125],[21.44292,-33.00046],[21.42599,-32.97017],[21.39641,-32.93833],[21.34887,-32.9287],[21.32764,-32.9347],[21.28516,-32.93913],[21.24732,-32.92804],[21.19239,-32.94056],[21.1777,-32.91807],[21.1608,-32.88557],[21.18415,-32.84198],[21.19129,-32.80834],[21.1823,-32.80632],[21.18306,-32.80209],[21.19377,-32.79449],[21.16138,-32.73342],[21.16184,-32.70461],[21.13684,-32.67384],[21.12435,-32.65472],[21.11601,-32.65728],[21.11482,-32.65018],[21.1155,-32.64963],[21.11268,-32.64582],[21.09447,-32.65303],[21.06029,-32.6555],[21.03731,-32.6491],[20.96278,-32.6393],[20.8441,-32.66244],[20.82285,-32.69454],[20.78984,-32.71123],[20.7922,-32.73503],[20.83034,-32.78457],[20.83243,-32.81737],[20.79856,-32.89475],[20.74421,-32.91289],[20.73117,-32.94499],[20.65034,-32.93227],[20.64962,-32.93365],[20.6219,-32.94315],[20.59007,-32.94298],[20.5921,-32.92647],[20.56123,-32.88097],[20.4993,-32.94163],[20.4386,-32.94006]]]}},{"type":"Feature","id":"Murraysburg","properties":{"name":"Murraysburg","includes":["Murraysburg"],"district":"Central Karoo","population":6563,"rate_reliable":true,"counts":{"all17":273,"contact":76,"property":143,"murder":3,"attempted_murder":3,"sexual":5,"robbery_agg":3,"robbery_common":5,"assault_gbh":35,"assault_common":22,"burglary_res":74,"burglary_nonres":6,"theft_vehicle":2,"theft_from_vehicle":15,"carjacking":0,"house_robbery":0,"business_robbery":1,"drugs":24,"firearms":0},"previous":{"all17":296,"contact":88,"property":135,"murder":6,"attempted_murder":2,"sexual":7,"robbery_agg":4,"robbery_common":8,"assault_gbh":41,"assault_common":20,"burglary_res":81,"burglary_nonres":4,"theft_vehicle":0,"theft_from_vehicle":12,"carjacking":0,"house_robbery":1,"business_robbery":0,"drugs":22,"firearms":0},"rates":{"all17":4159.7,"contact":1158.0,"property":2178.9,"murder":45.7,"attempted_murder":45.7,"sexual":76.2,"robbery_agg":45.7,"robbery_common":76.2,"assault_gbh":533.3,"assault_common":335.2,"burglary_res":1127.5,"burglary_nonres":91.4,"theft_vehicle":30.5,"theft_from_vehicle":228.6,"carjacking":0.0,"house_robbery":0.0,"business_robbery":15.2,"drugs":365.7,"firearms":0.0}},"geometry":{"type":"Polygon","coordinates":[[[23.3331,-32.35113],[23.34931,-32.36441],[23.4099,-32.38918],[23.4247,-32.35623],[23.44858,-32.32368],[23.52389,-32.32584],[23.5555,-32.33538],[23.59173,-32.34075],[23.66518,-32.34423],[23.67841,-32.3291],[23.65697,-32.30389],[23.64814,-32.2982],[23.66363,-32.2534],[23.66996,-32.23753],[23.69246,-32.23346],[23.70821,-32.21914],[23.72612,-32.20845],[23.74712,-32.20068],[23.76628,-32.17873],[23.79789,-32.19408],[23.85112,-32.24251],[23.86449,-32.24899],[23.89233,-32.25495],[23.91628,-32.23767],[23.921,-32.23342],[23.93554,-32.23192],[23.94492,-32.2249],[23.95411,-32.21673],[23.96193,-32.20624],[23.98688,-32.19832],[23.98642,-32.1966],[23.98794,-32.19714],[24.03118,-32.19269],[24.04389,-32.18112],[24.03834,-32.15801],[24.06926,-32.1601],[24.08824,-32.16383],[24.10017,-32.16399],[24.11297,-32.15093],[24.10226,-32.14883],[24.11761,-32.13522],[24.1304,-32.13196],[24.13557,-32.12314],[24.13548,-32.09792],[24.10972,-32.08429],[24.09793,-32.11076],[24.09882,-32.09155],[24.09792,-32.08517],[24.10288,-32.06989],[24.10447,-32.06764],[24.11051,-32.06877],[24.1126,-32.07003],[24.11192,-32.06163],[24.12333,-32.05593],[24.13485,-32.0602],[24.14111,-32.05136],[24.12865,-32.04125],[24.13524,-32.02707],[24.14087,-32.01181],[24.174,-32.02084],[24.17452,-32.01327],[24.18887,-32.01273],[24.18725,-32.00867],[24.19326,-32.00537],[24.18241,-31.99667],[24.22245,-31.95564],[24.20563,-31.94183],[24.19985,-31.94257],[24.18814,-31.93368],[24.19112,-31.92693],[24.19725,-31.9235],[24.16424,-31.90241],[24.14513,-31.89706],[24.1455,-31.90287],[24.13739,-31.90509],[24.11693,-31.90559],[24.10419,-31.9066],[24.10317,-31.88619],[24.1062,-31.88533],[24.11406,-31.8661],[24.12331,-31.84707],[24.1518,-31.85443],[24.1535,-31.82233],[24.15698,-31.82267],[24.17718,-31.81933],[24.18062,-31.81534],[24.18112,-31.81284],[24.15217,-31.79814],[24.15234,-31.7881],[24.10119,-31.79218],[24.09168,-31.79533],[24.07066,-31.8064],[24.05613,-31.77595],[24.04316,-31.76732],[24.02856,-31.73017],[24.02914,-31.72195],[24.04689,-31.70668],[23.99346,-31.70606],[23.96307,-31.70669],[23.96721,-31.71503],[23.95162,-31.74933],[23.94699,-31.77433],[23.91704,-31.79566],[23.91426,-31.82157],[23.89222,-31.83615],[23.87841,-31.83335],[23.8379,-31.78333],[23.8294,-31.78027],[23.83719,-31.7679],[23.80856,-31.76366],[23.84766,-31.7292],[23.8416,-31.71505],[23.81571,-31.71414],[23.77752,-31.69705],[23.75654,-31.69571],[23.73454,-31.65456],[23.71518,-31.64704],[23.6888,-31.64959],[23.66074,-31.65613],[23.63953,-31.66008],[23.61919,-31.64943],[23.59448,-31.66224],[23.57458,-31.68915],[23.53552,-31.69177],[23.52394,-31.70531],[23.49617,-31.70267],[23.42318,-31.68212],[23.41651,-31.67222],[23.40179,-31.69956],[23.40715,-31.71379],[23.38801,-31.71469],[23.34699,-31.71006],[23.30247,-31.73014],[23.26619,-31.77319],[23.26349,-31.77833],[23.26242,-31.81538],[23.22509,-31.85403],[23.23042,-31.87569],[23.19157,-31.90457],[23.17122,-31.91813],[23.15191,-31.93975],[23.14478,-31.9431],[23.13945,-31.95153],[23.11889,-31.96006],[23.1044,-31.9606],[23.09157,-31.99713],[23.09522,-32.01422],[23.10827,-32.04745],[23.1263,-32.06209],[23.07228,-32.08279],[23.10572,-32.10865],[23.15699,-32.13595],[23.21336,-32.14414],[23.22146,-32.14196],[23.23182,-32.13369],[23.31318,-32.24264],[23.30031,-32.26412],[23.29047,-32.27829],[23.29515,-32.3016],[23.30628,-32.31969],[23.3331,-32.35113]]]}},{"type":"Feature","id":"Cape Town Central","properties":{"name":"Cape Town Central","includes":["Cape Town Central"],"district":"City of Cape Town","population":38216,"rate_reliable":true,"counts":{"all17":10466,"contact":2807,"property":2300,"murder":7,"attempted_murder":17,"sexual":108,"robbery_agg":489,"robbery_common":1424,"assault_gbh":117,"assault_common":645,"burglary_res":188,"burglary_nonres":94,"theft_vehicle":166,"theft_from_vehicle":1852,"carjacking":17,"house_robbery":7,"business_robbery":9,"drugs":6293,"firearms":12},"previous":{"all17":11922,"contact":3162,"property":2922,"murder":9,"attempted_murder":5,"sexual":97,"robbery_agg":717,"robbery_common":1492,"assault_gbh":133,"assault_common":709,"burglary_res":279,"burglary_nonres":122,"theft_vehicle":154,"theft_from_vehicle":2367,"carjacking":24,"house_robbery":12,"business_robbery":10,"drugs":4497,"firearms":19},"rates":{"all17":27386.4,"contact":7345.1,"property":6018.4,"murder":18.3,"attempted_murder":44.5,"sexual":282.6,"robbery_agg":1279.6,"robbery_common":3726.2,"assault_gbh":306.2,"assault_common":1687.8,"burglary_res":491.9,"burglary_nonres":246.0,"theft_vehicle":434.4,"theft_from_vehicle":4846.1,"carjacking":44.5,"house_robbery":18.3,"business_robbery":23.6,"drugs":16466.9,"firearms":31.4}},"geometry":{"type":"Polygon","coordinates":[[[18.446,-33.92106],[18.43816,-33.92087],[18.43111,-33.91588],[18.43019,-33.91578],[18.43022,-33.91517],[18.42845,-33.91388],[18.42395,-33.91355],[18.42157,-33.91433],[18.41969,-33.91105],[18.41871,-33.91077],[18.41605,-33.91077],[18.41152,-33.91368],[18.40408,-33.91648],[18.40297,-33.91733],[18.40344,-33.91779],[18.40298,-33.91823],[18.39901,-33.92036],[18.3982,-33.92306],[18.39705,-33.92446],[18.39687,-33.92627],[18.39443,-33.92919],[18.39438,-33.93319],[18.3951,-33.93553],[18.39416,-33.94212],[18.4029,-33.95721],[18.40295,-33.95824],[18.40515,-33.96012],[18.40521,-33.9607],[18.4044,-33.96089],[18.40649,-33.96284],[18.40767,-33.96517],[18.40568,-33.96663],[18.3993,-33.96646],[18.39675,-33.96752],[18.39601,-33.96846],[18.39722,-33.96992],[18.40501,-33.97376],[18.40702,-33.97398],[18.41075,-33.97307],[18.41336,-33.97674],[18.41757,-33.97885],[18.4229,-33.97736],[18.42228,-33.97553],[18.42524,-33.97482],[18.42739,-33.97302],[18.42723,-33.97011],[18.42652,-33.96887],[18.42758,-33.96856],[18.42734,-33.96761],[18.42919,-33.96689],[18.43005,-33.96546],[18.42958,-33.96204],[18.42776,-33.96049],[18.43387,-33.95834],[18.44044,-33.95452],[18.45116,-33.95037],[18.4473,-33.95036],[18.44467,-33.94951],[18.44535,-33.94358],[18.44292,-33.94259],[18.44292,-33.93768],[18.44227,-33.93762],[18.44225,-33.93639],[18.44153,-33.9363],[18.43975,-33.93367],[18.4408,-33.93163],[18.44096,-33.92762],[18.4424,-33.92778],[18.44335,-33.92399],[18.44602,-33.92341],[18.446,-33.92106]]]}},{"type":"Feature","id":"Camps Bay","properties":{"name":"Camps Bay","includes":["Camps Bay"],"district":"City of Cape Town","population":7226,"rate_reliable":true,"counts":{"all17":563,"contact":69,"property":153,"murder":1,"attempted_murder":1,"sexual":11,"robbery_agg":7,"robbery_common":8,"assault_gbh":8,"assault_common":33,"burglary_res":41,"burglary_nonres":3,"theft_vehicle":7,"theft_from_vehicle":102,"carjacking":0,"house_robbery":2,"business_robbery":0,"drugs":15,"firearms":0},"previous":{"all17":539,"contact":74,"property":164,"murder":0,"attempted_murder":0,"sexual":10,"robbery_agg":16,"robbery_common":13,"assault_gbh":6,"assault_common":29,"burglary_res":73,"burglary_nonres":11,"theft_vehicle":6,"theft_from_vehicle":74,"carjacking":0,"house_robbery":4,"business_robbery":0,"drugs":39,"firearms":1},"rates":{"all17":7791.3,"contact":954.9,"property":2117.4,"murder":13.8,"attempted_murder":13.8,"sexual":152.2,"robbery_agg":96.9,"robbery_common":110.7,"assault_gbh":110.7,"assault_common":456.7,"burglary_res":567.4,"burglary_nonres":41.5,"theft_vehicle":96.9,"theft_from_vehicle":1411.6,"carjacking":0.0,"house_robbery":27.7,"business_robbery":0.0,"drugs":207.6,"firearms":0.0}},"geometry":{"type":"Polygon","coordinates":[[[18.37489,-33.93166],[18.37379,-33.93246],[18.37602,-33.93283],[18.37682,-33.9353],[18.37556,-33.93931],[18.37427,-33.94031],[18.37256,-33.94061],[18.36995,-33.93931],[18.36904,-33.9405],[18.37023,-33.94367],[18.37196,-33.94515],[18.37639,-33.9467],[18.37693,-33.94925],[18.37597,-33.95155],[18.37413,-33.95168],[18.37306,-33.95256],[18.37444,-33.95436],[18.37438,-33.95591],[18.37644,-33.95848],[18.37472,-33.95921],[18.37236,-33.95871],[18.37072,-33.96047],[18.37187,-33.96249],[18.37273,-33.96676],[18.37009,-33.96859],[18.37017,-33.97275],[18.36469,-33.97808],[18.36196,-33.97879],[18.3617,-33.98033],[18.35961,-33.97919],[18.35825,-33.97918],[18.3575,-33.98],[18.35736,-33.98237],[18.35611,-33.9836],[18.35376,-33.984],[18.35238,-33.98554],[18.34842,-33.98624],[18.34493,-33.98931],[18.34295,-33.99023],[18.34181,-33.99279],[18.34302,-33.99662],[18.34128,-33.99805],[18.34014,-34.00114],[18.34042,-34.00254],[18.34262,-34.00429],[18.34782,-34.00537],[18.35421,-34.00399],[18.35698,-34.0006],[18.35502,-33.99975],[18.35508,-33.99902],[18.35658,-33.99851],[18.36059,-33.99875],[18.36634,-33.99556],[18.36961,-33.99553],[18.37167,-33.99363],[18.3735,-33.99356],[18.37351,-33.98896],[18.37493,-33.98777],[18.37947,-33.98601],[18.3796,-33.98558],[18.37783,-33.98482],[18.37833,-33.98315],[18.38047,-33.98363],[18.38232,-33.98308],[18.38261,-33.98239],[18.38124,-33.97946],[18.38652,-33.97912],[18.38687,-33.9779],[18.38769,-33.97782],[18.38666,-33.97574],[18.38901,-33.97516],[18.38985,-33.97299],[18.39252,-33.97236],[18.39323,-33.97162],[18.39157,-33.97083],[18.39189,-33.97019],[18.39503,-33.96935],[18.39675,-33.96752],[18.3991,-33.96651],[18.40568,-33.96663],[18.40765,-33.96536],[18.40649,-33.96284],[18.4044,-33.96089],[18.40521,-33.9607],[18.40515,-33.96012],[18.40295,-33.95824],[18.4029,-33.95721],[18.39416,-33.94212],[18.39506,-33.935],[18.38912,-33.93497],[18.37752,-33.9316],[18.37489,-33.93166]]]}},{"type":"Feature","id":"Maitland","properties":{"name":"Maitland","includes":["Maitland"],"district":"City of Cape Town","population":16677,"rate_reliable":true,"counts":{"all17":1840,"contact":593,"property":577,"murder":20,"attempted_murder":7,"sexual":29,"robbery_agg":219,"robbery_common":84,"assault_gbh":72,"assault_common":162,"burglary_res":68,"burglary_nonres":91,"theft_vehicle":55,"theft_from_vehicle":363,"carjacking":12,"house_robbery":3,"business_robbery":10,"drugs":126,"firearms":3},"previous":{"all17":1702,"contact":561,"property":498,"murder":4,"attempted_murder":8,"sexual":26,"robbery_agg":206,"robbery_common":107,"assault_gbh":67,"assault_common":143,"burglary_res":55,"burglary_nonres":67,"theft_vehicle":41,"theft_from_vehicle":335,"carjacking":13,"house_robbery":3,"business_robbery":13,"drugs":83,"firearms":3},"rates":{"all17":11033.2,"contact":3555.8,"property":3459.9,"murder":119.9,"attempted_murder":42.0,"sexual":173.9,"robbery_agg":1313.2,"robbery_common":503.7,"assault_gbh":431.7,"assault_common":971.4,"burglary_res":407.7,"burglary_nonres":545.7,"theft_vehicle":329.8,"theft_from_vehicle":2176.7,"carjacking":72.0,"house_robbery":18.0,"business_robbery":60.0,"drugs":755.5,"firearms":18.0}},"geometry":{"type":"Polygon","coordinates":[[[18.52183,-33.89008],[18.52178,-33.88919],[18.4976,-33.91138],[18.49246,-33.91446],[18.48872,-33.91582],[18.48853,-33.9125],[18.48922,-33.9115],[18.49012,-33.91175],[18.49065,-33.91064],[18.48085,-33.90706],[18.47949,-33.90586],[18.48052,-33.9055],[18.48125,-33.90423],[18.48121,-33.90258],[18.48225,-33.90164],[18.47811,-33.89999],[18.47537,-33.9047],[18.47239,-33.90826],[18.46227,-33.91629],[18.46573,-33.91854],[18.46084,-33.92082],[18.46087,-33.92227],[18.46961,-33.92412],[18.46998,-33.92685],[18.47678,-33.92593],[18.47922,-33.92965],[18.47958,-33.93243],[18.48114,-33.93552],[18.47742,-33.93594],[18.47902,-33.94068],[18.48016,-33.94037],[18.48132,-33.94329],[18.48248,-33.94298],[18.48325,-33.94074],[18.48371,-33.94075],[18.48533,-33.94309],[18.49073,-33.9455],[18.49142,-33.945],[18.49031,-33.93819],[18.49072,-33.93606],[18.49441,-33.92949],[18.49619,-33.92726],[18.49762,-33.92713],[18.49807,-33.92634],[18.49756,-33.92313],[18.50569,-33.92208],[18.5031,-33.92111],[18.50062,-33.91899],[18.49592,-33.91651],[18.49082,-33.91581],[18.49811,-33.91183],[18.52183,-33.89008]]]}},{"type":"Feature","id":"Milnerton","properties":{"name":"Milnerton","includes":["Milnerton"],"district":"City of Cape Town","population":90061,"rate_reliable":true,"counts":{"all17":4954,"contact":1898,"property":889,"murder":95,"attempted_murder":54,"sexual":95,"robbery_agg":622,"robbery_common":225,"assault_gbh":277,"assault_common":530,"burglary_res":302,"burglary_nonres":30,"theft_vehicle":126,"theft_from_vehicle":431,"carjacking":30,"house_robbery":69,"business_robbery":10,"drugs":725,"firearms":19},"previous":{"all17":5097,"contact":1846,"property":952,"murder":72,"attempted_murder":62,"sexual":128,"robbery_agg":602,"robbery_common":163,"assault_gbh":231,"assault_common":588,"burglary_res":341,"burglary_nonres":88,"theft_vehicle":138,"theft_from_vehicle":385,"carjacking":36,"house_robbery":62,"business_robbery":19,"drugs":633,"firearms":22},"rates":{"all17":5500.7,"contact":2107.5,"property":987.1,"murder":105.5,"attempted_murder":60.0,"sexual":105.5,"robbery_agg":690.6,"robbery_common":249.8,"assault_gbh":307.6,"assault_common":588.5,"burglary_res":335.3,"burglary_nonres":33.3,"theft_vehicle":139.9,"theft_from_vehicle":478.6,"carjacking":33.3,"house_robbery":76.6,"business_robbery":11.1,"drugs":805.0,"firearms":21.1}},"geometry":{"type":"Polygon","coordinates":[[[18.47811,-33.89999],[18.48225,-33.90164],[18.48121,-33.90258],[18.48125,-33.90423],[18.48052,-33.9055],[18.47949,-33.90586],[18.48085,-33.90706],[18.49065,-33.91064],[18.49012,-33.91175],[18.48922,-33.9115],[18.48853,-33.9125],[18.48872,-33.91582],[18.48994,-33.91544],[18.4976,-33.91138],[18.52292,-33.88813],[18.52843,-33.88491],[18.53099,-33.88224],[18.52936,-33.86566],[18.53326,-33.84828],[18.5335,-33.84487],[18.54573,-33.81412],[18.5481,-33.80449],[18.54614,-33.80579],[18.53844,-33.81416],[18.5296,-33.82635],[18.52612,-33.83422],[18.52433,-33.84167],[18.51894,-33.84019],[18.51715,-33.84289],[18.50756,-33.84855],[18.49979,-33.85857],[18.49765,-33.85686],[18.49524,-33.85021],[18.4883,-33.84383],[18.4848,-33.8351],[18.48265,-33.83511],[18.48638,-33.84424],[18.48868,-33.85324],[18.48904,-33.8706],[18.48797,-33.87692],[18.48465,-33.88644],[18.47811,-33.89999]]]}},{"type":"Feature","id":"Pinelands","properties":{"name":"Pinelands","includes":["Pinelands"],"district":"City of Cape Town","population":17875,"rate_reliable":true,"counts":{"all17":1126,"contact":200,"property":275,"murder":2,"attempted_murder":3,"sexual":7,"robbery_agg":54,"robbery_common":90,"assault_gbh":9,"assault_common":35,"burglary_res":60,"burglary_nonres":22,"theft_vehicle":35,"theft_from_vehicle":158,"carjacking":7,"house_robbery":0,"business_robbery":5,"drugs":50,"firearms":0},"previous":{"all17":1230,"contact":252,"property":393,"murder":2,"attempted_murder":1,"sexual":16,"robbery_agg":65,"robbery_common":80,"assault_gbh":11,"assault_common":77,"burglary_res":111,"burglary_nonres":29,"theft_vehicle":37,"theft_from_vehicle":216,"carjacking":7,"house_robbery":6,"business_robbery":2,"drugs":43,"firearms":0},"rates":{"all17":6299.3,"contact":1118.9,"property":1538.5,"murder":11.2,"attempted_murder":16.8,"sexual":39.2,"robbery_agg":302.1,"robbery_common":503.5,"assault_gbh":50.3,"assault_common":195.8,"burglary_res":335.7,"burglary_nonres":123.1,"theft_vehicle":195.8,"theft_from_vehicle":883.9,"carjacking":39.2,"house_robbery":0.0,"business_robbery":28.0,"drugs":279.7,"firearms":0.0}},"geometry":{"type":"Polygon","coordinates":[[[18.54289,-33.94124],[18.5437,-33.92673],[18.54122,-33.9169],[18.53437,-33.91843],[18.49756,-33.92313],[18.49807,-33.92634],[18.49762,-33.92713],[18.49619,-33.92726],[18.49441,-33.92949],[18.49072,-33.93606],[18.49031,-33.93819],[18.49142,-33.945],[18.49022,-33.94569],[18.48708,-33.94409],[18.49135,-33.94937],[18.4939,-33.95087],[18.4955,-33.9511],[18.50296,-33.9493],[18.51082,-33.94948],[18.50948,-33.94863],[18.509,-33.9474],[18.51215,-33.94613],[18.52492,-33.93691],[18.53367,-33.94001],[18.54289,-33.94124]]]}},{"type":"Feature","id":"Kensington","properties":{"name":"Kensington","includes":["Kensington"],"district":"City of Cape Town","population":24448,"rate_reliable":true,"counts":{"all17":888,"contact":318,"property":137,"murder":21,"attempted_murder":36,"sexual":24,"robbery_agg":50,"robbery_common":24,"assault_gbh":28,"assault_common":135,"burglary_res":39,"burglary_nonres":22,"theft_vehicle":25,"theft_from_vehicle":51,"carjacking":3,"house_robbery":0,"business_robbery":0,"drugs":643,"firearms":84},"previous":{"all17":970,"contact":369,"property":200,"murder":6,"attempted_murder":17,"sexual":21,"robbery_agg":80,"robbery_common":26,"assault_gbh":45,"assault_common":174,"burglary_res":54,"burglary_nonres":47,"theft_vehicle":15,"theft_from_vehicle":84,"carjacking":3,"house_robbery":1,"business_robbery":4,"drugs":441,"firearms":10},"rates":{"all17":3632.2,"contact":1300.7,"property":560.4,"murder":85.9,"attempted_murder":147.3,"sexual":98.2,"robbery_agg":204.5,"robbery_common":98.2,"assault_gbh":114.5,"assault_common":552.2,"burglary_res":159.5,"burglary_nonres":90.0,"theft_vehicle":102.3,"theft_from_vehicle":208.6,"carjacking":12.3,"house_robbery":0.0,"business_robbery":0.0,"drugs":2630.1,"firearms":343.6}},"geometry":{"type":"Polygon","coordinates":[[[18.54122,-33.9169],[18.54041,-33.91403],[18.5362,-33.91447],[18.5359,-33.9132],[18.52342,-33.91532],[18.52183,-33.89008],[18.49811,-33.91183],[18.49082,-33.91581],[18.49592,-33.91651],[18.50062,-33.91899],[18.5031,-33.92111],[18.50569,-33.92208],[18.53437,-33.91843],[18.54122,-33.9169]]]}},{"type":"Feature","id":"Delft","properties":{"name":"Delft","includes":["Delft"],"district":"City of Cape Town","population":224834,"rate_reliable":true,"counts":{"all17":6617,"contact":3688,"property":823,"murder":222,"attempted_murder":139,"sexual":278,"robbery_agg":958,"robbery_common":165,"assault_gbh":730,"assault_common":1196,"burglary_res":478,"burglary_nonres":18,"theft_vehicle":123,"theft_from_vehicle":203,"carjacking":268,"house_robbery":91,"business_robbery":13,"drugs":4187,"firearms":226},"previous":{"all17":6830,"contact":3844,"property":837,"murder":276,"attempted_murder":172,"sexual":274,"robbery_agg":997,"robbery_common":196,"assault_gbh":717,"assault_common":1212,"burglary_res":525,"burglary_nonres":23,"theft_vehicle":99,"theft_from_vehicle":189,"carjacking":264,"house_robbery":96,"business_robbery":16,"drugs":3787,"firearms":238},"rates":{"all17":2943.1,"contact":1640.3,"property":366.0,"murder":98.7,"attempted_murder":61.8,"sexual":123.6,"robbery_agg":426.1,"robbery_common":73.4,"assault_gbh":324.7,"assault_common":531.9,"burglary_res":212.6,"burglary_nonres":8.0,"theft_vehicle":54.7,"theft_from_vehicle":90.3,"carjacking":119.2,"house_robbery":40.5,"business_robbery":5.8,"drugs":1862.3,"firearms":100.5}},"geometry":{"type":"Polygon","coordinates":[[[18.59977,-33.94682],[18.59895,-33.94738],[18.59812,-33.95066],[18.60209,-33.95145],[18.6015,-33.95384],[18.60349,-33.95419],[18.60286,-33.95676],[18.6075,-33.95756],[18.60707,-33.95947],[18.6089,-33.96531],[18.61796,-33.96335],[18.61844,-33.96713],[18.61175,-33.9925],[18.62707,-33.99842],[18.63125,-33.99864],[18.63502,-33.9975],[18.63982,-33.99468],[18.65061,-33.9842],[18.65258,-33.97846],[18.65735,-33.95486],[18.60778,-33.95087],[18.5994,-33.94837],[18.59977,-33.94682]]]}},{"type":"Feature","id":"Bellville","properties":{"name":"Bellville","includes":["Bellville"],"district":"City of Cape Town","population":57296,"rate_reliable":true,"counts":{"all17":4731,"contact":1021,"property":1243,"murder":9,"attempted_murder":11,"sexual":64,"robbery_agg":379,"robbery_common":250,"assault_gbh":86,"assault_common":222,"burglary_res":303,"burglary_nonres":96,"theft_vehicle":118,"theft_from_vehicle":726,"carjacking":31,"house_robbery":17,"business_robbery":7,"drugs":1177,"firearms":18},"previous":{"all17":4624,"contact":1047,"property":1308,"murder":19,"attempted_murder":9,"sexual":59,"robbery_agg":351,"robbery_common":262,"assault_gbh":82,"assault_common":265,"burglary_res":344,"burglary_nonres":86,"theft_vehicle":141,"theft_from_vehicle":737,"carjacking":15,"house_robbery":23,"business_robbery":11,"drugs":915,"firearms":9},"rates":{"all17":8257.1,"contact":1782.0,"property":2169.4,"murder":15.7,"attempted_murder":19.2,"sexual":111.7,"robbery_agg":661.5,"robbery_common":436.3,"assault_gbh":150.1,"assault_common":387.5,"burglary_res":528.8,"burglary_nonres":167.6,"theft_vehicle":205.9,"theft_from_vehicle":1267.1,"carjacking":54.1,"house_robbery":29.7,"business_robbery":12.2,"drugs":2054.2,"firearms":31.4}},"geometry":{"type":"Polygon","coordinates":[[[18.66925,-33.87032],[18.66597,-33.87351],[18.65895,-33.87646],[18.65603,-33.87399],[18.64815,-33.87137],[18.64266,-33.87244],[18.63697,-33.87134],[18.63363,-33.86833],[18.63308,-33.86264],[18.63142,-33.86254],[18.62883,-33.8601],[18.62529,-33.86033],[18.62043,-33.86162],[18.61524,-33.86064],[18.60863,-33.86163],[18.60573,-33.85955],[18.59415,-33.86248],[18.59388,-33.86607],[18.59502,-33.86693],[18.59545,-33.87545],[18.59707,-33.88043],[18.60037,-33.88508],[18.60007,-33.8873],[18.59742,-33.88689],[18.59925,-33.88788],[18.59894,-33.88844],[18.60102,-33.88936],[18.60587,-33.88986],[18.6063,-33.89421],[18.60689,-33.89421],[18.60648,-33.89944],[18.611,-33.90187],[18.61094,-33.9036],[18.60901,-33.90668],[18.61763,-33.90564],[18.62226,-33.90589],[18.62925,-33.90764],[18.63256,-33.9075],[18.63259,-33.90689],[18.65941,-33.91387],[18.66266,-33.91575],[18.67312,-33.89329],[18.67153,-33.88763],[18.6753,-33.88635],[18.67143,-33.87231],[18.66925,-33.87032]]]}},{"type":"Feature","id":"Simon's Town","properties":{"name":"Simon's Town","includes":["Simon's Town"],"district":"City of Cape Town","population":12934,"rate_reliable":true,"counts":{"all17":495,"contact":81,"property":141,"murder":1,"attempted_murder":1,"sexual":9,"robbery_agg":9,"robbery_common":8,"assault_gbh":17,"assault_common":36,"burglary_res":52,"burglary_nonres":3,"theft_vehicle":15,"theft_from_vehicle":71,"carjacking":0,"house_robbery":3,"business_robbery":1,"drugs":12,"firearms":0},"previous":{"all17":505,"contact":83,"property":177,"murder":2,"attempted_murder":0,"sexual":4,"robbery_agg":10,"robbery_common":4,"assault_gbh":16,"assault_common":47,"burglary_res":98,"burglary_nonres":9,"theft_vehicle":15,"theft_from_vehicle":55,"carjacking":0,"house_robbery":4,"business_robbery":0,"drugs":22,"firearms":0},"rates":{"all17":3827.1,"contact":626.3,"property":1090.1,"murder":7.7,"attempted_murder":7.7,"sexual":69.6,"robbery_agg":69.6,"robbery_common":61.9,"assault_gbh":131.4,"assault_common":278.3,"burglary_res":402.0,"burglary_nonres":23.2,"theft_vehicle":116.0,"theft_from_vehicle":548.9,"carjacking":0.0,"house_robbery":23.2,"business_robbery":7.7,"drugs":92.8,"firearms":0.0}},"geometry":{"type":"Polygon","coordinates":[[[18.35578,-34.17976],[18.36242,-34.18483],[18.36708,-34.19129],[18.37134,-34.1989],[18.37088,-34.20207],[18.36938,-34.20213],[18.3684,-34.20293],[18.36965,-34.20683],[18.36956,-34.20915],[18.37226,-34.2171],[18.37764,-34.22635],[18.37851,-34.22961],[18.37824,-34.2355],[18.37596,-34.24182],[18.37627,-34.24286],[18.37774,-34.24362],[18.37975,-34.24656],[18.38102,-34.25071],[18.38004,-34.25273],[18.38321,-34.25658],[18.38326,-34.25762],[18.38024,-34.26082],[18.38088,-34.2631],[18.38302,-34.26486],[18.38413,-34.26736],[18.37989,-34.2712],[18.37976,-34.27355],[18.38264,-34.27573],[18.38452,-34.27578],[18.38751,-34.27743],[18.38819,-34.27719],[18.39023,-34.28087],[18.39053,-34.28317],[18.39229,-34.28488],[18.39223,-34.28646],[18.40026,-34.29259],[18.403,-34.29865],[18.40472,-34.30062],[18.4049,-34.30291],[18.40628,-34.30407],[18.40491,-34.30678],[18.40278,-34.30773],[18.4016,-34.30879],[18.40157,-34.30959],[18.40991,-34.31537],[18.41539,-34.31746],[18.41588,-34.31903],[18.41548,-34.32164],[18.41759,-34.32318],[18.4203,-34.32333],[18.42148,-34.32529],[18.42112,-34.32751],[18.4252,-34.33011],[18.4262,-34.33015],[18.42818,-34.33164],[18.4301,-34.33157],[18.43296,-34.33376],[18.43477,-34.33382],[18.43899,-34.33625],[18.44138,-34.33643],[18.44367,-34.33779],[18.4486,-34.33716],[18.45569,-34.33839],[18.45941,-34.34199],[18.45962,-34.34508],[18.46137,-34.34568],[18.46242,-34.34704],[18.464,-34.34724],[18.46491,-34.34861],[18.46635,-34.34854],[18.46863,-34.35117],[18.47047,-34.35165],[18.47256,-34.35337],[18.47277,-34.35671],[18.47176,-34.35922],[18.47236,-34.35981],[18.47405,-34.35905],[18.47687,-34.35938],[18.47781,-34.35819],[18.48007,-34.35706],[18.48026,-34.35606],[18.48321,-34.35507],[18.48664,-34.35583],[18.48882,-34.35537],[18.49762,-34.35813],[18.49824,-34.35761],[18.49811,-34.35575],[18.49175,-34.35118],[18.49009,-34.35074],[18.48804,-34.34791],[18.48371,-34.34804],[18.47873,-34.3446],[18.47567,-34.34163],[18.47316,-34.34093],[18.47131,-34.33928],[18.46986,-34.33476],[18.46816,-34.33305],[18.46823,-34.32923],[18.46601,-34.32436],[18.46255,-34.32156],[18.4633,-34.31833],[18.46521,-34.31612],[18.46392,-34.31447],[18.46243,-34.31402],[18.46189,-34.31092],[18.46315,-34.30959],[18.46521,-34.3026],[18.46735,-34.29882],[18.46736,-34.29245],[18.46937,-34.28891],[18.47123,-34.28708],[18.47187,-34.28451],[18.47503,-34.28014],[18.47552,-34.27597],[18.46925,-34.27172],[18.46814,-34.27025],[18.46661,-34.26568],[18.46996,-34.26092],[18.47625,-34.25632],[18.47703,-34.25444],[18.4762,-34.25388],[18.47606,-34.25153],[18.47697,-34.24973],[18.47487,-34.2432],[18.47662,-34.23982],[18.47487,-34.23432],[18.47682,-34.23252],[18.47596,-34.23095],[18.47198,-34.2293],[18.47002,-34.22625],[18.4679,-34.22493],[18.46607,-34.22237],[18.46578,-34.21766],[18.46326,-34.21324],[18.46247,-34.21016],[18.46139,-34.20827],[18.45952,-34.20773],[18.45814,-34.20596],[18.45808,-34.20456],[18.45679,-34.20369],[18.45743,-34.20203],[18.45631,-34.20139],[18.4561,-34.20004],[18.45403,-34.19785],[18.45304,-34.19722],[18.45235,-34.19811],[18.45166,-34.19797],[18.45039,-34.19616],[18.45062,-34.19535],[18.44897,-34.19504],[18.44807,-34.1939],[18.44676,-34.19413],[18.44573,-34.19321],[18.4459,-34.19249],[18.4438,-34.19162],[18.44229,-34.18767],[18.43803,-34.1857],[18.43778,-34.18479],[18.43741,-34.18593],[18.43761,-34.18615],[18.4379,-34.18579],[18.44056,-34.18732],[18.43965,-34.18819],[18.44077,-34.1875],[18.44206,-34.18786],[18.44308,-34.19052],[18.44,-34.19124],[18.43814,-34.18919],[18.43866,-34.1888],[18.43829,-34.18856],[18.43681,-34.18941],[18.43852,-34.19144],[18.43525,-34.19086],[18.43651,-34.18959],[18.43517,-34.19082],[18.43405,-34.18832],[18.43676,-34.1867],[18.43657,-34.18637],[18.43368,-34.18817],[18.43501,-34.19087],[18.43453,-34.19224],[18.43339,-34.1921],[18.43338,-34.19266],[18.43113,-34.19171],[18.42868,-34.19169],[18.42647,-34.18849],[18.42523,-34.18319],[18.42571,-34.17938],[18.42794,-34.17525],[18.429,-34.17177],[18.433,-34.16591],[18.43113,-34.16074],[18.43262,-34.15836],[18.43535,-34.15773],[18.43601,-34.15581],[18.43922,-34.15194],[18.42147,-34.14555],[18.41183,-34.13907],[18.40039,-34.14306],[18.38806,-34.15167],[18.3774,-34.14776],[18.36441,-34.17116],[18.35578,-34.17976]]]}},{"type":"Feature","id":"Kuilsrivier","properties":{"name":"Kuilsrivier","includes":["Kuilsrivier"],"district":"City of Cape Town","population":79126,"rate_reliable":true,"counts":{"all17":3607,"contact":1162,"property":809,"murder":32,"attempted_murder":102,"sexual":57,"robbery_agg":245,"robbery_common":124,"assault_gbh":139,"assault_common":463,"burglary_res":317,"burglary_nonres":84,"theft_vehicle":62,"theft_from_vehicle":343,"carjacking":16,"house_robbery":32,"business_robbery":11,"drugs":828,"firearms":38},"previous":{"all17":3995,"contact":1311,"property":912,"murder":22,"attempted_murder":101,"sexual":80,"robbery_agg":296,"robbery_common":122,"assault_gbh":157,"assault_common":533,"burglary_res":373,"burglary_nonres":126,"theft_vehicle":68,"theft_from_vehicle":345,"carjacking":26,"house_robbery":29,"business_robbery":15,"drugs":808,"firearms":35},"rates":{"all17":4558.6,"contact":1468.5,"property":1022.4,"murder":40.4,"attempted_murder":128.9,"sexual":72.0,"robbery_agg":309.6,"robbery_common":156.7,"assault_gbh":175.7,"assault_common":585.1,"burglary_res":400.6,"burglary_nonres":106.2,"theft_vehicle":78.4,"theft_from_vehicle":433.5,"carjacking":20.2,"house_robbery":40.4,"business_robbery":13.9,"drugs":1046.4,"firearms":48.0}},"geometry":{"type":"Polygon","coordinates":[[[18.68462,-33.90705],[18.67981,-33.908],[18.67218,-33.90734],[18.67045,-33.9102],[18.66476,-33.91183],[18.66266,-33.91575],[18.66555,-33.91805],[18.66341,-33.92299],[18.65741,-33.95459],[18.68287,-33.95679],[18.68881,-33.95556],[18.69584,-33.95163],[18.71303,-33.97839],[18.72466,-33.98939],[18.73299,-33.98624],[18.7483,-33.9922],[18.74554,-33.98718],[18.74071,-33.98404],[18.73013,-33.9689],[18.72831,-33.96921],[18.72922,-33.96738],[18.73354,-33.96584],[18.73218,-33.9633],[18.73818,-33.96016],[18.74153,-33.95667],[18.74213,-33.9565],[18.74291,-33.95743],[18.74177,-33.95328],[18.73862,-33.95324],[18.7387,-33.94274],[18.73686,-33.94046],[18.73996,-33.93808],[18.73985,-33.93577],[18.74243,-33.93641],[18.74408,-33.93223],[18.74532,-33.93144],[18.73985,-33.93273],[18.73335,-33.9296],[18.72757,-33.92454],[18.72497,-33.92576],[18.71088,-33.92106],[18.70663,-33.92371],[18.699,-33.91933],[18.68646,-33.90975],[18.68506,-33.90853],[18.68462,-33.90705]]]}},{"type":"Feature","id":"Touws River","properties":{"name":"Touws River","includes":["Touws River"],"district":"Cape Winelands","population":10434,"rate_reliable":true,"counts":{"all17":532,"contact":245,"property":120,"murder":1,"attempted_murder":6,"sexual":19,"robbery_agg":8,"robbery_common":2,"assault_gbh":81,"assault_common":128,"burglary_res":57,"burglary_nonres":21,"theft_vehicle":1,"theft_from_vehicle":32,"carjacking":1,"house_robbery":3,"business_robbery":0,"drugs":167,"firearms":1},"previous":{"all17":431,"contact":208,"property":103,"murder":3,"attempted_murder":4,"sexual":25,"robbery_agg":7,"robbery_common":4,"assault_gbh":67,"assault_common":98,"burglary_res":49,"burglary_nonres":24,"theft_vehicle":1,"theft_from_vehicle":23,"carjacking":0,"house_robbery":0,"business_robbery":3,"drugs":96,"firearms":2},"rates":{"all17":5098.7,"contact":2348.1,"property":1150.1,"murder":9.6,"attempted_murder":57.5,"sexual":182.1,"robbery_agg":76.7,"robbery_common":19.2,"assault_gbh":776.3,"assault_common":1226.8,"burglary_res":546.3,"burglary_nonres":201.3,"theft_vehicle":9.6,"theft_from_vehicle":306.7,"carjacking":9.6,"house_robbery":28.8,"business_robbery":0.0,"drugs":1600.5,"firearms":9.6}},"geometry":{"type":"Polygon","coordinates":[[[20.33616,-33.48782],[20.38614,-33.45911],[20.41988,-33.45291],[20.42761,-33.44887],[20.41674,-33.43546],[20.40771,-33.43415],[20.38697,-33.42509],[20.33535,-33.42512],[20.34837,-33.40353],[20.34492,-33.39287],[20.35281,-33.39311],[20.36567,-33.38075],[20.36746,-33.3654],[20.20904,-33.38017],[20.22456,-33.34592],[20.23952,-33.30986],[20.20357,-33.30268],[20.25124,-33.29146],[20.23567,-33.26236],[20.24717,-33.24573],[20.24404,-33.23642],[20.24877,-33.21475],[20.25803,-33.18839],[20.21836,-33.17384],[20.20224,-33.17005],[20.14607,-33.17349],[20.12024,-33.19159],[20.08698,-33.19328],[20.01376,-33.23879],[19.9976,-33.25906],[19.98918,-33.28716],[19.9721,-33.31672],[19.95543,-33.31763],[19.93445,-33.34793],[19.90853,-33.36264],[19.87539,-33.3713],[19.83064,-33.37935],[19.82985,-33.38093],[19.81996,-33.37686],[19.7885,-33.37671],[19.76492,-33.37383],[19.76477,-33.40001],[19.76822,-33.40208],[19.77893,-33.43063],[19.76974,-33.48024],[19.76622,-33.49121],[19.76304,-33.48999],[19.75771,-33.49776],[19.76395,-33.50375],[19.75179,-33.50534],[19.7565,-33.51522],[19.74777,-33.53021],[19.75026,-33.5343],[19.75524,-33.53661],[19.7751,-33.53326],[19.79853,-33.53783],[19.83885,-33.56588],[19.86528,-33.56993],[19.87016,-33.542],[19.91715,-33.51921],[19.92577,-33.53322],[19.95876,-33.51755],[19.98333,-33.53324],[19.99254,-33.55679],[20.01158,-33.5537],[20.01999,-33.5539],[20.04873,-33.55156],[20.05704,-33.54809],[20.06244,-33.54326],[20.07825,-33.55338],[20.10542,-33.55065],[20.12547,-33.55623],[20.15156,-33.54043],[20.16118,-33.53635],[20.17305,-33.52625],[20.21491,-33.54133],[20.24153,-33.53804],[20.26784,-33.51289],[20.31573,-33.50199],[20.33616,-33.48782]]]}},{"type":"Feature","id":"Suurbraak","properties":{"name":"Suurbraak","includes":["Suurbraak"],"district":"Overberg","population":4056,"rate_reliable":false,"counts":{"all17":168,"contact":107,"property":22,"murder":0,"attempted_murder":1,"sexual":7,"robbery_agg":0,"robbery_common":0,"assault_gbh":23,"assault_common":76,"burglary_res":16,"burglary_nonres":2,"theft_vehicle":0,"theft_from_vehicle":3,"carjacking":0,"house_robbery":0,"business_robbery":0,"drugs":64,"firearms":0},"previous":{"all17":176,"contact":89,"property":24,"murder":0,"attempted_murder":0,"sexual":3,"robbery_agg":0,"robbery_common":2,"assault_gbh":24,"assault_common":60,"burglary_res":14,"burglary_nonres":1,"theft_vehicle":0,"theft_from_vehicle":4,"carjacking":0,"house_robbery":0,"business_robbery":0,"drugs":37,"firearms":0},"rates":{"all17":4142.0,"contact":2638.1,"property":542.4,"murder":0.0,"attempted_murder":24.7,"sexual":172.6,"robbery_agg":0.0,"robbery_common":0.0,"assault_gbh":567.1,"assault_common":1873.8,"burglary_res":394.5,"burglary_nonres":49.3,"theft_vehicle":0.0,"theft_from_vehicle":74.0,"carjacking":0.0,"house_robbery":0.0,"business_robbery":0.0,"drugs":1577.9,"firearms":0.0}},"geometry":{"type":"Polygon","coordinates":[[[20.7069,-33.95512],[20.69124,-33.95723],[20.68724,-33.95498],[20.66466,-33.95633],[20.65457,-33.95824],[20.63382,-33.96371],[20.6221,-33.9653],[20.60326,-33.96609],[20.60345,-33.99889],[20.6006,-34.00349],[20.58802,-34.00431],[20.58434,-34.00264],[20.57747,-34.0054],[20.57369,-34.00623],[20.57008,-34.00672],[20.56769,-34.00618],[20.57265,-34.02184],[20.56765,-34.02362],[20.56423,-34.02283],[20.56924,-34.03117],[20.56069,-34.03192],[20.56054,-34.04233],[20.56862,-34.0443],[20.57828,-34.05344],[20.58309,-34.05556],[20.59462,-34.05856],[20.60191,-34.05791],[20.60508,-34.05912],[20.63997,-34.08868],[20.64015,-34.0859],[20.66057,-34.08895],[20.6873,-34.08737],[20.69103,-34.08905],[20.69314,-34.10111],[20.70457,-34.09067],[20.70289,-34.08792],[20.71734,-34.09155],[20.71791,-34.08856],[20.7192,-34.08738],[20.72355,-34.08641],[20.72703,-34.08664],[20.72693,-34.08328],[20.72841,-34.08253],[20.72911,-34.08132],[20.7268,-34.07723],[20.72238,-34.07176],[20.72439,-34.06627],[20.72141,-34.05952],[20.71842,-34.05525],[20.71776,-34.05157],[20.71536,-34.04778],[20.71545,-34.04136],[20.71714,-34.03669],[20.71581,-34.02663],[20.71539,-34.02554],[20.70883,-34.01941],[20.7091,-34.01739],[20.71151,-34.01165],[20.71027,-34.01014],[20.70812,-34.00992],[20.70815,-34.00735],[20.70405,-34.00028],[20.70385,-33.99894],[20.70371,-33.99517],[20.70542,-33.99069],[20.71118,-33.98846],[20.71412,-33.98931],[20.71689,-33.9871],[20.71572,-33.9879],[20.7096,-33.98827],[20.70878,-33.98699],[20.70867,-33.98375],[20.7077,-33.98242],[20.70862,-33.98126],[20.70829,-33.97843],[20.70397,-33.97786],[20.69832,-33.97429],[20.7008,-33.97129],[20.70101,-33.96986],[20.70338,-33.96817],[20.70236,-33.96412],[20.70254,-33.96091],[20.7068,-33.95939],[20.7069,-33.95512]]]}},{"type":"Feature","id":"Rawsonville","properties":{"name":"Rawsonville","includes":["Rawsonville"],"district":"Cape Winelands","population":12854,"rate_reliable":true,"counts":{"all17":504,"contact":184,"property":109,"murder":4,"attempted_murder":42,"sexual":20,"robbery_agg":4,"robbery_common":2,"assault_gbh":65,"assault_common":47,"burglary_res":54,"burglary_nonres":42,"theft_vehicle":0,"theft_from_vehicle":12,"carjacking":0,"house_robbery":1,"business_robbery":0,"drugs":216,"firearms":0},"previous":{"all17":469,"contact":180,"property":90,"murder":0,"attempted_murder":30,"sexual":18,"robbery_agg":6,"robbery_common":2,"assault_gbh":73,"assault_common":51,"burglary_res":55,"burglary_nonres":14,"theft_vehicle":0,"theft_from_vehicle":17,"carjacking":0,"house_robbery":0,"business_robbery":0,"drugs":192,"firearms":3},"rates":{"all17":3921.0,"contact":1431.5,"property":848.0,"murder":31.1,"attempted_murder":326.7,"sexual":155.6,"robbery_agg":31.1,"robbery_common":15.6,"assault_gbh":505.7,"assault_common":365.6,"burglary_res":420.1,"burglary_nonres":326.7,"theft_vehicle":0.0,"theft_from_vehicle":93.4,"carjacking":0.0,"house_robbery":7.8,"business_robbery":0.0,"drugs":1680.4,"firearms":0.0}},"geometry":{"type":"Polygon","coordinates":[[[19.35934,-33.85489],[19.36426,-33.83923],[19.37677,-33.84345],[19.38103,-33.83059],[19.38589,-33.82324],[19.38918,-33.81223],[19.401,-33.78489],[19.40216,-33.7852],[19.40359,-33.78248],[19.40716,-33.78439],[19.40802,-33.78268],[19.41307,-33.78044],[19.4135,-33.77901],[19.41121,-33.77729],[19.41283,-33.77457],[19.4135,-33.7719],[19.41965,-33.77166],[19.42077,-33.76918],[19.42282,-33.76947],[19.42349,-33.76852],[19.42339,-33.76561],[19.42063,-33.76461],[19.41986,-33.76275],[19.4201,-33.76137],[19.42077,-33.76094],[19.4233,-33.76099],[19.42458,-33.76022],[19.42434,-33.75456],[19.42258,-33.75312],[19.42105,-33.75302],[19.42337,-33.74592],[19.42327,-33.74215],[19.42237,-33.74034],[19.41702,-33.73547],[19.41333,-33.73349],[19.41283,-33.73224],[19.41607,-33.73066],[19.41869,-33.72819],[19.42197,-33.72384],[19.4223,-33.72175],[19.42021,-33.72049],[19.41913,-33.71799],[19.41404,-33.71424],[19.41221,-33.7118],[19.40966,-33.71066],[19.4068,-33.70654],[19.39724,-33.70096],[19.39043,-33.69896],[19.38933,-33.69472],[19.38747,-33.6921],[19.38723,-33.69043],[19.38215,-33.68729],[19.38225,-33.6848],[19.37972,-33.68442],[19.38086,-33.68294],[19.37862,-33.68242],[19.38697,-33.67893],[19.39541,-33.66251],[19.38545,-33.6577],[19.38384,-33.65761],[19.37223,-33.65312],[19.35991,-33.64528],[19.35643,-33.64552],[19.35309,-33.64442],[19.34551,-33.64619],[19.34117,-33.64419],[19.33726,-33.64403],[19.33729,-33.64138],[19.34114,-33.62939],[19.32436,-33.61334],[19.32612,-33.61104],[19.30987,-33.60582],[19.30811,-33.61076],[19.30503,-33.6069],[19.28677,-33.60664],[19.28007,-33.61379],[19.27216,-33.60533],[19.26542,-33.58501],[19.2566,-33.58142],[19.25472,-33.58187],[19.25294,-33.5813],[19.24908,-33.57753],[19.24261,-33.57565],[19.23726,-33.57186],[19.23332,-33.57107],[19.22981,-33.56524],[19.22925,-33.56345],[19.2297,-33.5623],[19.2286,-33.55994],[19.22846,-33.55789],[19.22641,-33.55498],[19.22269,-33.55393],[19.21883,-33.55036],[19.21466,-33.54859],[19.21122,-33.54912],[19.20865,-33.54449],[19.20684,-33.53953],[19.20207,-33.53839],[19.20083,-33.53567],[19.19797,-33.53411],[19.19759,-33.5331],[19.19833,-33.52876],[19.19576,-33.52577],[19.19035,-33.52631],[19.19281,-33.53437],[19.19195,-33.54413],[19.18546,-33.56192],[19.16945,-33.59741],[19.15237,-33.62175],[19.14754,-33.65602],[19.1488,-33.70213],[19.18405,-33.71531],[19.1861,-33.72364],[19.18815,-33.75379],[19.21411,-33.85699],[19.24385,-33.89737],[19.2653,-33.90021],[19.25844,-33.88303],[19.27823,-33.87937],[19.2905,-33.86943],[19.29487,-33.86375],[19.31787,-33.84168],[19.33149,-33.85141],[19.35934,-33.85489]]]}},{"type":"Feature","id":"Da Gamaskop","properties":{"name":"Da Gamaskop","includes":["Da Gamaskop"],"district":"Garden Route","population":36648,"rate_reliable":true,"counts":{"all17":1111,"contact":467,"property":256,"murder":9,"attempted_murder":59,"sexual":22,"robbery_agg":38,"robbery_common":7,"assault_gbh":162,"assault_common":170,"burglary_res":158,"burglary_nonres":32,"theft_vehicle":7,"theft_from_vehicle":59,"carjacking":0,"house_robbery":4,"business_robbery":1,"drugs":590,"firearms":10},"previous":{"all17":1595,"contact":586,"property":345,"murder":5,"attempted_murder":39,"sexual":32,"robbery_agg":87,"robbery_common":18,"assault_gbh":200,"assault_common":205,"burglary_res":206,"burglary_nonres":43,"theft_vehicle":10,"theft_from_vehicle":84,"carjacking":0,"house_robbery":17,"business_robbery":4,"drugs":386,"firearms":5},"rates":{"all17":3031.5,"contact":1274.3,"property":698.5,"murder":24.6,"attempted_murder":161.0,"sexual":60.0,"robbery_agg":103.7,"robbery_common":19.1,"assault_gbh":442.0,"assault_common":463.9,"burglary_res":431.1,"burglary_nonres":87.3,"theft_vehicle":19.1,"theft_from_vehicle":161.0,"carjacking":0.0,"house_robbery":10.9,"business_robbery":2.7,"drugs":1609.9,"firearms":27.3}},"geometry":{"type":"Polygon","coordinates":[[[21.97528,-34.01322],[21.96884,-34.0181],[21.97151,-34.02008],[21.96075,-34.03958],[21.95698,-34.04357],[21.95369,-34.04387],[21.95125,-34.04692],[21.94724,-34.05022],[21.95368,-34.05245],[21.95094,-34.05746],[21.94518,-34.08103],[21.91436,-34.07382],[21.91709,-34.1023],[21.93586,-34.12586],[21.95534,-34.11678],[21.96993,-34.12642],[21.97573,-34.1219],[21.97621,-34.12224],[21.97574,-34.12348],[21.97751,-34.12726],[21.9764,-34.13045],[21.97634,-34.13314],[21.97505,-34.13511],[21.97976,-34.13617],[21.98132,-34.135],[21.98787,-34.14158],[21.9982,-34.1327],[22.00327,-34.13989],[22.0058,-34.13627],[22.02784,-34.1333],[22.02739,-34.1368],[22.04001,-34.13091],[22.04013,-34.13254],[22.03679,-34.13449],[22.03698,-34.13878],[22.05156,-34.15903],[22.048,-34.16013],[22.04831,-34.16148],[22.05289,-34.16092],[22.05611,-34.16549],[22.06367,-34.16313],[22.06394,-34.16729],[22.06685,-34.16742],[22.06858,-34.16489],[22.06963,-34.16492],[22.07417,-34.16789],[22.07624,-34.16719],[22.07481,-34.16413],[22.08077,-34.16343],[22.09223,-34.15868],[22.09349,-34.16271],[22.09845,-34.16036],[22.10016,-34.15808],[22.10059,-34.16035],[22.10577,-34.16134],[22.10465,-34.16619],[22.1081,-34.16521],[22.10476,-34.16753],[22.09706,-34.17559],[22.09364,-34.17776],[22.09369,-34.17731],[22.09071,-34.17759],[22.0906,-34.1826],[22.12294,-34.1834],[22.12494,-34.17814],[22.12524,-34.1749],[22.12624,-34.17326],[22.12067,-34.16869],[22.11972,-34.16671],[22.11326,-34.16516],[22.11142,-34.16314],[22.11097,-34.14462],[22.11292,-34.13965],[22.12092,-34.12442],[22.12287,-34.11814],[22.1243,-34.11808],[22.12795,-34.11248],[22.13468,-34.10656],[22.13656,-34.10408],[22.14513,-34.09696],[22.14911,-34.09236],[22.14767,-34.09126],[22.14476,-34.09206],[22.14299,-34.09098],[22.13677,-34.08923],[22.13168,-34.08582],[22.13092,-34.08347],[22.13234,-34.07931],[22.13113,-34.0765],[22.12607,-34.07427],[22.12309,-34.07214],[22.12244,-34.07076],[22.12269,-34.06527],[22.12137,-34.06398],[22.11831,-34.06348],[22.11571,-34.06194],[22.11329,-34.0621],[22.1094,-34.065],[22.10779,-34.06517],[22.10648,-34.06731],[22.10374,-34.0664],[22.10161,-34.06777],[22.1005,-34.0707],[22.08557,-34.04358],[22.08158,-34.04375],[22.0695,-34.03373],[22.07019,-34.03025],[22.06924,-34.02714],[22.06249,-34.01999],[22.05601,-34.01581],[22.05349,-34.01285],[22.05289,-34.01021],[22.05633,-34.00145],[22.05632,-33.9976],[22.05471,-33.99543],[22.04677,-33.99074],[22.04514,-33.98533],[22.03985,-33.97956],[22.03662,-33.9722],[22.03667,-33.96511],[22.04056,-33.95515],[22.0435,-33.95541],[22.04634,-33.9546],[22.04699,-33.94991],[22.04816,-33.94821],[22.05403,-33.94863],[22.0577,-33.95158],[22.05927,-33.94938],[22.06045,-33.94898],[22.05997,-33.94746],[22.05871,-33.9467],[22.05989,-33.94566],[22.06007,-33.94449],[22.05794,-33.94411],[22.05625,-33.94558],[22.05636,-33.94418],[22.05433,-33.94339],[22.0556,-33.94168],[22.05544,-33.94059],[22.05484,-33.94043],[22.05293,-33.94195],[22.05355,-33.94063],[22.05355,-33.93786],[22.05237,-33.93625],[22.0511,-33.93576],[22.0511,-33.93466],[22.04923,-33.93564],[22.04889,-33.93478],[22.04771,-33.93427],[22.04777,-33.93319],[22.04335,-33.93152],[22.04156,-33.93135],[22.04033,-33.93248],[22.03903,-33.92942],[22.04164,-33.92973],[22.06098,-33.92772],[22.06534,-33.92335],[22.05241,-33.91592],[22.06368,-33.88299],[22.04277,-33.88388],[22.02998,-33.87084],[22.01851,-33.89171],[22.00349,-33.89331],[22.00392,-33.89542],[22.0029,-33.8968],[22.00351,-33.89836],[22.00156,-33.89972],[22.00173,-33.90047],[22.00335,-33.9009],[22.00329,-33.90152],[21.99872,-33.90386],[21.99798,-33.90487],[21.99776,-33.90708],[21.99503,-33.90684],[21.99244,-33.90821],[21.98958,-33.9085],[21.98703,-33.91081],[21.9866,-33.91227],[21.98327,-33.91424],[21.98111,-33.9175],[21.9825,-33.92022],[21.98115,-33.92518],[21.9764,-33.92506],[21.9757,-33.92671],[21.97585,-33.92969],[21.98155,-33.93797],[21.97941,-33.93907],[21.97978,-33.94159],[21.98034,-33.94235],[21.98585,-33.94326],[21.98408,-33.95655],[21.97189,-33.95735],[21.96632,-33.97445],[21.97101,-33.97719],[21.97144,-33.97851],[21.97553,-33.97871],[21.97623,-33.98024],[21.97318,-33.98353],[21.97148,-33.9866],[21.96981,-33.98353],[21.96839,-33.98366],[21.96635,-33.98498],[21.96637,-33.98246],[21.96526,-33.98038],[21.96399,-33.97957],[21.96403,-33.9809],[21.96171,-33.98432],[21.96184,-33.9867],[21.95532,-33.98812],[21.9534,-33.98812],[21.95063,-33.98429],[21.95009,-33.98217],[21.94899,-33.98162],[21.94872,-33.98213],[21.95042,-33.98448],[21.94811,-33.98729],[21.94715,-33.99039],[21.9539,-33.99111],[21.95336,-33.99255],[21.95694,-33.99522],[21.95993,-33.9944],[21.97528,-34.01322]]]}},{"type":"Feature","id":"Leeu Gamka","properties":{"name":"Leeu Gamka","includes":["Leeu Gamka"],"district":"Central Karoo","population":5567,"rate_reliable":true,"counts":{"all17":370,"contact":167,"property":102,"murder":1,"attempted_murder":3,"sexual":2,"robbery_agg":0,"robbery_common":2,"assault_gbh":69,"assault_common":90,"burglary_res":57,"burglary_nonres":14,"theft_vehicle":0,"theft_from_vehicle":14,"carjacking":0,"house_robbery":0,"business_robbery":0,"drugs":46,"firearms":0},"previous":{"all17":352,"contact":159,"property":89,"murder":3,"attempted_murder":1,"sexual":5,"robbery_agg":1,"robbery_common":3,"assault_gbh":62,"assault_common":84,"burglary_res":44,"burglary_nonres":5,"theft_vehicle":1,"theft_from_vehicle":17,"carjacking":0,"house_robbery":0,"business_robbery":0,"drugs":37,"firearms":0},"rates":{"all17":6646.3,"contact":2999.8,"property":1832.2,"murder":18.0,"attempted_murder":53.9,"sexual":35.9,"robbery_agg":0.0,"robbery_common":35.9,"assault_gbh":1239.4,"assault_common":1616.7,"burglary_res":1023.9,"burglary_nonres":251.5,"theft_vehicle":0.0,"theft_from_vehicle":251.5,"carjacking":0.0,"house_robbery":0.0,"business_robbery":0.0,"drugs":826.3,"firearms":0.0}},"geometry":{"type":"Polygon","coordinates":[[[21.11268,-32.64582],[21.1155,-32.64963],[21.11482,-32.65018],[21.11601,-32.65728],[21.12435,-32.65472],[21.13684,-32.67384],[21.16184,-32.70461],[21.16138,-32.73342],[21.19377,-32.79449],[21.18306,-32.80209],[21.1823,-32.80632],[21.19129,-32.80834],[21.18415,-32.84198],[21.1608,-32.88557],[21.1777,-32.91807],[21.19239,-32.94056],[21.24732,-32.92804],[21.28516,-32.93913],[21.32764,-32.9347],[21.34887,-32.9287],[21.39641,-32.93833],[21.42599,-32.97017],[21.44292,-33.00046],[21.45851,-33.01125],[21.48462,-33.014],[21.48599,-33.01954],[21.48918,-33.02269],[21.49697,-33.02795],[21.49971,-33.01703],[21.50803,-32.99534],[21.51469,-32.97387],[21.59752,-32.91457],[21.58842,-32.96937],[21.63069,-32.96755],[21.64103,-32.96336],[21.64921,-32.94678],[21.65715,-32.9491],[21.66125,-32.94931],[21.66355,-32.95008],[21.67335,-32.95631],[21.67586,-32.96175],[21.67756,-32.96932],[21.6805,-32.97674],[21.68556,-32.98404],[21.69283,-32.97591],[21.69707,-32.96406],[21.70127,-32.95792],[21.73546,-32.93182],[21.73863,-32.93024],[21.77289,-32.91951],[21.78348,-32.9143],[21.79507,-32.912],[21.84701,-32.89618],[21.88225,-32.88194],[21.89842,-32.87855],[21.91922,-32.87282],[21.94325,-32.8602],[21.94941,-32.85509],[21.95326,-32.8504],[21.95739,-32.84036],[21.96068,-32.84052],[21.96252,-32.84499],[21.96536,-32.84698],[21.96755,-32.84651],[21.96571,-32.8498],[21.96367,-32.86703],[21.96417,-32.87157],[21.96619,-32.87952],[21.96841,-32.88252],[21.97478,-32.88763],[21.97759,-32.8912],[21.97756,-32.89919],[21.9767,-32.9042],[21.97784,-32.90403],[21.98421,-32.90618],[21.98464,-32.90699],[21.98414,-32.91454],[21.98647,-32.92651],[21.98688,-32.93675],[21.98353,-32.95609],[21.98489,-32.96292],[22.02961,-32.95736],[22.03384,-32.94238],[22.07608,-32.8895],[22.11603,-32.84188],[22.15145,-32.8847],[22.2384,-32.88273],[22.24574,-32.87965],[22.25999,-32.89215],[22.27234,-32.89231],[22.27521,-32.87622],[22.32136,-32.8206],[22.31548,-32.78231],[22.29936,-32.75682],[22.30138,-32.73989],[22.21733,-32.74412],[22.19694,-32.67981],[22.15045,-32.64119],[22.15624,-32.63404],[22.15926,-32.63142],[22.16415,-32.62889],[22.17977,-32.62633],[22.18177,-32.62513],[22.18385,-32.62119],[22.18752,-32.61714],[22.19213,-32.61527],[22.19857,-32.61523],[22.20056,-32.61443],[22.20134,-32.6136],[22.20144,-32.60934],[22.20971,-32.59428],[22.18407,-32.56004],[22.10668,-32.56294],[22.07191,-32.6427],[22.03664,-32.59965],[22.03348,-32.55491],[21.99386,-32.57597],[22.00162,-32.47906],[21.95821,-32.44897],[21.92195,-32.48704],[21.92086,-32.49462],[21.89479,-32.49865],[21.89517,-32.49573],[21.88815,-32.48113],[21.88205,-32.47154],[21.87641,-32.45926],[21.88707,-32.42193],[21.89009,-32.41569],[21.88489,-32.38253],[21.89489,-32.37788],[21.92914,-32.34588],[21.93877,-32.30275],[21.90165,-32.2709],[21.87417,-32.27657],[21.85511,-32.27551],[21.77815,-32.25069],[21.76893,-32.23844],[21.77193,-32.22663],[21.74747,-32.22643],[21.73699,-32.20566],[21.71294,-32.22549],[21.6919,-32.24864],[21.67377,-32.24329],[21.66546,-32.23142],[21.64458,-32.20871],[21.60651,-32.20966],[21.59443,-32.21693],[21.5786,-32.22149],[21.54891,-32.22844],[21.53601,-32.22922],[21.54008,-32.25088],[21.549,-32.29077],[21.56181,-32.31473],[21.55037,-32.32686],[21.51908,-32.33703],[21.47564,-32.33145],[21.44365,-32.35484],[21.42988,-32.37518],[21.4084,-32.36877],[21.35284,-32.39154],[21.3015,-32.37727],[21.30301,-32.40244],[21.28152,-32.43968],[21.26948,-32.45029],[21.23109,-32.46315],[21.19749,-32.4998],[21.18831,-32.50305],[21.18208,-32.50868],[21.14011,-32.58977],[21.15698,-32.62894],[21.11268,-32.64582]]]}},{"type":"Feature","id":"Thembalethu","properties":{"name":"Thembalethu","includes":["Thembalethu"],"district":"Garden Route","population":56858,"rate_reliable":true,"counts":{"all17":2246,"contact":1365,"property":372,"murder":34,"attempted_murder":62,"sexual":121,"robbery_agg":210,"robbery_common":69,"assault_gbh":391,"assault_common":478,"burglary_res":274,"burglary_nonres":11,"theft_vehicle":15,"theft_from_vehicle":61,"carjacking":5,"house_robbery":41,"business_robbery":28,"drugs":723,"firearms":12},"previous":{"all17":2195,"contact":1336,"property":339,"murder":38,"attempted_murder":28,"sexual":125,"robbery_agg":184,"robbery_common":70,"assault_gbh":442,"assault_common":449,"burglary_res":262,"burglary_nonres":17,"theft_vehicle":13,"theft_from_vehicle":43,"carjacking":2,"house_robbery":28,"business_robbery":11,"drugs":497,"firearms":8},"rates":{"all17":3950.2,"contact":2400.7,"property":654.3,"murder":59.8,"attempted_murder":109.0,"sexual":212.8,"robbery_agg":369.3,"robbery_common":121.4,"assault_gbh":687.7,"assault_common":840.7,"burglary_res":481.9,"burglary_nonres":19.3,"theft_vehicle":26.4,"theft_from_vehicle":107.3,"carjacking":8.8,"house_robbery":72.1,"business_robbery":49.2,"drugs":1271.6,"firearms":21.1}},"geometry":{"type":"Polygon","coordinates":[[[22.46216,-33.99942],[22.46275,-33.99981],[22.4653,-33.9987],[22.46637,-34.0015],[22.4659,-34.00241],[22.46686,-34.00335],[22.46618,-34.00473],[22.4672,-34.00571],[22.46703,-34.00793],[22.46417,-34.0081],[22.46399,-34.00887],[22.46465,-34.00895],[22.46578,-34.01271],[22.46995,-34.0136],[22.47352,-34.01229],[22.47448,-34.01289],[22.47609,-34.0114],[22.4776,-34.01211],[22.48349,-34.01124],[22.48315,-34.01323],[22.48462,-34.01565],[22.48465,-34.0172],[22.48545,-34.01831],[22.48817,-34.01953],[22.48673,-34.02039],[22.48789,-34.02122],[22.48795,-34.02209],[22.48729,-34.02289],[22.4841,-34.02282],[22.48242,-34.02414],[22.48178,-34.02607],[22.48244,-34.02881],[22.48175,-34.0314],[22.48717,-34.02998],[22.4888,-34.03026],[22.48967,-34.0309],[22.48758,-34.0318],[22.48768,-34.03265],[22.49155,-34.03239],[22.49482,-34.03519],[22.49617,-34.03493],[22.49964,-34.03677],[22.50803,-34.0344],[22.51041,-34.03176],[22.51057,-34.02999],[22.51182,-34.02839],[22.51377,-34.02734],[22.51788,-34.02709],[22.52156,-34.02437],[22.52482,-34.02382],[22.52726,-34.0215],[22.53444,-34.01915],[22.53814,-34.01883],[22.54082,-34.01755],[22.54226,-34.01617],[22.5434,-34.01366],[22.54037,-34.01158],[22.53916,-34.0097],[22.53592,-34.00818],[22.53551,-34.00706],[22.5345,-34.00666],[22.53312,-34.00701],[22.5304,-34.01007],[22.52938,-34.01041],[22.52633,-34.00817],[22.52519,-34.00905],[22.52335,-34.00885],[22.5214,-34.00747],[22.51866,-34.00688],[22.51523,-34.00496],[22.50948,-34.00521],[22.504,-34.00338],[22.5016,-34.00396],[22.49952,-34.00367],[22.49263,-33.99794],[22.49284,-33.9958],[22.49466,-33.99388],[22.49188,-33.99495],[22.4833,-33.99559],[22.46238,-33.99574],[22.4631,-33.99773],[22.46216,-33.99942]]]}},{"type":"Feature","id":"Kwanonqaba","properties":{"name":"Kwanonqaba","includes":["Kwanonqaba"],"district":"Garden Route","population":38650,"rate_reliable":true,"counts":{"all17":1789,"contact":899,"property":284,"murder":32,"attempted_murder":18,"sexual":58,"robbery_agg":73,"robbery_common":39,"assault_gbh":226,"assault_common":453,"burglary_res":221,"burglary_nonres":19,"theft_vehicle":6,"theft_from_vehicle":36,"carjacking":1,"house_robbery":8,"business_robbery":14,"drugs":407,"firearms":6},"previous":{"all17":1879,"contact":861,"property":354,"murder":25,"attempted_murder":13,"sexual":54,"robbery_agg":82,"robbery_common":39,"assault_gbh":218,"assault_common":430,"burglary_res":244,"burglary_nonres":18,"theft_vehicle":4,"theft_from_vehicle":75,"carjacking":0,"house_robbery":10,"business_robbery":9,"drugs":487,"firearms":5},"rates":{"all17":4628.7,"contact":2326.0,"property":734.8,"murder":82.8,"attempted_murder":46.6,"sexual":150.1,"robbery_agg":188.9,"robbery_common":100.9,"assault_gbh":584.7,"assault_common":1172.1,"burglary_res":571.8,"burglary_nonres":49.2,"theft_vehicle":15.5,"theft_from_vehicle":93.1,"carjacking":2.6,"house_robbery":20.7,"business_robbery":36.2,"drugs":1053.0,"firearms":15.5}},"geometry":{"type":"Polygon","coordinates":[[[21.65828,-33.94204],[21.65988,-33.94783],[21.65862,-33.96359],[21.65728,-33.97094],[21.65253,-33.98126],[21.64542,-33.98993],[21.64397,-33.99263],[21.64137,-33.99514],[21.63979,-33.99917],[21.64053,-34.00076],[21.63976,-34.00555],[21.64017,-34.00776],[21.64965,-34.01115],[21.66268,-34.00888],[21.66553,-34.00895],[21.66674,-34.01012],[21.66543,-34.01932],[21.66611,-34.02088],[21.66899,-34.02452],[21.6757,-34.02953],[21.68148,-34.03661],[21.68334,-34.04358],[21.68398,-34.05089],[21.6859,-34.05559],[21.68441,-34.06034],[21.68516,-34.06213],[21.69219,-34.06259],[21.69903,-34.05671],[21.69837,-34.05141],[21.70622,-34.05005],[21.71122,-34.04739],[21.71519,-34.04237],[21.71663,-34.03941],[21.71708,-34.03199],[21.71827,-34.03022],[21.72188,-34.02918],[21.72687,-34.02984],[21.73693,-34.03455],[21.73788,-34.03595],[21.73788,-34.0372],[21.7359,-34.04083],[21.73361,-34.04349],[21.72087,-34.05248],[21.71714,-34.05885],[21.71682,-34.06037],[21.71825,-34.06364],[21.71708,-34.07138],[21.71864,-34.0765],[21.72155,-34.0816],[21.72454,-34.08299],[21.74737,-34.08016],[21.75536,-34.07811],[21.764,-34.07501],[21.76563,-34.07554],[21.76768,-34.07856],[21.76808,-34.08105],[21.76697,-34.08298],[21.76122,-34.08441],[21.75792,-34.08615],[21.7542,-34.08975],[21.74893,-34.09325],[21.7469,-34.0998],[21.74623,-34.09968],[21.74433,-34.10143],[21.74014,-34.10278],[21.73703,-34.10298],[21.73461,-34.1016],[21.73339,-34.09803],[21.73414,-34.09534],[21.73392,-34.09163],[21.73289,-34.09057],[21.72179,-34.09051],[21.71155,-34.09401],[21.71224,-34.09262],[21.70496,-34.09259],[21.70463,-34.09389],[21.70995,-34.10242],[21.70773,-34.10615],[21.69995,-34.11336],[21.69963,-34.11463],[21.70187,-34.11663],[21.71329,-34.11924],[21.71208,-34.12785],[21.71721,-34.12883],[21.71868,-34.13054],[21.72233,-34.12975],[21.72409,-34.12997],[21.72465,-34.13056],[21.72492,-34.13553],[21.72353,-34.13612],[21.74285,-34.15836],[21.74439,-34.15948],[21.74262,-34.166],[21.74264,-34.17024],[21.74372,-34.17142],[21.74916,-34.17321],[21.75032,-34.17421],[21.75038,-34.18142],[21.75259,-34.1845],[21.75263,-34.18714],[21.75164,-34.18829],[21.74584,-34.19079],[21.74277,-34.19306],[21.74031,-34.19692],[21.74016,-34.20035],[21.74296,-34.20758],[21.74495,-34.21001],[21.74952,-34.2137],[21.75434,-34.22014],[21.75323,-34.22493],[21.75601,-34.23051],[21.76166,-34.23813],[21.76543,-34.24637],[21.76719,-34.25327],[21.76865,-34.25583],[21.76865,-34.25753],[21.77201,-34.26303],[21.77429,-34.26291],[21.77549,-34.26403],[21.78104,-34.27243],[21.7834,-34.27441],[21.78692,-34.28144],[21.7895,-34.28396],[21.79603,-34.28471],[21.81214,-34.28044],[21.81901,-34.27931],[21.82314,-34.27917],[21.82682,-34.27982],[21.82957,-34.28123],[21.83474,-34.28715],[21.83611,-34.29147],[21.8344,-34.29406],[21.82647,-34.29786],[21.82947,-34.31053],[21.83212,-34.31393],[21.85531,-34.33182],[21.85928,-34.33348],[21.87461,-34.3344],[21.87458,-34.33628],[21.87795,-34.33744],[21.88111,-34.34152],[21.8895,-34.34381],[21.89578,-34.34316],[21.89974,-34.34375],[21.90311,-34.34345],[21.9119,-34.33933],[21.91325,-34.33936],[21.91326,-34.33843],[21.90811,-34.33645],[21.90595,-34.33515],[21.90531,-34.33372],[21.90391,-34.33286],[21.9035,-34.33061],[21.90453,-34.32532],[21.90766,-34.31974],[21.91367,-34.31419],[21.92265,-34.30841],[21.92891,-34.30609],[21.93142,-34.30407],[21.937,-34.3049],[21.93901,-34.30356],[21.94005,-34.30138],[21.94073,-34.30109],[21.94176,-34.30214],[21.94333,-34.30239],[21.94469,-34.30188],[21.94593,-34.30001],[21.94517,-34.29889],[21.94235,-34.29994],[21.9412,-34.29877],[21.93776,-34.29744],[21.93685,-34.29612],[21.93743,-34.29558],[21.93541,-34.29414],[21.92907,-34.29389],[21.92617,-34.29259],[21.9217,-34.29266],[21.9147,-34.29118],[21.91319,-34.28921],[21.91214,-34.28632],[21.91139,-34.28075],[21.91185,-34.27455],[21.91333,-34.26807],[21.91758,-34.26055],[21.92936,-34.24741],[21.94328,-34.23711],[21.95669,-34.22882],[21.9649,-34.22465],[21.98853,-34.21604],[21.99808,-34.21372],[21.99965,-34.21398],[22.00228,-34.21279],[22.00643,-34.21234],[22.0103,-34.21109],[22.0224,-34.20959],[22.02542,-34.20868],[22.02832,-34.2087],[22.0287,-34.20823],[22.02925,-34.20869],[22.04713,-34.20604],[22.06678,-34.20513],[22.07402,-34.20579],[22.07653,-34.20752],[22.08024,-34.20864],[22.08607,-34.20853],[22.08908,-34.20945],[22.09244,-34.20704],[22.09382,-34.20432],[22.0965,-34.20281],[22.09977,-34.20438],[22.10253,-34.20348],[22.10587,-34.20454],[22.1093,-34.20357],[22.11108,-34.20388],[22.11063,-34.19646],[22.09801,-34.19655],[22.09743,-34.19594],[22.09745,-34.19406],[22.09267,-34.1946],[22.09213,-34.19355],[22.09271,-34.18531],[22.09072,-34.18308],[22.09071,-34.17759],[22.09369,-34.17731],[22.09364,-34.17776],[22.09706,-34.17559],[22.10476,-34.16753],[22.1081,-34.16521],[22.10465,-34.16619],[22.10577,-34.16134],[22.10059,-34.16035],[22.10016,-34.15808],[22.09845,-34.16036],[22.09349,-34.16271],[22.09223,-34.15868],[22.08077,-34.16343],[22.07481,-34.16413],[22.07624,-34.16719],[22.07417,-34.16789],[22.06963,-34.16492],[22.06858,-34.16489],[22.06685,-34.16742],[22.06394,-34.16729],[22.06367,-34.16313],[22.05611,-34.16549],[22.05289,-34.16092],[22.04831,-34.16148],[22.048,-34.16013],[22.05156,-34.15903],[22.03698,-34.13878],[22.03679,-34.13449],[22.04013,-34.13254],[22.04001,-34.13091],[22.02739,-34.1368],[22.02784,-34.1333],[22.0058,-34.13627],[22.00327,-34.13989],[21.9982,-34.1327],[21.98787,-34.14158],[21.98132,-34.135],[21.97976,-34.13617],[21.97505,-34.13511],[21.97634,-34.13314],[21.9764,-34.13045],[21.97751,-34.12726],[21.97574,-34.12348],[21.97621,-34.12224],[21.97573,-34.1219],[21.96993,-34.12642],[21.95534,-34.11678],[21.93586,-34.12586],[21.91709,-34.1023],[21.91436,-34.07382],[21.94518,-34.08103],[21.95094,-34.05746],[21.95368,-34.05245],[21.94724,-34.05022],[21.95125,-34.04692],[21.95369,-34.04387],[21.95698,-34.04357],[21.96075,-34.03958],[21.97151,-34.02008],[21.96884,-34.0181],[21.97528,-34.01322],[21.95993,-33.9944],[21.95694,-33.99522],[21.95336,-33.99255],[21.9539,-33.99111],[21.94715,-33.99039],[21.94811,-33.98729],[21.95042,-33.98448],[21.94872,-33.98213],[21.94899,-33.98162],[21.95009,-33.98217],[21.95063,-33.98429],[21.9534,-33.98812],[21.95532,-33.98812],[21.96184,-33.9867],[21.96171,-33.98432],[21.96403,-33.9809],[21.96399,-33.97957],[21.96526,-33.98038],[21.96637,-33.98246],[21.96635,-33.98498],[21.96839,-33.98366],[21.96981,-33.98353],[21.97148,-33.9866],[21.97318,-33.98353],[21.97598,-33.98077],[21.97634,-33.97963],[21.97553,-33.97871],[21.97144,-33.97851],[21.97101,-33.97719],[21.96632,-33.97445],[21.97189,-33.95735],[21.98408,-33.95655],[21.98585,-33.94326],[21.98034,-33.94235],[21.97978,-33.94159],[21.97941,-33.93907],[21.98155,-33.93797],[21.97585,-33.92969],[21.97594,-33.9253],[21.98115,-33.92518],[21.9825,-33.92022],[21.98111,-33.9175],[21.98386,-33.91348],[21.9866,-33.91227],[21.98703,-33.91081],[21.98907,-33.90893],[21.99244,-33.90821],[21.99503,-33.90684],[21.99776,-33.90708],[21.99798,-33.90487],[21.99872,-33.90386],[22.00079,-33.90321],[22.00346,-33.90134],[22.00173,-33.90047],[22.00156,-33.89972],[22.00351,-33.89836],[22.0029,-33.8968],[22.00392,-33.89542],[22.00349,-33.89331],[22.01851,-33.89171],[22.02998,-33.87084],[22.01701,-33.85939],[21.98537,-33.86619],[21.93281,-33.86538],[21.86441,-33.85535],[21.80387,-33.85491],[21.78452,-33.85304],[21.7445,-33.85465],[21.70033,-33.85281],[21.70017,-33.85594],[21.69786,-33.85892],[21.6943,-33.85953],[21.6831,-33.866],[21.67536,-33.87377],[21.67377,-33.87699],[21.6723,-33.87778],[21.66563,-33.8786],[21.66296,-33.87969],[21.66236,-33.88129],[21.67594,-33.88341],[21.67391,-33.90148],[21.66894,-33.90855],[21.66651,-33.91026],[21.66525,-33.91308],[21.66464,-33.91304],[21.66376,-33.90903],[21.66151,-33.90729],[21.65531,-33.90726],[21.65347,-33.90851],[21.65382,-33.91053],[21.65262,-33.91854],[21.6536,-33.92125],[21.65354,-33.92397],[21.6515,-33.92811],[21.65185,-33.93209],[21.65328,-33.93485],[21.65809,-33.93767],[21.65828,-33.94204]]]}},{"type":"Feature","id":"Kwanokuthula","properties":{"name":"Kwanokuthula","includes":["Kwanokuthula"],"district":"Garden Route","population":21643,"rate_reliable":true,"counts":{"all17":763,"contact":359,"property":155,"murder":4,"attempted_murder":3,"sexual":34,"robbery_agg":17,"robbery_common":12,"assault_gbh":161,"assault_common":128,"burglary_res":115,"burglary_nonres":15,"theft_vehicle":3,"theft_from_vehicle":22,"carjacking":0,"house_robbery":4,"business_robbery":4,"drugs":245,"firearms":3},"previous":{"all17":816,"contact":386,"property":176,"murder":11,"attempted_murder":4,"sexual":39,"robbery_agg":22,"robbery_common":12,"assault_gbh":162,"assault_common":136,"burglary_res":145,"burglary_nonres":11,"theft_vehicle":3,"theft_from_vehicle":16,"carjacking":0,"house_robbery":5,"business_robbery":1,"drugs":176,"firearms":3},"rates":{"all17":3525.4,"contact":1658.7,"property":716.2,"murder":18.5,"attempted_murder":13.9,"sexual":157.1,"robbery_agg":78.5,"robbery_common":55.4,"assault_gbh":743.9,"assault_common":591.4,"burglary_res":531.3,"burglary_nonres":69.3,"theft_vehicle":13.9,"theft_from_vehicle":101.6,"carjacking":0.0,"house_robbery":18.5,"business_robbery":18.5,"drugs":1132.0,"firearms":13.9}},"geometry":{"type":"Polygon","coordinates":[[[23.20081,-34.03536],[23.20036,-34.03699],[23.19699,-34.04065],[23.1968,-34.04403],[23.19521,-34.04879],[23.19671,-34.05282],[23.19699,-34.05535],[23.19632,-34.05891],[23.19699,-34.06303],[23.19605,-34.06584],[23.19436,-34.06668],[23.19511,-34.06771],[23.19483,-34.06846],[23.1923,-34.06977],[23.19643,-34.07296],[23.20195,-34.07586],[23.2057,-34.0768],[23.20804,-34.07652],[23.20926,-34.07774],[23.21076,-34.07792],[23.21422,-34.07707],[23.216,-34.07838],[23.21909,-34.07914],[23.21886,-34.08026],[23.2139,-34.0857],[23.21309,-34.08947],[23.21466,-34.09121],[23.2167,-34.08887],[23.21845,-34.089],[23.21843,-34.08828],[23.21929,-34.08843],[23.21954,-34.08774],[23.22127,-34.08755],[23.2225,-34.08814],[23.22433,-34.08684],[23.22566,-34.08814],[23.22715,-34.08793],[23.22957,-34.08937],[23.23023,-34.08866],[23.23569,-34.08955],[23.23651,-34.09109],[23.23713,-34.09051],[23.23917,-34.09113],[23.2428,-34.09312],[23.24364,-34.09433],[23.2441,-34.09294],[23.24591,-34.09172],[23.24792,-34.09372],[23.25009,-34.09417],[23.2528,-34.09276],[23.25314,-34.09343],[23.25386,-34.09329],[23.25375,-34.09254],[23.2577,-34.09197],[23.25868,-34.09316],[23.26328,-34.09382],[23.26496,-34.0952],[23.26503,-34.09673],[23.26791,-34.09663],[23.26783,-34.09868],[23.27041,-34.09982],[23.27422,-34.09987],[23.27931,-34.09861],[23.27984,-34.10004],[23.28641,-34.10176],[23.28992,-34.09998],[23.29222,-34.09957],[23.29343,-34.10026],[23.29362,-34.10188],[23.29817,-34.10088],[23.29971,-34.10223],[23.30557,-34.10155],[23.30672,-34.10337],[23.31067,-34.10239],[23.31453,-34.10288],[23.31767,-34.10077],[23.31894,-34.10146],[23.32188,-34.09928],[23.3253,-34.10029],[23.32688,-34.10186],[23.32895,-34.10254],[23.33261,-34.10169],[23.33414,-34.10206],[23.33665,-34.10053],[23.33796,-34.10122],[23.34013,-34.10086],[23.34105,-34.10206],[23.34528,-34.1007],[23.34633,-34.10164],[23.34631,-34.10248],[23.34761,-34.102],[23.34991,-34.10268],[23.35021,-34.10426],[23.35553,-34.10474],[23.35775,-34.10654],[23.36288,-34.10492],[23.36495,-34.10533],[23.36617,-34.10338],[23.36927,-34.10146],[23.37079,-34.10109],[23.37174,-34.10215],[23.37186,-34.10119],[23.37333,-34.09964],[23.35888,-34.09204],[23.35156,-34.08718],[23.35545,-34.08301],[23.35882,-34.08146],[23.36105,-34.0774],[23.35977,-34.07594],[23.35876,-34.07583],[23.35914,-34.07469],[23.35831,-34.074],[23.35863,-34.07172],[23.36137,-34.06988],[23.36207,-34.06742],[23.36517,-34.06293],[23.36492,-34.06204],[23.35749,-34.06261],[23.35652,-34.06096],[23.35488,-34.06067],[23.35415,-34.05932],[23.35482,-34.05703],[23.35461,-34.05501],[23.35255,-34.05586],[23.35178,-34.05558],[23.35251,-34.05352],[23.3545,-34.05256],[23.35378,-34.05149],[23.34436,-34.05482],[23.34073,-34.05414],[23.32819,-34.04692],[23.31532,-34.04439],[23.26405,-34.04433],[23.23686,-34.03796],[23.23177,-34.03733],[23.21405,-34.03756],[23.20499,-34.03676],[23.20081,-34.03536]]]}},{"type":"Feature","id":"Conville","properties":{"name":"Conville","includes":["Conville"],"district":"Garden Route","population":39836,"rate_reliable":true,"counts":{"all17":2036,"contact":863,"property":417,"murder":15,"attempted_murder":16,"sexual":78,"robbery_agg":108,"robbery_common":70,"assault_gbh":283,"assault_common":293,"burglary_res":211,"burglary_nonres":79,"theft_vehicle":2,"theft_from_vehicle":125,"carjacking":1,"house_robbery":5,"business_robbery":6,"drugs":1231,"firearms":21},"previous":{"all17":2071,"contact":950,"property":447,"murder":20,"attempted_murder":4,"sexual":81,"robbery_agg":130,"robbery_common":49,"assault_gbh":322,"assault_common":344,"burglary_res":251,"burglary_nonres":67,"theft_vehicle":5,"theft_from_vehicle":124,"carjacking":0,"house_robbery":11,"business_robbery":2,"drugs":1044,"firearms":16},"rates":{"all17":5111.0,"contact":2166.4,"property":1046.8,"murder":37.7,"attempted_murder":40.2,"sexual":195.8,"robbery_agg":271.1,"robbery_common":175.7,"assault_gbh":710.4,"assault_common":735.5,"burglary_res":529.7,"burglary_nonres":198.3,"theft_vehicle":5.0,"theft_from_vehicle":313.8,"carjacking":2.5,"house_robbery":12.6,"business_robbery":15.1,"drugs":3090.2,"firearms":52.7}},"geometry":{"type":"Polygon","coordinates":[[[22.44366,-33.9938],[22.4452,-33.99823],[22.4604,-33.99577],[22.4833,-33.99559],[22.49188,-33.99495],[22.505,-33.98803],[22.50758,-33.98486],[22.50193,-33.98387],[22.50005,-33.98289],[22.48655,-33.96822],[22.48321,-33.96595],[22.476,-33.96311],[22.47599,-33.96481],[22.47331,-33.96521],[22.47323,-33.97056],[22.47108,-33.97322],[22.47132,-33.97623],[22.47043,-33.97623],[22.46948,-33.97889],[22.46641,-33.98121],[22.46542,-33.98367],[22.46379,-33.98369],[22.46222,-33.9855],[22.45577,-33.98755],[22.45331,-33.98951],[22.44366,-33.9938]]]}},{"type":"Feature","id":"Klawer","properties":{"name":"Klawer","includes":["Klawer"],"district":"West Coast","population":11945,"rate_reliable":true,"counts":{"all17":392,"contact":213,"property":73,"murder":4,"attempted_murder":11,"sexual":15,"robbery_agg":7,"robbery_common":7,"assault_gbh":110,"assault_common":59,"burglary_res":36,"burglary_nonres":8,"theft_vehicle":0,"theft_from_vehicle":16,"carjacking":0,"house_robbery":2,"business_robbery":1,"drugs":151,"firearms":4},"previous":{"all17":447,"contact":245,"property":74,"murder":2,"attempted_murder":10,"sexual":18,"robbery_agg":6,"robbery_common":8,"assault_gbh":139,"assault_common":62,"burglary_res":45,"burglary_nonres":15,"theft_vehicle":1,"theft_from_vehicle":9,"carjacking":0,"house_robbery":3,"business_robbery":0,"drugs":118,"firearms":2},"rates":{"all17":3281.7,"contact":1783.2,"property":611.1,"murder":33.5,"attempted_murder":92.1,"sexual":125.6,"robbery_agg":58.6,"robbery_common":58.6,"assault_gbh":920.9,"assault_common":493.9,"burglary_res":301.4,"burglary_nonres":67.0,"theft_vehicle":0.0,"theft_from_vehicle":133.9,"carjacking":0.0,"house_robbery":16.7,"business_robbery":8.4,"drugs":1264.1,"firearms":33.5}},"geometry":{"type":"Polygon","coordinates":[[[18.68405,-31.84583],[18.6669,-31.82232],[18.6641,-31.82041],[18.65544,-31.80761],[18.66163,-31.78978],[18.67828,-31.78217],[18.69584,-31.7778],[18.68729,-31.75348],[18.69431,-31.73935],[18.69112,-31.73619],[18.68232,-31.71733],[18.67012,-31.71193],[18.60634,-31.71601],[18.58771,-31.69328],[18.55901,-31.71586],[18.5375,-31.72272],[18.53474,-31.72082],[18.53259,-31.72392],[18.53241,-31.72607],[18.53299,-31.72952],[18.53494,-31.73334],[18.53172,-31.73467],[18.53236,-31.73591],[18.52677,-31.73802],[18.52523,-31.73475],[18.52344,-31.72784],[18.5203,-31.7277],[18.51792,-31.72477],[18.51044,-31.72347],[18.50539,-31.73101],[18.49922,-31.73704],[18.45178,-31.77962],[18.44914,-31.78292],[18.44157,-31.80169],[18.43281,-31.83174],[18.42869,-31.86031],[18.45447,-31.87203],[18.46369,-31.87875],[18.48905,-31.90537],[18.50476,-31.92767],[18.53355,-31.95121],[18.53607,-31.95539],[18.54705,-31.96133],[18.55749,-31.96305],[18.55941,-31.9494],[18.59183,-31.98345],[18.57303,-32.00055],[18.59406,-31.99851],[18.61604,-31.99911],[18.61464,-31.98209],[18.6474,-31.97475],[18.66056,-31.97425],[18.66181,-31.96939],[18.65491,-31.96263],[18.66671,-31.95688],[18.6648,-31.95566],[18.65582,-31.93118],[18.70736,-31.8966],[18.68927,-31.86605],[18.70371,-31.84917],[18.68405,-31.84583]]]}},{"type":"Feature","id":"Lambertsbaai","properties":{"name":"Lambertsbaai","includes":["Lambertsbaai"],"district":"West Coast","population":9001,"rate_reliable":true,"counts":{"all17":449,"contact":170,"property":97,"murder":2,"attempted_murder":2,"sexual":9,"robbery_agg":3,"robbery_common":3,"assault_gbh":59,"assault_common":92,"burglary_res":67,"burglary_nonres":11,"theft_vehicle":0,"theft_from_vehicle":15,"carjacking":0,"house_robbery":0,"business_robbery":2,"drugs":132,"firearms":3},"previous":{"all17":349,"contact":156,"property":59,"murder":1,"attempted_murder":1,"sexual":13,"robbery_agg":5,"robbery_common":5,"assault_gbh":60,"assault_common":71,"burglary_res":36,"burglary_nonres":9,"theft_vehicle":0,"theft_from_vehicle":9,"carjacking":0,"house_robbery":0,"business_robbery":0,"drugs":129,"firearms":0},"rates":{"all17":4988.3,"contact":1888.7,"property":1077.7,"murder":22.2,"attempted_murder":22.2,"sexual":100.0,"robbery_agg":33.3,"robbery_common":33.3,"assault_gbh":655.5,"assault_common":1022.1,"burglary_res":744.4,"burglary_nonres":122.2,"theft_vehicle":0.0,"theft_from_vehicle":166.6,"carjacking":0.0,"house_robbery":0.0,"business_robbery":22.2,"drugs":1466.5,"firearms":33.3}},"geometry":{"type":"Polygon","coordinates":[[[18.29672,-32.02866],[18.30372,-32.04333],[18.3085,-32.05584],[18.31314,-32.07012],[18.31495,-32.0782],[18.31374,-32.08396],[18.3125,-32.0856],[18.31172,-32.0856],[18.3116,-32.08652],[18.30975,-32.08859],[18.30577,-32.08958],[18.30525,-32.08909],[18.30575,-32.08856],[18.30444,-32.08697],[18.30496,-32.08593],[18.30274,-32.08849],[18.30044,-32.08771],[18.29998,-32.08946],[18.30143,-32.09044],[18.30103,-32.09184],[18.30216,-32.0929],[18.29951,-32.09421],[18.2998,-32.09565],[18.30122,-32.09632],[18.30195,-32.09786],[18.30191,-32.10146],[18.30359,-32.10393],[18.30358,-32.10608],[18.30105,-32.10834],[18.3025,-32.10855],[18.30221,-32.10969],[18.30074,-32.11031],[18.30115,-32.11161],[18.3006,-32.11294],[18.30065,-32.11382],[18.30129,-32.11398],[18.30212,-32.11951],[18.30364,-32.1229],[18.30321,-32.12546],[18.30514,-32.13423],[18.30424,-32.13547],[18.30545,-32.14003],[18.30574,-32.14681],[18.30684,-32.1515],[18.31109,-32.16023],[18.31075,-32.16793],[18.31212,-32.1711],[18.31137,-32.17313],[18.31162,-32.17434],[18.3131,-32.17836],[18.32181,-32.19432],[18.32472,-32.20216],[18.32585,-32.20699],[18.3256,-32.20838],[18.32408,-32.20949],[18.32397,-32.21026],[18.32538,-32.21463],[18.32722,-32.21724],[18.32903,-32.22171],[18.32983,-32.22611],[18.33464,-32.23843],[18.34009,-32.25683],[18.34253,-32.26756],[18.34785,-32.26686],[18.35085,-32.26761],[18.35335,-32.26481],[18.35732,-32.26903],[18.36027,-32.26975],[18.37749,-32.28815],[18.37468,-32.2651],[18.38852,-32.26351],[18.38962,-32.27312],[18.39643,-32.26374],[18.42662,-32.27266],[18.42736,-32.27007],[18.42222,-32.26458],[18.43302,-32.25383],[18.44121,-32.24279],[18.44331,-32.24156],[18.44846,-32.24085],[18.46032,-32.23778],[18.4748,-32.22726],[18.48101,-32.22075],[18.48127,-32.22141],[18.48404,-32.21997],[18.49786,-32.17185],[18.49663,-32.16777],[18.4934,-32.1653],[18.50024,-32.15703],[18.50081,-32.15232],[18.50956,-32.13351],[18.51019,-32.10658],[18.50653,-32.10591],[18.47873,-32.06719],[18.46567,-32.038],[18.48651,-32.01282],[18.44674,-32.00717],[18.44894,-31.99644],[18.42303,-31.99086],[18.4182,-31.987],[18.4372,-31.94498],[18.43614,-31.90398],[18.41157,-31.88581],[18.39656,-31.89745],[18.38971,-31.90407],[18.37571,-31.92092],[18.34939,-31.97887],[18.3403,-32.00914],[18.34123,-32.01452],[18.29672,-32.02866]]]}},{"type":"Feature","id":"Sea Point","properties":{"name":"Sea Point","includes":["Sea Point"],"district":"City of Cape Town","population":36200,"rate_reliable":true,"counts":{"all17":3096,"contact":345,"property":1229,"murder":1,"attempted_murder":0,"sexual":19,"robbery_agg":50,"robbery_common":128,"assault_gbh":27,"assault_common":120,"burglary_res":104,"burglary_nonres":9,"theft_vehicle":65,"theft_from_vehicle":1051,"carjacking":1,"house_robbery":3,"business_robbery":1,"drugs":621,"firearms":0},"previous":{"all17":2773,"contact":310,"property":1003,"murder":0,"attempted_murder":1,"sexual":29,"robbery_agg":58,"robbery_common":101,"assault_gbh":20,"assault_common":101,"burglary_res":111,"burglary_nonres":12,"theft_vehicle":60,"theft_from_vehicle":820,"carjacking":1,"house_robbery":0,"business_robbery":3,"drugs":542,"firearms":0},"rates":{"all17":8552.5,"contact":953.0,"property":3395.0,"murder":2.8,"attempted_murder":0.0,"sexual":52.5,"robbery_agg":138.1,"robbery_common":353.6,"assault_gbh":74.6,"assault_common":331.5,"burglary_res":287.3,"burglary_nonres":24.9,"theft_vehicle":179.6,"theft_from_vehicle":2903.3,"carjacking":2.8,"house_robbery":8.3,"business_robbery":2.8,"drugs":1715.5,"firearms":0.0}},"geometry":{"type":"Polygon","coordinates":[[[18.41381,-33.90159],[18.41523,-33.90039],[18.41463,-33.89958],[18.41529,-33.89898],[18.41281,-33.89904],[18.41143,-33.89779],[18.40752,-33.89806],[18.40142,-33.9001],[18.3976,-33.90033],[18.3977,-33.90258],[18.39684,-33.90569],[18.3946,-33.90629],[18.39306,-33.90809],[18.39135,-33.90799],[18.38979,-33.90869],[18.38528,-33.91356],[18.38462,-33.91747],[18.38225,-33.9181],[18.37611,-33.92189],[18.37669,-33.924],[18.37616,-33.92457],[18.3776,-33.92643],[18.37395,-33.92802],[18.37489,-33.93166],[18.37752,-33.9316],[18.38912,-33.93497],[18.39506,-33.935],[18.39438,-33.93319],[18.39443,-33.92919],[18.39687,-33.92627],[18.39705,-33.92446],[18.3982,-33.92306],[18.39901,-33.92036],[18.40298,-33.91823],[18.40344,-33.91779],[18.40297,-33.91733],[18.40408,-33.91648],[18.41152,-33.91368],[18.41605,-33.91077],[18.41333,-33.90843],[18.41835,-33.9051],[18.41381,-33.90159]]]}},{"type":"Feature","id":"Nuwerus","properties":{"name":"Nuwerus","includes":["Nuwerus"],"district":"West Coast","population":6969,"rate_reliable":true,"counts":{"all17":72,"contact":30,"property":23,"murder":0,"attempted_murder":0,"sexual":1,"robbery_agg":1,"robbery_common":0,"assault_gbh":11,"assault_common":17,"burglary_res":11,"burglary_nonres":2,"theft_vehicle":0,"theft_from_vehicle":4,"carjacking":0,"house_robbery":1,"business_robbery":0,"drugs":10,"firearms":0},"previous":{"all17":106,"contact":64,"property":23,"murder":0,"attempted_murder":3,"sexual":1,"robbery_agg":0,"robbery_common":1,"assault_gbh":34,"assault_common":25,"burglary_res":14,"burglary_nonres":1,"theft_vehicle":0,"theft_from_vehicle":1,"carjacking":0,"house_robbery":0,"business_robbery":0,"drugs":19,"firearms":0},"rates":{"all17":1033.1,"contact":430.5,"property":330.0,"murder":0.0,"attempted_murder":0.0,"sexual":14.3,"robbery_agg":14.3,"robbery_common":0.0,"assault_gbh":157.8,"assault_common":243.9,"burglary_res":157.8,"burglary_nonres":28.7,"theft_vehicle":0.0,"theft_from_vehicle":57.4,"carjacking":0.0,"house_robbery":14.3,"business_robbery":0.0,"drugs":143.5,"firearms":0.0}},"geometry":{"type":"Polygon","coordinates":[[[18.79587,-30.62486],[18.75871,-30.56787],[18.65515,-30.55671],[18.63194,-30.52265],[18.62592,-30.51233],[18.61107,-30.49007],[18.57012,-30.43026],[18.50215,-30.44442],[18.48362,-30.52191],[18.52225,-30.6065],[18.49942,-30.57945],[18.44409,-30.51129],[18.38055,-30.45964],[18.40428,-30.5091],[18.41376,-30.52735],[18.37115,-30.59209],[18.37104,-30.65963],[18.31392,-30.74217],[18.26417,-30.81832],[18.25182,-30.82754],[18.22926,-30.81911],[18.21354,-30.81044],[18.19524,-30.81602],[18.20583,-30.83133],[18.19038,-30.83474],[18.16918,-30.84856],[18.13962,-30.82797],[18.11772,-30.80955],[18.08918,-30.78787],[18.08092,-30.78484],[18.05792,-30.77689],[18.00648,-30.79124],[17.99484,-30.81922],[17.99422,-30.9045],[17.99338,-30.91874],[17.97208,-30.91387],[17.93439,-30.91736],[17.91404,-30.92466],[17.8803,-30.92394],[17.87792,-30.94865],[17.90942,-30.98751],[17.92605,-31.01002],[17.92558,-31.01033],[17.92641,-31.01139],[17.89448,-31.0304],[17.8886,-31.04032],[17.87863,-31.04053],[17.8352,-31.07262],[17.81132,-31.09254],[17.83442,-31.17652],[17.90333,-31.19981],[17.93896,-31.21669],[17.94556,-31.19629],[17.96303,-31.12999],[18.01132,-31.14007],[18.01902,-31.13923],[18.10256,-31.1788],[18.16064,-31.23324],[18.16048,-31.20866],[18.16106,-31.19376],[18.17979,-31.194],[18.21734,-31.22866],[18.21946,-31.22879],[18.26095,-31.24149],[18.26228,-31.23308],[18.2934,-31.23001],[18.3273,-31.27099],[18.37545,-31.19734],[18.39187,-31.24846],[18.43056,-31.36451],[18.40527,-31.40712],[18.41917,-31.4714],[18.50735,-31.38955],[18.56051,-31.36784],[18.62584,-31.34019],[18.6128,-31.2851],[18.74168,-31.32352],[18.75298,-31.31928],[18.80788,-31.31019],[18.87359,-31.35723],[18.98013,-31.35524],[19.01301,-31.30568],[18.96642,-31.28449],[18.94446,-31.23732],[18.94971,-31.19588],[18.9476,-31.11291],[18.91234,-31.06083],[18.90347,-31.04178],[18.91177,-30.97893],[18.98449,-30.94581],[18.92416,-30.916],[18.87539,-30.88706],[18.96047,-30.86611],[18.9519,-30.74474],[18.86297,-30.71712],[18.80329,-30.67336],[18.7945,-30.66762],[18.79587,-30.62486]]]}},{"type":"Feature","id":"Vanrhynsdorp","properties":{"name":"Vanrhynsdorp","includes":["Vanrhynsdorp"],"district":"West Coast","population":8803,"rate_reliable":true,"counts":{"all17":183,"contact":93,"property":31,"murder":1,"attempted_murder":1,"sexual":8,"robbery_agg":3,"robbery_common":1,"assault_gbh":35,"assault_common":44,"burglary_res":12,"burglary_nonres":1,"theft_vehicle":0,"theft_from_vehicle":3,"carjacking":0,"house_robbery":0,"business_robbery":1,"drugs":139,"firearms":2},"previous":{"all17":202,"contact":98,"property":42,"murder":1,"attempted_murder":1,"sexual":14,"robbery_agg":1,"robbery_common":2,"assault_gbh":27,"assault_common":52,"burglary_res":20,"burglary_nonres":11,"theft_vehicle":0,"theft_from_vehicle":3,"carjacking":0,"house_robbery":0,"business_robbery":0,"drugs":114,"firearms":0},"rates":{"all17":2078.8,"contact":1056.5,"property":352.2,"murder":11.4,"attempted_murder":11.4,"sexual":90.9,"robbery_agg":34.1,"robbery_common":11.4,"assault_gbh":397.6,"assault_common":499.8,"burglary_res":136.3,"burglary_nonres":11.4,"theft_vehicle":0.0,"theft_from_vehicle":34.1,"carjacking":0.0,"house_robbery":0.0,"business_robbery":11.4,"drugs":1579.0,"firearms":22.7}},"geometry":{"type":"Polygon","coordinates":[[[18.98013,-31.35524],[18.87359,-31.35723],[18.80788,-31.31019],[18.75298,-31.31928],[18.74168,-31.32352],[18.6128,-31.2851],[18.62584,-31.34019],[18.56051,-31.36784],[18.50735,-31.38955],[18.56865,-31.42131],[18.58938,-31.45819],[18.58916,-31.51633],[18.5532,-31.59579],[18.54971,-31.6091],[18.58524,-31.6378],[18.581,-31.65974],[18.57155,-31.67404],[18.60634,-31.71601],[18.67012,-31.71193],[18.68232,-31.71733],[18.69112,-31.73619],[18.69431,-31.73935],[18.68729,-31.75348],[18.69584,-31.7778],[18.67828,-31.78217],[18.66163,-31.78978],[18.65544,-31.80761],[18.6641,-31.82041],[18.6669,-31.82232],[18.68405,-31.84583],[18.68976,-31.842],[18.69081,-31.83677],[18.70064,-31.84028],[18.72273,-31.85206],[18.73921,-31.85739],[18.75434,-31.86698],[18.77781,-31.87539],[18.78082,-31.87534],[18.7839,-31.87405],[18.78557,-31.87272],[18.78924,-31.86627],[18.79527,-31.86332],[18.80023,-31.8634],[18.80421,-31.86187],[18.80979,-31.86282],[18.81205,-31.86238],[18.81548,-31.86274],[18.81985,-31.86519],[18.82059,-31.8676],[18.82375,-31.86852],[18.82679,-31.86763],[18.83055,-31.86499],[18.84658,-31.8591],[18.85632,-31.85797],[18.86446,-31.85901],[18.87475,-31.85267],[18.88129,-31.85168],[18.89184,-31.85253],[18.89618,-31.85486],[18.90566,-31.85851],[18.91099,-31.85669],[18.92809,-31.85584],[18.9346,-31.85398],[18.94033,-31.85461],[18.95126,-31.85778],[18.96001,-31.85912],[18.96513,-31.85893],[18.98192,-31.85573],[18.98322,-31.85766],[18.9851,-31.86924],[18.98329,-31.87387],[18.98343,-31.87518],[18.984,-31.87644],[18.98732,-31.87894],[18.99674,-31.8792],[19.00525,-31.87853],[19.01275,-31.87699],[19.01969,-31.87733],[19.02624,-31.87671],[19.02721,-31.87428],[19.02576,-31.87088],[19.02659,-31.8702],[19.02957,-31.86971],[19.0314,-31.86822],[19.03168,-31.86684],[19.03003,-31.86395],[19.03006,-31.86291],[19.03404,-31.86005],[19.0346,-31.85895],[19.03424,-31.85775],[19.03145,-31.85478],[19.03303,-31.85056],[19.03295,-31.849],[19.03122,-31.8467],[19.02731,-31.84451],[19.02663,-31.84351],[19.02706,-31.84246],[19.0308,-31.84124],[19.03234,-31.83984],[19.032,-31.83785],[19.02979,-31.83587],[19.03029,-31.83381],[19.0384,-31.8287],[19.04063,-31.82877],[19.04397,-31.83023],[19.04678,-31.82949],[19.05351,-31.8226],[19.0539,-31.81669],[19.05863,-31.81498],[19.06011,-31.81066],[19.06338,-31.80929],[19.06913,-31.80846],[19.07023,-31.80765],[19.07226,-31.80387],[19.07821,-31.80244],[19.07944,-31.80072],[19.07901,-31.79607],[19.07996,-31.79404],[19.08224,-31.7938],[19.08568,-31.79454],[19.08703,-31.79391],[19.08711,-31.79246],[19.08302,-31.78585],[19.08102,-31.7857],[19.07831,-31.78796],[19.0766,-31.78823],[19.07554,-31.78709],[19.07658,-31.78335],[19.07569,-31.78194],[19.07389,-31.78183],[19.07007,-31.78381],[19.06852,-31.78338],[19.06605,-31.78091],[19.06499,-31.77789],[19.06663,-31.77219],[19.0665,-31.76621],[19.06921,-31.76387],[19.07295,-31.76191],[19.08037,-31.75969],[19.08238,-31.75985],[19.08571,-31.76289],[19.09137,-31.76252],[19.09466,-31.75021],[19.08114,-31.73073],[19.07686,-31.7185],[19.06556,-31.70631],[19.05773,-31.6878],[19.0549,-31.67027],[19.07372,-31.66687],[19.07903,-31.6432],[19.07051,-31.62405],[19.08628,-31.60263],[19.09052,-31.59778],[19.0854,-31.57205],[19.07367,-31.57428],[19.06618,-31.57409],[19.05561,-31.57496],[19.05179,-31.57268],[19.08542,-31.52693],[19.07813,-31.52513],[19.06776,-31.51799],[19.04179,-31.51854],[19.02305,-31.50515],[19.01874,-31.51038],[19.01199,-31.51442],[19.00618,-31.512],[19.00964,-31.50992],[19.01968,-31.49925],[19.02464,-31.48209],[19.03686,-31.46427],[19.04098,-31.4347],[19.04299,-31.42497],[19.03066,-31.41539],[19.03237,-31.40318],[19.03403,-31.40219],[19.03088,-31.38954],[19.01236,-31.37006],[18.98013,-31.35524]]]}},{"type":"Feature","id":"Belhar","properties":{"name":"Belhar","includes":["Belhar"],"district":"City of Cape Town","population":69625,"rate_reliable":true,"counts":{"all17":1660,"contact":737,"property":208,"murder":35,"attempted_murder":52,"sexual":43,"robbery_agg":120,"robbery_common":77,"assault_gbh":128,"assault_common":282,"burglary_res":77,"burglary_nonres":7,"theft_vehicle":30,"theft_from_vehicle":94,"carjacking":14,"house_robbery":4,"business_robbery":3,"drugs":614,"firearms":38},"previous":{"all17":1830,"contact":812,"property":236,"murder":17,"attempted_murder":19,"sexual":40,"robbery_agg":181,"robbery_common":79,"assault_gbh":147,"assault_common":329,"burglary_res":109,"burglary_nonres":6,"theft_vehicle":35,"theft_from_vehicle":86,"carjacking":21,"house_robbery":6,"business_robbery":3,"drugs":496,"firearms":23},"rates":{"all17":2384.2,"contact":1058.5,"property":298.7,"murder":50.3,"attempted_murder":74.7,"sexual":61.8,"robbery_agg":172.4,"robbery_common":110.6,"assault_gbh":183.8,"assault_common":405.0,"burglary_res":110.6,"burglary_nonres":10.1,"theft_vehicle":43.1,"theft_from_vehicle":135.0,"carjacking":20.1,"house_robbery":5.7,"business_robbery":4.3,"drugs":881.9,"firearms":54.6}},"geometry":{"type":"Polygon","coordinates":[[[18.59977,-33.94682],[18.5994,-33.94837],[18.60778,-33.95087],[18.65735,-33.95486],[18.66081,-33.93791],[18.64836,-33.94111],[18.64756,-33.94078],[18.64748,-33.93412],[18.61429,-33.93862],[18.61319,-33.93829],[18.61102,-33.93939],[18.60557,-33.94426],[18.59977,-33.94682]]]}},{"type":"Feature","id":"Prince Alfred Hamlet","properties":{"name":"Prince Alfred Hamlet","includes":["Prince Alfred Hamlet"],"district":"Cape Winelands","population":16291,"rate_reliable":true,"counts":{"all17":507,"contact":247,"property":71,"murder":18,"attempted_murder":11,"sexual":22,"robbery_agg":10,"robbery_common":2,"assault_gbh":88,"assault_common":96,"burglary_res":30,"burglary_nonres":22,"theft_vehicle":0,"theft_from_vehicle":11,"carjacking":0,"house_robbery":1,"business_robbery":3,"drugs":536,"firearms":5},"previous":{"all17":504,"contact":257,"property":81,"murder":22,"attempted_murder":15,"sexual":24,"robbery_agg":9,"robbery_common":12,"assault_gbh":92,"assault_common":83,"burglary_res":31,"burglary_nonres":26,"theft_vehicle":2,"theft_from_vehicle":17,"carjacking":0,"house_robbery":0,"business_robbery":3,"drugs":464,"firearms":6},"rates":{"all17":3112.1,"contact":1516.2,"property":435.8,"murder":110.5,"attempted_murder":67.5,"sexual":135.0,"robbery_agg":61.4,"robbery_common":12.3,"assault_gbh":540.2,"assault_common":589.3,"burglary_res":184.2,"burglary_nonres":135.0,"theft_vehicle":0.0,"theft_from_vehicle":67.5,"carjacking":0.0,"house_robbery":6.1,"business_robbery":18.4,"drugs":3290.2,"firearms":30.7}},"geometry":{"type":"Polygon","coordinates":[[[19.4868,-32.56544],[19.48431,-32.57652],[19.48505,-32.57988],[19.47567,-32.59685],[19.46638,-32.60139],[19.46093,-32.60757],[19.45229,-32.60769],[19.4536,-32.61239],[19.45336,-32.62559],[19.44135,-32.63804],[19.43798,-32.62578],[19.4191,-32.62226],[19.3962,-32.6066],[19.37129,-32.60887],[19.35701,-32.61629],[19.34133,-32.58298],[19.32013,-32.57457],[19.28127,-32.58133],[19.26478,-32.58864],[19.22319,-32.57459],[19.20268,-32.57753],[19.15925,-32.57185],[19.14938,-32.58629],[19.15715,-32.60449],[19.14644,-32.60506],[19.13769,-32.60452],[19.14307,-32.62136],[19.16413,-32.64925],[19.17175,-32.66386],[19.18521,-32.68406],[19.16084,-32.69845],[19.17185,-32.73674],[19.17072,-32.79576],[19.17271,-32.79799],[19.18451,-32.827],[19.18623,-32.86808],[19.15379,-32.98397],[19.16561,-33.03535],[19.17743,-33.05994],[19.17306,-33.09184],[19.21346,-33.08941],[19.21387,-33.18645],[19.2153,-33.20981],[19.20826,-33.22149],[19.21197,-33.23304],[19.22017,-33.236],[19.22099,-33.2644],[19.22679,-33.28052],[19.22797,-33.29031],[19.22313,-33.29102],[19.22971,-33.31651],[19.24141,-33.33846],[19.25031,-33.32376],[19.25489,-33.32022],[19.28146,-33.31992],[19.30743,-33.31179],[19.30966,-33.31372],[19.32634,-33.31895],[19.33459,-33.31439],[19.34401,-33.31417],[19.34386,-33.31219],[19.34248,-33.31011],[19.35629,-33.30281],[19.39577,-33.31291],[19.3981,-33.30821],[19.40135,-33.30915],[19.42948,-33.25434],[19.48916,-33.26842],[19.46032,-33.25299],[19.47449,-33.23767],[19.5082,-33.19815],[19.49003,-33.18706],[19.48273,-33.16344],[19.47525,-33.15311],[19.49328,-33.14867],[19.49489,-33.14426],[19.49645,-33.13558],[19.51008,-33.13479],[19.51369,-33.12961],[19.55016,-33.12901],[19.55051,-33.13456],[19.55913,-33.12191],[19.55661,-33.12065],[19.56764,-33.11203],[19.59163,-33.10738],[19.57277,-33.10278],[19.56725,-33.09631],[19.55609,-33.07747],[19.55457,-33.06271],[19.55864,-33.05526],[19.56283,-33.03339],[19.56466,-33.01823],[19.59117,-33.02398],[19.62081,-33.00923],[19.64734,-33.0158],[19.6478,-32.96621],[19.65652,-32.91515],[19.6536,-32.89309],[19.65707,-32.85768],[19.62523,-32.82731],[19.59919,-32.7661],[19.59346,-32.71241],[19.61373,-32.70216],[19.58724,-32.64778],[19.52825,-32.67324],[19.49917,-32.61209],[19.4868,-32.56544]]]}},{"type":"Feature","id":"De Doorns","properties":{"name":"De Doorns","includes":["De Doorns"],"district":"Cape Winelands","population":40752,"rate_reliable":true,"counts":{"all17":1700,"contact":869,"property":231,"murder":31,"attempted_murder":80,"sexual":40,"robbery_agg":37,"robbery_common":26,"assault_gbh":315,"assault_common":340,"burglary_res":115,"burglary_nonres":56,"theft_vehicle":1,"theft_from_vehicle":59,"carjacking":0,"house_robbery":3,"business_robbery":1,"drugs":83,"firearms":4},"previous":{"all17":1867,"contact":952,"property":220,"murder":27,"attempted_murder":105,"sexual":35,"robbery_agg":53,"robbery_common":43,"assault_gbh":379,"assault_common":310,"burglary_res":143,"burglary_nonres":24,"theft_vehicle":2,"theft_from_vehicle":51,"carjacking":0,"house_robbery":3,"business_robbery":9,"drugs":84,"firearms":4},"rates":{"all17":4171.6,"contact":2132.4,"property":566.8,"murder":76.1,"attempted_murder":196.3,"sexual":98.2,"robbery_agg":90.8,"robbery_common":63.8,"assault_gbh":773.0,"assault_common":834.3,"burglary_res":282.2,"burglary_nonres":137.4,"theft_vehicle":2.5,"theft_from_vehicle":144.8,"carjacking":0.0,"house_robbery":7.4,"business_robbery":2.5,"drugs":203.7,"firearms":9.8}},"geometry":{"type":"Polygon","coordinates":[[[19.76492,-33.37383],[19.75456,-33.37257],[19.66873,-33.38179],[19.58075,-33.36445],[19.56712,-33.38195],[19.54978,-33.3952],[19.53798,-33.42636],[19.52094,-33.43736],[19.47328,-33.46158],[19.40536,-33.48044],[19.4002,-33.52342],[19.46127,-33.55631],[19.53168,-33.53224],[19.54503,-33.52714],[19.54692,-33.5289],[19.58981,-33.54898],[19.60261,-33.56181],[19.63765,-33.53648],[19.6908,-33.52768],[19.73632,-33.53721],[19.74777,-33.53021],[19.7565,-33.51522],[19.75179,-33.50534],[19.76395,-33.50375],[19.75771,-33.49776],[19.76304,-33.48999],[19.76622,-33.49121],[19.76974,-33.48024],[19.77893,-33.43063],[19.76822,-33.40208],[19.76477,-33.40001],[19.76492,-33.37383]]]}},{"type":"Feature","id":"Klapmuts","properties":{"name":"Klapmuts","includes":["Klapmuts"],"district":"Cape Winelands","population":21681,"rate_reliable":true,"counts":{"all17":892,"contact":412,"property":168,"murder":5,"attempted_murder":11,"sexual":26,"robbery_agg":44,"robbery_common":25,"assault_gbh":154,"assault_common":147,"burglary_res":99,"burglary_nonres":26,"theft_vehicle":3,"theft_from_vehicle":34,"carjacking":2,"house_robbery":5,"business_robbery":3,"drugs":196,"firearms":10},"previous":{"all17":898,"contact":440,"property":182,"murder":7,"attempted_murder":9,"sexual":36,"robbery_agg":57,"robbery_common":17,"assault_gbh":194,"assault_common":120,"burglary_res":73,"burglary_nonres":38,"theft_vehicle":6,"theft_from_vehicle":58,"carjacking":4,"house_robbery":5,"business_robbery":2,"drugs":108,"firearms":8},"rates":{"all17":4114.2,"contact":1900.3,"property":774.9,"murder":23.1,"attempted_murder":50.7,"sexual":119.9,"robbery_agg":202.9,"robbery_common":115.3,"assault_gbh":710.3,"assault_common":678.0,"burglary_res":456.6,"burglary_nonres":119.9,"theft_vehicle":13.8,"theft_from_vehicle":156.8,"carjacking":9.2,"house_robbery":23.1,"business_robbery":13.8,"drugs":904.0,"firearms":46.1}},"geometry":{"type":"Polygon","coordinates":[[[18.93589,-33.80868],[18.948,-33.80003],[18.94647,-33.79402],[18.94029,-33.79168],[18.93987,-33.79088],[18.93665,-33.79151],[18.93744,-33.78718],[18.94403,-33.7854],[18.94255,-33.78436],[18.94435,-33.78393],[18.93707,-33.77558],[18.9368,-33.76752],[18.93756,-33.76749],[18.93741,-33.76295],[18.9318,-33.7597],[18.92751,-33.7558],[18.92416,-33.76226],[18.91998,-33.7584],[18.91793,-33.75807],[18.90792,-33.74695],[18.90568,-33.73755],[18.9128,-33.71282],[18.89469,-33.70408],[18.88204,-33.69997],[18.87524,-33.70164],[18.87604,-33.70276],[18.87266,-33.70593],[18.87178,-33.70517],[18.8663,-33.71026],[18.87065,-33.70346],[18.8702,-33.70221],[18.872,-33.69636],[18.86867,-33.69164],[18.86816,-33.69327],[18.86341,-33.69633],[18.85954,-33.69773],[18.85891,-33.699],[18.85606,-33.70058],[18.85312,-33.69833],[18.85259,-33.69636],[18.84728,-33.69295],[18.83555,-33.69406],[18.8314,-33.69595],[18.82935,-33.68793],[18.80274,-33.69299],[18.7964,-33.69539],[18.7948,-33.70701],[18.79928,-33.72944],[18.792,-33.73253],[18.77032,-33.7291],[18.76923,-33.72681],[18.77079,-33.7213],[18.77466,-33.71846],[18.77302,-33.71727],[18.77105,-33.71944],[18.7652,-33.7235],[18.76463,-33.72486],[18.76085,-33.7278],[18.75209,-33.73017],[18.74954,-33.74056],[18.76047,-33.75303],[18.7543,-33.75689],[18.75893,-33.76585],[18.75793,-33.7666],[18.76423,-33.7821],[18.7664,-33.78515],[18.77919,-33.79452],[18.78117,-33.79669],[18.78243,-33.79957],[18.78621,-33.81541],[18.78873,-33.8183],[18.79068,-33.81955],[18.7909,-33.82515],[18.7954,-33.83163],[18.80969,-33.8333],[18.8159,-33.83272],[18.823,-33.83446],[18.82674,-33.83356],[18.82814,-33.83151],[18.85405,-33.83034],[18.85282,-33.82677],[18.86229,-33.82636],[18.86166,-33.82882],[18.87199,-33.84018],[18.87026,-33.84839],[18.88489,-33.84628],[18.90484,-33.86118],[18.90484,-33.84219],[18.90701,-33.8319],[18.93589,-33.80868]]]}},{"type":"Feature","id":"Parow","properties":{"name":"Parow","includes":["Parow"],"district":"City of Cape Town","population":60584,"rate_reliable":true,"counts":{"all17":3426,"contact":958,"property":841,"murder":6,"attempted_murder":9,"sexual":30,"robbery_agg":298,"robbery_common":298,"assault_gbh":64,"assault_common":253,"burglary_res":198,"burglary_nonres":59,"theft_vehicle":118,"theft_from_vehicle":466,"carjacking":24,"house_robbery":5,"business_robbery":15,"drugs":1050,"firearms":4},"previous":{"all17":3528,"contact":1012,"property":900,"murder":14,"attempted_murder":9,"sexual":44,"robbery_agg":394,"robbery_common":228,"assault_gbh":74,"assault_common":249,"burglary_res":226,"burglary_nonres":60,"theft_vehicle":143,"theft_from_vehicle":471,"carjacking":18,"house_robbery":20,"business_robbery":18,"drugs":974,"firearms":9},"rates":{"all17":5655.0,"contact":1581.3,"property":1388.2,"murder":9.9,"attempted_murder":14.9,"sexual":49.5,"robbery_agg":491.9,"robbery_common":491.9,"assault_gbh":105.6,"assault_common":417.6,"burglary_res":326.8,"burglary_nonres":97.4,"theft_vehicle":194.8,"theft_from_vehicle":769.2,"carjacking":39.6,"house_robbery":8.3,"business_robbery":24.8,"drugs":1733.1,"firearms":6.6}},"geometry":{"type":"Polygon","coordinates":[[[18.59388,-33.86607],[18.59392,-33.86198],[18.59269,-33.86244],[18.59025,-33.86184],[18.58618,-33.85387],[18.5861,-33.85258],[18.58118,-33.84861],[18.5777,-33.84233],[18.57784,-33.83867],[18.56741,-33.83182],[18.56033,-33.82208],[18.55712,-33.82336],[18.54574,-33.83568],[18.54163,-33.84621],[18.54365,-33.84761],[18.55307,-33.84732],[18.55464,-33.85611],[18.56157,-33.85912],[18.56708,-33.86241],[18.55932,-33.86666],[18.56381,-33.88778],[18.57093,-33.90417],[18.57626,-33.90696],[18.57736,-33.91072],[18.58359,-33.92228],[18.59021,-33.92076],[18.59621,-33.91808],[18.61508,-33.91523],[18.61693,-33.91885],[18.61939,-33.91345],[18.61874,-33.90818],[18.61634,-33.90579],[18.60901,-33.90668],[18.61094,-33.9036],[18.611,-33.90187],[18.60648,-33.89944],[18.60689,-33.89421],[18.6063,-33.89421],[18.60587,-33.88986],[18.60102,-33.88936],[18.59894,-33.88844],[18.59925,-33.88788],[18.59742,-33.88689],[18.60007,-33.8873],[18.60037,-33.88508],[18.59707,-33.88043],[18.59545,-33.87545],[18.59502,-33.86693],[18.59388,-33.86607]]]}},{"type":"Feature","id":"Barrydale","properties":{"name":"Barrydale","includes":["Barrydale"],"district":"Overberg","population":6190,"rate_reliable":true,"counts":{"all17":338,"contact":161,"property":60,"murder":0,"attempted_murder":1,"sexual":19,"robbery_agg":0,"robbery_common":1,"assault_gbh":71,"assault_common":69,"burglary_res":35,"burglary_nonres":16,"theft_vehicle":0,"theft_from_vehicle":5,"carjacking":0,"house_robbery":0,"business_robbery":0,"drugs":160,"firearms":3},"previous":{"all17":304,"contact":119,"property":87,"murder":0,"attempted_murder":0,"sexual":8,"robbery_agg":3,"robbery_common":3,"assault_gbh":56,"assault_common":49,"burglary_res":46,"burglary_nonres":27,"theft_vehicle":0,"theft_from_vehicle":12,"carjacking":0,"house_robbery":0,"business_robbery":0,"drugs":102,"firearms":0},"rates":{"all17":5460.4,"contact":2601.0,"property":969.3,"murder":0.0,"attempted_murder":16.2,"sexual":306.9,"robbery_agg":0.0,"robbery_common":16.2,"assault_gbh":1147.0,"assault_common":1114.7,"burglary_res":565.4,"burglary_nonres":258.5,"theft_vehicle":0.0,"theft_from_vehicle":80.8,"carjacking":0.0,"house_robbery":0.0,"business_robbery":0.0,"drugs":2584.8,"firearms":48.5}},"geometry":{"type":"Polygon","coordinates":[[[20.94343,-33.85181],[20.9568,-33.80621],[20.96563,-33.80423],[20.98646,-33.78075],[21.01038,-33.75651],[20.98067,-33.73955],[20.96572,-33.74258],[20.93415,-33.72458],[20.93885,-33.69978],[20.87997,-33.69256],[20.88506,-33.71732],[20.82889,-33.71635],[20.80031,-33.71496],[20.80955,-33.69849],[20.80725,-33.68969],[20.77563,-33.6916],[20.75196,-33.67147],[20.71913,-33.64034],[20.69964,-33.63269],[20.66607,-33.6219],[20.6455,-33.63615],[20.58623,-33.66718],[20.58165,-33.62207],[20.50321,-33.63696],[20.53517,-33.66071],[20.50394,-33.68205],[20.46915,-33.68195],[20.47282,-33.72917],[20.44794,-33.77391],[20.51451,-33.80256],[20.48054,-33.82269],[20.46848,-33.81822],[20.46825,-33.81337],[20.45022,-33.80676],[20.44374,-33.81001],[20.42667,-33.81089],[20.44151,-33.81972],[20.4354,-33.82633],[20.44179,-33.83708],[20.44252,-33.85781],[20.4608,-33.87636],[20.4683,-33.88023],[20.46997,-33.88964],[20.46956,-33.89561],[20.46024,-33.9063],[20.43608,-33.95767],[20.44805,-33.95881],[20.51271,-33.97272],[20.55314,-33.97037],[20.56059,-33.96876],[20.5897,-33.96667],[20.6221,-33.9653],[20.63382,-33.96371],[20.65457,-33.95824],[20.66466,-33.95633],[20.68724,-33.95498],[20.69124,-33.95723],[20.72745,-33.95275],[20.80663,-33.94637],[20.81646,-33.94017],[20.82458,-33.94091],[20.87671,-33.91792],[20.9388,-33.92491],[20.95239,-33.90172],[20.92389,-33.8892],[20.9361,-33.8791],[20.94343,-33.85181]]]}},{"type":"Feature","id":"Ashton","properties":{"name":"Ashton","includes":["Ashton"],"district":"Cape Winelands","population":22380,"rate_reliable":true,"counts":{"all17":624,"contact":288,"property":127,"murder":2,"attempted_murder":3,"sexual":23,"robbery_agg":12,"robbery_common":10,"assault_gbh":94,"assault_common":144,"burglary_res":71,"burglary_nonres":14,"theft_vehicle":0,"theft_from_vehicle":37,"carjacking":1,"house_robbery":1,"business_robbery":3,"drugs":163,"firearms":3},"previous":{"all17":602,"contact":269,"property":146,"murder":6,"attempted_murder":5,"sexual":25,"robbery_agg":11,"robbery_common":6,"assault_gbh":94,"assault_common":122,"burglary_res":98,"burglary_nonres":19,"theft_vehicle":1,"theft_from_vehicle":23,"carjacking":0,"house_robbery":1,"business_robbery":4,"drugs":107,"firearms":1},"rates":{"all17":2788.2,"contact":1286.9,"property":567.5,"murder":8.9,"attempted_murder":13.4,"sexual":102.8,"robbery_agg":53.6,"robbery_common":44.7,"assault_gbh":420.0,"assault_common":643.4,"burglary_res":317.2,"burglary_nonres":62.6,"theft_vehicle":0.0,"theft_from_vehicle":165.3,"carjacking":4.5,"house_robbery":4.5,"business_robbery":13.4,"drugs":728.3,"firearms":13.4}},"geometry":{"type":"Polygon","coordinates":[[[20.18673,-33.86786],[20.1783,-33.86185],[20.14947,-33.8444],[20.14121,-33.85094],[20.13334,-33.84604],[20.13828,-33.83685],[20.11914,-33.82501],[20.11321,-33.82252],[20.0505,-33.75515],[19.9416,-33.72657],[19.96491,-33.74464],[19.9734,-33.7457],[19.96599,-33.76886],[19.95566,-33.77045],[19.9494,-33.7806],[19.94794,-33.78171],[19.94894,-33.78223],[19.94027,-33.79231],[19.9386,-33.79215],[19.95476,-33.80478],[19.94783,-33.82189],[19.94351,-33.82404],[19.96338,-33.83295],[19.96166,-33.83561],[19.966,-33.83825],[19.96142,-33.84365],[19.95667,-33.84788],[19.95916,-33.85161],[19.96496,-33.85558],[19.9678,-33.86002],[19.97264,-33.86382],[19.97904,-33.8667],[19.97836,-33.86705],[19.98223,-33.86906],[19.99373,-33.87053],[19.99572,-33.87238],[19.99551,-33.87702],[19.98962,-33.87683],[19.97755,-33.88481],[19.97179,-33.88988],[19.96442,-33.89896],[19.95172,-33.89719],[19.93821,-33.9157],[19.93795,-33.92513],[19.93868,-33.92799],[19.9436,-33.9277],[19.95495,-33.93158],[19.9636,-33.93879],[19.96789,-33.94505],[19.97057,-33.94266],[19.97258,-33.93784],[19.97295,-33.93434],[19.97572,-33.92776],[19.97828,-33.92657],[19.99089,-33.924],[20.00435,-33.92918],[20.00756,-33.93156],[20.01009,-33.93537],[20.01384,-33.93369],[20.01434,-33.93082],[20.02443,-33.92658],[20.02885,-33.92847],[20.03031,-33.93099],[20.03473,-33.93452],[20.0389,-33.93526],[20.04014,-33.93772],[20.0483,-33.93777],[20.05593,-33.93657],[20.05792,-33.9118],[20.05966,-33.91251],[20.07617,-33.89934],[20.08189,-33.89672],[20.10086,-33.89219],[20.11372,-33.90572],[20.14433,-33.91071],[20.15489,-33.89915],[20.16018,-33.89826],[20.17108,-33.88978],[20.18071,-33.88055],[20.18673,-33.86786]]]}},{"type":"Feature","id":"Steenberg","properties":{"name":"Steenberg","includes":["Steenberg"],"district":"City of Cape Town","population":80528,"rate_reliable":true,"counts":{"all17":1424,"contact":600,"property":174,"murder":66,"attempted_murder":79,"sexual":36,"robbery_agg":72,"robbery_common":36,"assault_gbh":47,"assault_common":264,"burglary_res":91,"burglary_nonres":19,"theft_vehicle":10,"theft_from_vehicle":54,"carjacking":6,"house_robbery":6,"business_robbery":4,"drugs":2306,"firearms":104},"previous":{"all17":1604,"contact":651,"property":236,"murder":49,"attempted_murder":52,"sexual":47,"robbery_agg":101,"robbery_common":31,"assault_gbh":50,"assault_common":321,"burglary_res":107,"burglary_nonres":38,"theft_vehicle":16,"theft_from_vehicle":75,"carjacking":11,"house_robbery":9,"business_robbery":7,"drugs":2181,"firearms":56},"rates":{"all17":1768.3,"contact":745.1,"property":216.1,"murder":82.0,"attempted_murder":98.1,"sexual":44.7,"robbery_agg":89.4,"robbery_common":44.7,"assault_gbh":58.4,"assault_common":327.8,"burglary_res":113.0,"burglary_nonres":23.6,"theft_vehicle":12.4,"theft_from_vehicle":67.1,"carjacking":7.5,"house_robbery":7.5,"business_robbery":5.0,"drugs":2863.6,"firearms":129.1}},"geometry":{"type":"Polygon","coordinates":[[[18.49041,-34.04115],[18.48984,-34.04113],[18.4891,-34.04246],[18.48784,-34.04214],[18.48754,-34.04391],[18.48631,-34.04396],[18.48557,-34.04531],[18.48446,-34.04553],[18.48267,-34.04247],[18.47818,-34.04436],[18.47645,-34.04146],[18.47588,-34.03748],[18.47308,-34.03643],[18.46711,-34.03945],[18.46318,-34.05624],[18.46393,-34.07546],[18.4967,-34.07435],[18.48962,-34.06294],[18.48738,-34.04641],[18.49041,-34.04115]]]}},{"type":"Feature","id":"Philippi East","properties":{"name":"Philippi East","includes":["Philippi East"],"district":"City of Cape Town","population":106045,"rate_reliable":true,"counts":{"all17":2540,"contact":1884,"property":118,"murder":196,"attempted_murder":113,"sexual":96,"robbery_agg":593,"robbery_common":185,"assault_gbh":233,"assault_common":468,"burglary_res":74,"burglary_nonres":5,"theft_vehicle":20,"theft_from_vehicle":18,"carjacking":68,"house_robbery":80,"business_robbery":5,"drugs":898,"firearms":43},"previous":{"all17":2807,"contact":2056,"property":141,"murder":225,"attempted_murder":113,"sexual":71,"robbery_agg":776,"robbery_common":187,"assault_gbh":205,"assault_common":479,"burglary_res":74,"burglary_nonres":7,"theft_vehicle":28,"theft_from_vehicle":32,"carjacking":202,"house_robbery":77,"business_robbery":9,"drugs":706,"firearms":92},"rates":{"all17":2395.2,"contact":1776.6,"property":111.3,"murder":184.8,"attempted_murder":106.6,"sexual":90.5,"robbery_agg":559.2,"robbery_common":174.5,"assault_gbh":219.7,"assault_common":441.3,"burglary_res":69.8,"burglary_nonres":4.7,"theft_vehicle":18.9,"theft_from_vehicle":17.0,"carjacking":64.1,"house_robbery":75.4,"business_robbery":4.7,"drugs":846.8,"firearms":40.5}},"geometry":{"type":"Polygon","coordinates":[[[18.62935,-34.00517],[18.62119,-33.99899],[18.61908,-33.99819],[18.6074,-33.99707],[18.59923,-33.99805],[18.59261,-33.99962],[18.59251,-34.0002],[18.59394,-34.01305],[18.59919,-34.01566],[18.60267,-34.01916],[18.60759,-34.01879],[18.6175,-34.0159],[18.62935,-34.00517]]]}},{"type":"Feature","id":"Fish Hoek","properties":{"name":"Fish Hoek","includes":["Fish Hoek"],"district":"City of Cape Town","population":24426,"rate_reliable":true,"counts":{"all17":1140,"contact":168,"property":260,"murder":2,"attempted_murder":0,"sexual":18,"robbery_agg":28,"robbery_common":30,"assault_gbh":14,"assault_common":76,"burglary_res":105,"burglary_nonres":4,"theft_vehicle":38,"theft_from_vehicle":113,"carjacking":1,"house_robbery":4,"business_robbery":5,"drugs":74,"firearms":1},"previous":{"all17":1328,"contact":131,"property":357,"murder":1,"attempted_murder":2,"sexual":10,"robbery_agg":25,"robbery_common":24,"assault_gbh":6,"assault_common":63,"burglary_res":145,"burglary_nonres":27,"theft_vehicle":61,"theft_from_vehicle":124,"carjacking":1,"house_robbery":1,"business_robbery":5,"drugs":84,"firearms":6},"rates":{"all17":4667.2,"contact":687.8,"property":1064.4,"murder":8.2,"attempted_murder":0.0,"sexual":73.7,"robbery_agg":114.6,"robbery_common":122.8,"assault_gbh":57.3,"assault_common":311.1,"burglary_res":429.9,"burglary_nonres":16.4,"theft_vehicle":155.6,"theft_from_vehicle":462.6,"carjacking":4.1,"house_robbery":16.4,"business_robbery":20.5,"drugs":303.0,"firearms":4.1}},"geometry":{"type":"Polygon","coordinates":[[[18.34876,-34.12256],[18.36129,-34.12154],[18.36653,-34.12052],[18.37212,-34.12321],[18.37191,-34.12491],[18.37689,-34.12449],[18.37855,-34.1235],[18.37898,-34.12468],[18.38049,-34.12401],[18.38351,-34.13238],[18.38401,-34.13322],[18.38554,-34.13369],[18.38355,-34.15008],[18.38806,-34.15167],[18.40039,-34.14306],[18.41183,-34.13907],[18.42147,-34.14555],[18.43922,-34.15194],[18.43982,-34.1496],[18.43914,-34.14732],[18.43672,-34.14385],[18.43222,-34.14152],[18.43288,-34.13907],[18.4342,-34.1367],[18.43924,-34.13216],[18.44671,-34.13255],[18.44792,-34.13142],[18.44039,-34.1277],[18.43977,-34.11753],[18.42378,-34.10851],[18.42564,-34.10559],[18.42436,-34.09917],[18.40963,-34.09424],[18.40528,-34.09041],[18.38585,-34.0777],[18.38021,-34.07263],[18.35961,-34.08842],[18.35049,-34.09321],[18.35203,-34.09555],[18.35175,-34.09634],[18.34905,-34.09806],[18.35081,-34.09897],[18.35171,-34.10968],[18.34876,-34.12256]]]}},{"type":"Feature","id":"Vredendal","properties":{"name":"Vredendal","includes":["Vredendal"],"district":"West Coast","population":26338,"rate_reliable":true,"counts":{"all17":938,"contact":383,"property":210,"murder":7,"attempted_murder":14,"sexual":39,"robbery_agg":17,"robbery_common":15,"assault_gbh":134,"assault_common":157,"burglary_res":149,"burglary_nonres":29,"theft_vehicle":5,"theft_from_vehicle":24,"carjacking":0,"house_robbery":0,"business_robbery":0,"drugs":830,"firearms":3},"previous":{"all17":950,"contact":443,"property":200,"murder":4,"attempted_murder":4,"sexual":27,"robbery_agg":25,"robbery_common":24,"assault_gbh":186,"assault_common":173,"burglary_res":127,"burglary_nonres":30,"theft_vehicle":3,"theft_from_vehicle":36,"carjacking":0,"house_robbery":3,"business_robbery":2,"drugs":796,"firearms":4},"rates":{"all17":3561.4,"contact":1454.2,"property":797.3,"murder":26.6,"attempted_murder":53.2,"sexual":148.1,"robbery_agg":64.5,"robbery_common":57.0,"assault_gbh":508.8,"assault_common":596.1,"burglary_res":565.7,"burglary_nonres":110.1,"theft_vehicle":19.0,"theft_from_vehicle":91.1,"carjacking":0.0,"house_robbery":0.0,"business_robbery":0.0,"drugs":3151.3,"firearms":11.4}},"geometry":{"type":"Polygon","coordinates":[[[18.58771,-31.69328],[18.57155,-31.67404],[18.581,-31.65974],[18.58524,-31.6378],[18.54971,-31.6091],[18.5532,-31.59579],[18.58916,-31.51633],[18.58938,-31.45819],[18.46582,-31.5002],[18.46243,-31.50268],[18.43752,-31.54455],[18.41413,-31.55537],[18.41117,-31.55615],[18.40814,-31.55537],[18.40448,-31.5556],[18.40029,-31.55833],[18.39911,-31.5612],[18.3992,-31.56346],[18.40231,-31.56642],[18.40339,-31.56937],[18.40355,-31.57326],[18.40301,-31.57513],[18.40091,-31.57793],[18.39888,-31.57916],[18.39161,-31.58055],[18.3893,-31.58155],[18.39231,-31.58813],[18.39323,-31.5917],[18.37883,-31.62554],[18.35081,-31.66635],[18.31108,-31.69437],[18.33547,-31.71001],[18.36206,-31.73425],[18.3688,-31.7597],[18.38469,-31.79629],[18.37933,-31.80371],[18.43024,-31.84819],[18.43224,-31.83403],[18.44157,-31.80169],[18.44914,-31.78292],[18.45322,-31.77814],[18.49922,-31.73704],[18.50539,-31.73101],[18.51044,-31.72347],[18.51792,-31.72477],[18.5203,-31.7277],[18.52344,-31.72784],[18.52523,-31.73475],[18.52677,-31.73802],[18.53236,-31.73591],[18.53172,-31.73467],[18.53494,-31.73334],[18.53299,-31.72952],[18.53241,-31.72607],[18.53259,-31.72392],[18.53474,-31.72082],[18.5375,-31.72272],[18.55901,-31.71586],[18.58771,-31.69328]]]}},{"type":"Feature","id":"Elsies River","properties":{"name":"Elsies River","includes":["Elsies River"],"district":"City of Cape Town","population":75967,"rate_reliable":true,"counts":{"all17":3458,"contact":1749,"property":370,"murder":74,"attempted_murder":108,"sexual":32,"robbery_agg":229,"robbery_common":357,"assault_gbh":245,"assault_common":704,"burglary_res":113,"burglary_nonres":30,"theft_vehicle":59,"theft_from_vehicle":168,"carjacking":27,"house_robbery":5,"business_robbery":4,"drugs":1306,"firearms":103},"previous":{"all17":3480,"contact":1707,"property":386,"murder":98,"attempted_murder":116,"sexual":40,"robbery_agg":231,"robbery_common":327,"assault_gbh":252,"assault_common":643,"burglary_res":90,"burglary_nonres":57,"theft_vehicle":50,"theft_from_vehicle":189,"carjacking":21,"house_robbery":10,"business_robbery":18,"drugs":798,"firearms":77},"rates":{"all17":4552.0,"contact":2302.3,"property":487.1,"murder":97.4,"attempted_murder":142.2,"sexual":42.1,"robbery_agg":301.4,"robbery_common":469.9,"assault_gbh":322.5,"assault_common":926.7,"burglary_res":148.7,"burglary_nonres":39.5,"theft_vehicle":77.7,"theft_from_vehicle":221.1,"carjacking":35.5,"house_robbery":6.6,"business_robbery":5.3,"drugs":1719.2,"firearms":135.6}},"geometry":{"type":"Polygon","coordinates":[[[18.57725,-33.91048],[18.56815,-33.90998],[18.56741,-33.91004],[18.5675,-33.91055],[18.56028,-33.91086],[18.54122,-33.9169],[18.5437,-33.92673],[18.54289,-33.94124],[18.56161,-33.94288],[18.58261,-33.94258],[18.58847,-33.94342],[18.59297,-33.94262],[18.5877,-33.93794],[18.58369,-33.92226],[18.57725,-33.91048]]]}},{"type":"Feature","id":"Lutzville","properties":{"name":"Lutzville","includes":["Lutzville"],"district":"West Coast","population":16137,"rate_reliable":true,"counts":{"all17":947,"contact":426,"property":229,"murder":4,"attempted_murder":9,"sexual":24,"robbery_agg":16,"robbery_common":16,"assault_gbh":208,"assault_common":149,"burglary_res":140,"burglary_nonres":33,"theft_vehicle":1,"theft_from_vehicle":44,"carjacking":0,"house_robbery":4,"business_robbery":2,"drugs":179,"firearms":3},"previous":{"all17":925,"contact":426,"property":212,"murder":6,"attempted_murder":1,"sexual":23,"robbery_agg":31,"robbery_common":9,"assault_gbh":209,"assault_common":147,"burglary_res":141,"burglary_nonres":34,"theft_vehicle":1,"theft_from_vehicle":27,"carjacking":0,"house_robbery":8,"business_robbery":2,"drugs":225,"firearms":3},"rates":{"all17":5868.5,"contact":2639.9,"property":1419.1,"murder":24.8,"attempted_murder":55.8,"sexual":148.7,"robbery_agg":99.2,"robbery_common":99.2,"assault_gbh":1289.0,"assault_common":923.3,"burglary_res":867.6,"burglary_nonres":204.5,"theft_vehicle":6.2,"theft_from_vehicle":272.7,"carjacking":0.0,"house_robbery":24.8,"business_robbery":12.4,"drugs":1109.3,"firearms":18.6}},"geometry":{"type":"Polygon","coordinates":[[[17.75756,-31.15197],[17.76117,-31.15593],[17.76298,-31.15689],[17.76229,-31.15877],[17.76292,-31.15982],[17.76876,-31.16469],[17.76959,-31.16691],[17.77276,-31.16929],[17.77262,-31.17103],[17.77417,-31.17335],[17.77745,-31.17505],[17.77933,-31.17731],[17.7841,-31.18078],[17.78512,-31.18354],[17.78749,-31.18676],[17.79298,-31.19222],[17.79261,-31.19307],[17.79405,-31.19524],[17.79441,-31.19813],[17.79778,-31.20229],[17.80164,-31.2034],[17.80563,-31.20965],[17.80842,-31.21142],[17.8093,-31.21267],[17.81177,-31.21363],[17.81288,-31.21594],[17.8174,-31.21858],[17.81806,-31.22284],[17.82038,-31.22377],[17.8218,-31.22311],[17.8235,-31.22349],[17.82561,-31.22478],[17.82625,-31.22631],[17.82708,-31.22617],[17.83373,-31.23053],[17.83697,-31.23402],[17.83919,-31.23468],[17.8395,-31.23626],[17.84156,-31.23703],[17.84278,-31.23977],[17.84551,-31.24155],[17.84693,-31.24396],[17.85691,-31.25081],[17.86298,-31.25726],[17.86587,-31.2622],[17.86603,-31.26364],[17.86965,-31.26891],[17.86894,-31.2702],[17.87169,-31.2716],[17.87454,-31.27462],[17.87708,-31.27836],[17.87682,-31.28129],[17.87834,-31.28186],[17.88102,-31.28484],[17.88145,-31.28933],[17.87947,-31.291],[17.87956,-31.29188],[17.8817,-31.29316],[17.88129,-31.29465],[17.88018,-31.29554],[17.88225,-31.29671],[17.88143,-31.29883],[17.88267,-31.30149],[17.87925,-31.30303],[17.88017,-31.30429],[17.87701,-31.30777],[17.87717,-31.30965],[17.87999,-31.31069],[17.87826,-31.31383],[17.88005,-31.31485],[17.8802,-31.31566],[17.87847,-31.3168],[17.87873,-31.32003],[17.8809,-31.321],[17.88145,-31.32249],[17.88583,-31.3259],[17.88637,-31.32886],[17.88977,-31.33145],[17.89109,-31.33459],[17.89677,-31.34203],[17.89946,-31.3437],[17.90042,-31.3472],[17.89996,-31.35138],[17.90069,-31.35226],[17.90323,-31.35321],[17.90493,-31.35504],[17.90613,-31.35526],[17.90892,-31.36017],[17.91197,-31.36149],[17.91191,-31.36331],[17.91553,-31.36678],[17.91961,-31.36795],[17.9275,-31.37454],[17.93125,-31.37954],[17.93129,-31.38141],[17.93453,-31.38319],[17.93494,-31.38545],[17.93882,-31.38877],[17.93792,-31.39002],[17.93822,-31.39103],[17.94072,-31.39291],[17.94538,-31.39863],[17.9456,-31.40218],[17.94858,-31.40607],[17.95044,-31.4071],[17.95299,-31.41019],[17.95571,-31.41141],[17.95803,-31.41532],[17.96776,-31.42131],[17.97208,-31.42627],[17.9719,-31.42759],[17.97278,-31.42875],[17.97575,-31.43044],[17.97614,-31.43214],[17.97775,-31.4331],[17.97742,-31.434],[17.97805,-31.43473],[17.97958,-31.43491],[17.98274,-31.43804],[17.98295,-31.43874],[17.98184,-31.43991],[17.98249,-31.44025],[17.98313,-31.43956],[17.98369,-31.44003],[17.9862,-31.44292],[17.9867,-31.44441],[17.98822,-31.4454],[17.99136,-31.45272],[17.99365,-31.45527],[17.99923,-31.45884],[18.01001,-31.47693],[18.0155,-31.48021],[18.02091,-31.48524],[18.02581,-31.49025],[18.02865,-31.4952],[18.03767,-31.50111],[18.03746,-31.50191],[18.03815,-31.50285],[18.03975,-31.50287],[18.04098,-31.50379],[18.04074,-31.50475],[18.04221,-31.5062],[18.04206,-31.5081],[18.04281,-31.51002],[18.04607,-31.51136],[18.04782,-31.51377],[18.05005,-31.51394],[18.05067,-31.5152],[18.05022,-31.51661],[18.05216,-31.5177],[18.05363,-31.51751],[18.05486,-31.51859],[18.05639,-31.52213],[18.06235,-31.5245],[18.06691,-31.52818],[18.08486,-31.54595],[18.08746,-31.54986],[18.09172,-31.55327],[18.09815,-31.55981],[18.11106,-31.57493],[18.11278,-31.57904],[18.11489,-31.58041],[18.11786,-31.58604],[18.11809,-31.58828],[18.11717,-31.58942],[18.11758,-31.59322],[18.11647,-31.59544],[18.11671,-31.59668],[18.11527,-31.59817],[18.11956,-31.6017],[18.1182,-31.60282],[18.11858,-31.60441],[18.11976,-31.60409],[18.12141,-31.60551],[18.12255,-31.60518],[18.12714,-31.60793],[18.12917,-31.61037],[18.13003,-31.61366],[18.13242,-31.61611],[18.1318,-31.61808],[18.13231,-31.61982],[18.13161,-31.62131],[18.13291,-31.62296],[18.13447,-31.62376],[18.13369,-31.6243],[18.13558,-31.62749],[18.1369,-31.627],[18.13884,-31.62954],[18.14022,-31.63006],[18.14033,-31.63077],[18.1396,-31.6313],[18.14124,-31.63187],[18.1416,-31.63256],[18.14113,-31.63344],[18.14214,-31.63522],[18.14472,-31.63698],[18.14626,-31.63974],[18.147,-31.63993],[18.14653,-31.64341],[18.14785,-31.64444],[18.14826,-31.64758],[18.14988,-31.64919],[18.14949,-31.65144],[18.15194,-31.65403],[18.1517,-31.65535],[18.15487,-31.65661],[18.15685,-31.6586],[18.15977,-31.66229],[18.1622,-31.66671],[18.17048,-31.67709],[18.17129,-31.67905],[18.17207,-31.67981],[18.17331,-31.67968],[18.17978,-31.68685],[18.17972,-31.68757],[18.18151,-31.68979],[18.18175,-31.69153],[18.1843,-31.6937],[18.18412,-31.69607],[18.18572,-31.70108],[18.18712,-31.70107],[18.18825,-31.69984],[18.19095,-31.69355],[18.19763,-31.6887],[18.19931,-31.68624],[18.19688,-31.67208],[18.19663,-31.66214],[18.19506,-31.6522],[18.19572,-31.64949],[18.19691,-31.64768],[18.20298,-31.64499],[18.20506,-31.64569],[18.22674,-31.63596],[18.37883,-31.62554],[18.39323,-31.5917],[18.39231,-31.58813],[18.3893,-31.58155],[18.39161,-31.58055],[18.39888,-31.57916],[18.40091,-31.57793],[18.40301,-31.57513],[18.40355,-31.57326],[18.40339,-31.56937],[18.40231,-31.56642],[18.3992,-31.56346],[18.39911,-31.5612],[18.40029,-31.55833],[18.40448,-31.5556],[18.40814,-31.55537],[18.41117,-31.55615],[18.41413,-31.55537],[18.43752,-31.54455],[18.46243,-31.50268],[18.46582,-31.5002],[18.58938,-31.45819],[18.56865,-31.42131],[18.50735,-31.38955],[18.41917,-31.4714],[18.40527,-31.40712],[18.43056,-31.36451],[18.39187,-31.24846],[18.37545,-31.19734],[18.3273,-31.27099],[18.2934,-31.23001],[18.26228,-31.23308],[18.26095,-31.24149],[18.21946,-31.22879],[18.21734,-31.22866],[18.17979,-31.194],[18.16106,-31.19376],[18.16048,-31.20866],[18.16064,-31.23324],[18.10256,-31.1788],[18.01902,-31.13923],[18.01132,-31.14007],[17.96303,-31.12999],[17.94556,-31.19629],[17.93896,-31.21669],[17.89917,-31.19825],[17.77494,-31.15629],[17.76041,-31.15182],[17.75756,-31.15197]]]}},{"type":"Feature","id":"Ceres","properties":{"name":"Ceres","includes":["Ceres"],"district":"Cape Winelands","population":59014,"rate_reliable":true,"counts":{"all17":1597,"contact":780,"property":248,"murder":16,"attempted_murder":32,"sexual":28,"robbery_agg":31,"robbery_common":28,"assault_gbh":239,"assault_common":406,"burglary_res":128,"burglary_nonres":27,"theft_vehicle":5,"theft_from_vehicle":78,"carjacking":0,"house_robbery":3,"business_robbery":11,"drugs":584,"firearms":11},"previous":{"all17":1817,"contact":877,"property":308,"murder":17,"attempted_murder":63,"sexual":47,"robbery_agg":25,"robbery_common":35,"assault_gbh":269,"assault_common":421,"burglary_res":143,"burglary_nonres":66,"theft_vehicle":4,"theft_from_vehicle":85,"carjacking":0,"house_robbery":0,"business_robbery":2,"drugs":568,"firearms":7},"rates":{"all17":2706.1,"contact":1321.7,"property":420.2,"murder":27.1,"attempted_murder":54.2,"sexual":47.4,"robbery_agg":52.5,"robbery_common":47.4,"assault_gbh":405.0,"assault_common":688.0,"burglary_res":216.9,"burglary_nonres":45.8,"theft_vehicle":8.5,"theft_from_vehicle":132.2,"carjacking":0.0,"house_robbery":5.1,"business_robbery":18.6,"drugs":989.6,"firearms":18.6}},"geometry":{"type":"Polygon","coordinates":[[[19.60495,-32.62946],[19.58724,-32.64778],[19.61373,-32.70216],[19.59346,-32.71241],[19.59919,-32.7661],[19.62523,-32.82731],[19.65707,-32.85768],[19.6536,-32.89309],[19.65652,-32.91515],[19.6478,-32.96621],[19.64734,-33.0158],[19.62081,-33.00923],[19.59117,-33.02398],[19.56466,-33.01823],[19.56283,-33.03339],[19.55864,-33.05526],[19.55457,-33.06271],[19.55609,-33.07747],[19.56725,-33.09631],[19.57277,-33.10278],[19.59163,-33.10738],[19.56764,-33.11203],[19.55661,-33.12065],[19.55913,-33.12191],[19.55051,-33.13456],[19.55016,-33.12901],[19.51369,-33.12961],[19.51008,-33.13479],[19.49645,-33.13558],[19.49489,-33.14426],[19.49328,-33.14867],[19.47525,-33.15311],[19.48273,-33.16344],[19.49003,-33.18706],[19.5082,-33.19815],[19.47449,-33.23767],[19.46032,-33.25299],[19.48916,-33.26842],[19.42948,-33.25434],[19.40135,-33.30915],[19.3981,-33.30821],[19.39577,-33.31291],[19.35629,-33.30281],[19.34248,-33.31011],[19.34386,-33.31219],[19.34401,-33.31417],[19.33459,-33.31439],[19.32634,-33.31895],[19.30966,-33.31372],[19.30743,-33.31179],[19.28146,-33.31992],[19.25489,-33.32022],[19.25031,-33.32376],[19.24141,-33.33846],[19.25364,-33.3667],[19.26336,-33.38404],[19.25884,-33.41979],[19.26023,-33.41971],[19.26064,-33.42041],[19.26009,-33.42079],[19.26126,-33.42142],[19.26561,-33.42058],[19.26592,-33.42212],[19.26535,-33.42263],[19.2763,-33.42911],[19.27569,-33.43385],[19.27557,-33.44843],[19.27879,-33.46519],[19.31598,-33.47415],[19.3151,-33.50017],[19.34482,-33.51615],[19.40536,-33.48044],[19.47328,-33.46158],[19.52094,-33.43736],[19.53798,-33.42636],[19.54978,-33.3952],[19.56712,-33.38195],[19.58075,-33.36445],[19.66873,-33.38179],[19.75456,-33.37257],[19.7885,-33.37671],[19.81996,-33.37686],[19.82985,-33.38093],[19.83064,-33.37935],[19.87539,-33.3713],[19.90853,-33.36264],[19.93445,-33.34793],[19.95543,-33.31763],[19.9721,-33.31672],[19.98918,-33.28716],[19.9976,-33.25906],[20.01376,-33.23879],[20.08698,-33.19328],[20.12024,-33.19159],[20.14607,-33.17349],[20.20224,-33.17005],[20.25132,-33.14985],[20.3065,-33.15929],[20.31855,-33.12083],[20.27912,-33.06384],[20.28707,-33.05851],[20.30262,-33.06794],[20.33433,-33.03574],[20.38382,-33.03623],[20.39502,-32.99318],[20.42789,-32.97935],[20.43475,-32.97186],[20.4386,-32.94006],[20.38005,-32.90185],[20.36388,-32.91081],[20.36386,-32.88595],[20.35717,-32.86408],[20.34165,-32.85781],[20.2999,-32.80496],[20.25729,-32.79966],[20.21904,-32.78474],[20.18761,-32.75268],[20.19172,-32.68576],[20.18141,-32.6681],[20.14119,-32.64374],[20.1369,-32.61099],[20.11472,-32.57023],[20.12279,-32.55698],[20.09681,-32.50296],[20.09641,-32.47668],[20.09221,-32.45887],[20.07964,-32.39731],[20.13202,-32.42112],[20.17045,-32.38087],[20.16352,-32.35102],[20.21603,-32.30316],[20.25417,-32.31085],[20.24625,-32.25257],[20.24084,-32.22419],[20.16636,-32.22749],[20.18095,-32.18449],[20.15183,-32.18652],[20.15105,-32.18735],[20.14034,-32.19031],[20.13591,-32.19232],[20.12339,-32.20286],[20.11571,-32.21102],[20.11411,-32.21403],[20.10927,-32.23014],[20.10014,-32.24272],[20.09696,-32.25024],[20.08501,-32.24826],[20.05361,-32.25231],[20.03862,-32.29644],[20.00445,-32.32993],[19.96817,-32.3505],[19.93749,-32.37728],[19.87389,-32.3832],[19.84949,-32.36623],[19.8178,-32.36072],[19.8027,-32.3937],[19.76413,-32.41112],[19.73662,-32.38552],[19.73131,-32.41013],[19.70739,-32.42031],[19.73024,-32.44236],[19.69957,-32.45403],[19.67974,-32.46351],[19.66806,-32.45477],[19.65487,-32.43878],[19.62185,-32.47062],[19.62647,-32.50204],[19.615,-32.52896],[19.60712,-32.54538],[19.60958,-32.55945],[19.612,-32.56655],[19.60495,-32.62946]]]}},{"type":"Feature","id":"Bonnievale","properties":{"name":"Bonnievale","includes":["Bonnievale"],"district":"Cape Winelands","population":16879,"rate_reliable":true,"counts":{"all17":542,"contact":233,"property":102,"murder":4,"attempted_murder":2,"sexual":24,"robbery_agg":5,"robbery_common":4,"assault_gbh":92,"assault_common":102,"burglary_res":58,"burglary_nonres":24,"theft_vehicle":1,"theft_from_vehicle":17,"carjacking":0,"house_robbery":0,"business_robbery":1,"drugs":86,"firearms":1},"previous":{"all17":664,"contact":242,"property":160,"murder":8,"attempted_murder":6,"sexual":18,"robbery_agg":6,"robbery_common":8,"assault_gbh":98,"assault_common":98,"burglary_res":102,"burglary_nonres":30,"theft_vehicle":2,"theft_from_vehicle":17,"carjacking":0,"house_robbery":1,"business_robbery":1,"drugs":65,"firearms":0},"rates":{"all17":3211.1,"contact":1380.4,"property":604.3,"murder":23.7,"attempted_murder":11.8,"sexual":142.2,"robbery_agg":29.6,"robbery_common":23.7,"assault_gbh":545.1,"assault_common":604.3,"burglary_res":343.6,"burglary_nonres":142.2,"theft_vehicle":5.9,"theft_from_vehicle":100.7,"carjacking":0.0,"house_robbery":0.0,"business_robbery":5.9,"drugs":509.5,"firearms":5.9}},"geometry":{"type":"Polygon","coordinates":[[[20.32448,-33.94951],[20.23789,-33.90038],[20.21464,-33.88306],[20.18673,-33.86786],[20.18071,-33.88055],[20.17108,-33.88978],[20.16018,-33.89826],[20.15489,-33.89915],[20.14433,-33.91071],[20.11372,-33.90572],[20.10086,-33.89219],[20.08189,-33.89672],[20.07617,-33.89934],[20.05966,-33.91251],[20.05792,-33.9118],[20.05593,-33.93657],[20.0483,-33.93777],[20.04014,-33.93772],[20.0389,-33.93526],[20.03473,-33.93452],[20.03031,-33.93099],[20.02885,-33.92847],[20.02443,-33.92658],[20.01434,-33.93082],[20.01384,-33.93369],[20.01009,-33.93537],[20.00756,-33.93156],[20.00435,-33.92918],[19.99089,-33.924],[19.97607,-33.92748],[19.97295,-33.93434],[19.97258,-33.93784],[19.97057,-33.94266],[19.96789,-33.94505],[19.98453,-33.96944],[19.96853,-33.9861],[19.9614,-34.01227],[19.96296,-34.01342],[19.95205,-34.02134],[19.94562,-34.03078],[19.93798,-34.03505],[19.92805,-34.04673],[19.93356,-34.04993],[19.95712,-34.04616],[19.95962,-34.04172],[19.96109,-34.04151],[19.96158,-34.0393],[19.9633,-34.03796],[19.97503,-34.04268],[19.98499,-34.04357],[19.98471,-34.04101],[19.98776,-34.04102],[19.98737,-34.04334],[20.00594,-34.04416],[20.00855,-34.06382],[20.03287,-34.05959],[20.08085,-34.06452],[20.11171,-34.06084],[20.14174,-34.05915],[20.15004,-34.07835],[20.20221,-34.0785],[20.20442,-34.06828],[20.20555,-34.06783],[20.20809,-34.06916],[20.21201,-34.06954],[20.21426,-34.07074],[20.21862,-34.07166],[20.22549,-34.07088],[20.23011,-34.0728],[20.23804,-34.07761],[20.24174,-34.07576],[20.24319,-34.07401],[20.24442,-34.06996],[20.25095,-34.06774],[20.25604,-34.06848],[20.26805,-34.07359],[20.27055,-34.07309],[20.2734,-34.07139],[20.27742,-34.06723],[20.28011,-34.06779],[20.28585,-34.07043],[20.28569,-34.06086],[20.28654,-34.04937],[20.28412,-34.04145],[20.28262,-34.0403],[20.28032,-34.04058],[20.27918,-34.0395],[20.29081,-34.04188],[20.29589,-34.03627],[20.30719,-34.02931],[20.30454,-34.02121],[20.29871,-34.01868],[20.29129,-34.01864],[20.28985,-34.01742],[20.29478,-34.0074],[20.28789,-34.00622],[20.30003,-33.99574],[20.30658,-33.98196],[20.31379,-33.97616],[20.32448,-33.94951]]]}},{"type":"Feature","id":"Goodwood","properties":{"name":"Goodwood","includes":["Goodwood"],"district":"City of Cape Town","population":38334,"rate_reliable":true,"counts":{"all17":2641,"contact":762,"property":680,"murder":12,"attempted_murder":14,"sexual":40,"robbery_agg":188,"robbery_common":187,"assault_gbh":68,"assault_common":253,"burglary_res":112,"burglary_nonres":33,"theft_vehicle":116,"theft_from_vehicle":419,"carjacking":21,"house_robbery":7,"business_robbery":11,"drugs":562,"firearms":10},"previous":{"all17":3048,"contact":874,"property":801,"murder":9,"attempted_murder":11,"sexual":33,"robbery_agg":251,"robbery_common":238,"assault_gbh":53,"assault_common":279,"burglary_res":186,"burglary_nonres":65,"theft_vehicle":108,"theft_from_vehicle":442,"carjacking":23,"house_robbery":13,"business_robbery":7,"drugs":420,"firearms":7},"rates":{"all17":6889.4,"contact":1987.8,"property":1773.9,"murder":31.3,"attempted_murder":36.5,"sexual":104.3,"robbery_agg":490.4,"robbery_common":487.8,"assault_gbh":177.4,"assault_common":660.0,"burglary_res":292.2,"burglary_nonres":86.1,"theft_vehicle":302.6,"theft_from_vehicle":1093.0,"carjacking":54.8,"house_robbery":18.3,"business_robbery":28.7,"drugs":1466.1,"firearms":26.1}},"geometry":{"type":"Polygon","coordinates":[[[18.57725,-33.91048],[18.57626,-33.90696],[18.57093,-33.90417],[18.56427,-33.88904],[18.55932,-33.86666],[18.54755,-33.88239],[18.53515,-33.88528],[18.53099,-33.88224],[18.52898,-33.8845],[18.52432,-33.88702],[18.52178,-33.88919],[18.52342,-33.91532],[18.5359,-33.9132],[18.5362,-33.91447],[18.54041,-33.91403],[18.54122,-33.9169],[18.56028,-33.91086],[18.5675,-33.91055],[18.56741,-33.91004],[18.56815,-33.90998],[18.57725,-33.91048]]]}},{"type":"Feature","id":"Kraaifontein","properties":{"name":"Kraaifontein","includes":["Kraaifontein"],"district":"City of Cape Town","population":272867,"rate_reliable":true,"counts":{"all17":6217,"contact":3297,"property":805,"murder":186,"attempted_murder":118,"sexual":212,"robbery_agg":917,"robbery_common":251,"assault_gbh":531,"assault_common":1082,"burglary_res":400,"burglary_nonres":49,"theft_vehicle":110,"theft_from_vehicle":240,"carjacking":46,"house_robbery":90,"business_robbery":24,"drugs":2161,"firearms":74},"previous":{"all17":6368,"contact":3214,"property":958,"murder":204,"attempted_murder":122,"sexual":221,"robbery_agg":888,"robbery_common":182,"assault_gbh":460,"assault_common":1137,"burglary_res":489,"burglary_nonres":53,"theft_vehicle":113,"theft_from_vehicle":295,"carjacking":43,"house_robbery":94,"business_robbery":24,"drugs":2340,"firearms":75},"rates":{"all17":2278.4,"contact":1208.3,"property":295.0,"murder":68.2,"attempted_murder":43.2,"sexual":77.7,"robbery_agg":336.1,"robbery_common":92.0,"assault_gbh":194.6,"assault_common":396.5,"burglary_res":146.6,"burglary_nonres":18.0,"theft_vehicle":40.3,"theft_from_vehicle":88.0,"carjacking":16.9,"house_robbery":33.0,"business_robbery":8.8,"drugs":792.0,"firearms":27.1}},"geometry":{"type":"Polygon","coordinates":[[[18.7652,-33.7235],[18.75313,-33.7113],[18.74131,-33.70572],[18.73176,-33.70368],[18.72898,-33.70584],[18.72428,-33.71191],[18.71536,-33.70592],[18.70688,-33.69761],[18.70275,-33.70237],[18.70655,-33.7075],[18.70617,-33.71469],[18.71071,-33.73693],[18.7137,-33.74641],[18.71856,-33.75553],[18.7189,-33.75855],[18.71196,-33.78098],[18.71031,-33.79391],[18.7021,-33.80363],[18.69473,-33.80949],[18.69886,-33.82565],[18.69455,-33.82775],[18.68637,-33.82922],[18.68259,-33.8292],[18.68132,-33.8388],[18.68402,-33.839],[18.68625,-33.84452],[18.6919,-33.8464],[18.69804,-33.84743],[18.6987,-33.85924],[18.71784,-33.86004],[18.70474,-33.86854],[18.70681,-33.87076],[18.70627,-33.87111],[18.71085,-33.87604],[18.71948,-33.8756],[18.71963,-33.88045],[18.72488,-33.87739],[18.72611,-33.87892],[18.72864,-33.87409],[18.73029,-33.8742],[18.73476,-33.8716],[18.74579,-33.87099],[18.74584,-33.86017],[18.74639,-33.85937],[18.75744,-33.85596],[18.75326,-33.84986],[18.7711,-33.84433],[18.77311,-33.85037],[18.78116,-33.85644],[18.79922,-33.83205],[18.7954,-33.83163],[18.7909,-33.82515],[18.79101,-33.82036],[18.78621,-33.81541],[18.78243,-33.79957],[18.78117,-33.79669],[18.77919,-33.79452],[18.7664,-33.78515],[18.76423,-33.7821],[18.75793,-33.7666],[18.75893,-33.76585],[18.7543,-33.75689],[18.76047,-33.75303],[18.74954,-33.74056],[18.75209,-33.73017],[18.76085,-33.7278],[18.76463,-33.72486],[18.7652,-33.7235]]]}},{"type":"Feature","id":"Gugulethu","properties":{"name":"Gugulethu","includes":["Gugulethu"],"district":"City of Cape Town","population":135591,"rate_reliable":true,"counts":{"all17":3465,"contact":1978,"property":315,"murder":194,"attempted_murder":89,"sexual":178,"robbery_agg":445,"robbery_common":77,"assault_gbh":432,"assault_common":563,"burglary_res":195,"burglary_nonres":39,"theft_vehicle":34,"theft_from_vehicle":47,"carjacking":103,"house_robbery":65,"business_robbery":14,"drugs":1905,"firearms":93},"previous":{"all17":3796,"contact":2226,"property":354,"murder":212,"attempted_murder":94,"sexual":172,"robbery_agg":629,"robbery_common":114,"assault_gbh":401,"assault_common":604,"burglary_res":180,"burglary_nonres":77,"theft_vehicle":36,"theft_from_vehicle":61,"carjacking":143,"house_robbery":98,"business_robbery":14,"drugs":1808,"firearms":128},"rates":{"all17":2555.5,"contact":1458.8,"property":232.3,"murder":143.1,"attempted_murder":65.6,"sexual":131.3,"robbery_agg":328.2,"robbery_common":56.8,"assault_gbh":318.6,"assault_common":415.2,"burglary_res":143.8,"burglary_nonres":28.8,"theft_vehicle":25.1,"theft_from_vehicle":34.7,"carjacking":76.0,"house_robbery":47.9,"business_robbery":10.3,"drugs":1405.0,"firearms":68.6}},"geometry":{"type":"Polygon","coordinates":[[[18.58762,-33.98132],[18.58437,-33.9788],[18.57525,-33.96869],[18.57431,-33.96695],[18.56865,-33.96335],[18.56283,-33.96151],[18.56042,-33.99186],[18.5595,-33.99731],[18.55996,-33.99914],[18.56193,-34.00214],[18.58071,-34.00118],[18.57969,-33.99266],[18.58027,-33.99168],[18.58373,-33.99193],[18.58075,-33.9858],[18.58144,-33.98459],[18.58528,-33.9861],[18.58762,-33.98132]]]}},{"type":"Feature","id":"Manenberg","properties":{"name":"Manenberg","includes":["Manenberg"],"district":"City of Cape Town","population":94998,"rate_reliable":true,"counts":{"all17":2820,"contact":1291,"property":337,"murder":85,"attempted_murder":133,"sexual":91,"robbery_agg":117,"robbery_common":105,"assault_gbh":216,"assault_common":544,"burglary_res":155,"burglary_nonres":34,"theft_vehicle":41,"theft_from_vehicle":107,"carjacking":13,"house_robbery":5,"business_robbery":4,"drugs":1639,"firearms":167},"previous":{"all17":3050,"contact":1442,"property":348,"murder":77,"attempted_murder":139,"sexual":76,"robbery_agg":198,"robbery_common":84,"assault_gbh":250,"assault_common":618,"burglary_res":188,"burglary_nonres":40,"theft_vehicle":15,"theft_from_vehicle":105,"carjacking":32,"house_robbery":6,"business_robbery":8,"drugs":1511,"firearms":145},"rates":{"all17":2968.5,"contact":1359.0,"property":354.7,"murder":89.5,"attempted_murder":140.0,"sexual":95.8,"robbery_agg":123.2,"robbery_common":110.5,"assault_gbh":227.4,"assault_common":572.6,"burglary_res":163.2,"burglary_nonres":35.8,"theft_vehicle":43.2,"theft_from_vehicle":112.6,"carjacking":13.7,"house_robbery":5.3,"business_robbery":4.2,"drugs":1725.3,"firearms":175.8}},"geometry":{"type":"Polygon","coordinates":[[[18.56283,-33.96151],[18.54203,-33.95522],[18.5381,-33.96891],[18.53798,-33.97599],[18.53898,-33.99363],[18.53983,-33.99606],[18.54207,-33.99828],[18.56222,-34.00253],[18.55996,-33.99914],[18.5595,-33.99731],[18.56042,-33.99186],[18.56283,-33.96151]]]}},{"type":"Feature","id":"Mitchells Plain","properties":{"name":"Mitchells Plain","includes":["Mitchells Plain"],"district":"City of Cape Town","population":209588,"rate_reliable":true,"counts":{"all17":6941,"contact":3277,"property":755,"murder":140,"attempted_murder":162,"sexual":140,"robbery_agg":456,"robbery_common":284,"assault_gbh":342,"assault_common":1753,"burglary_res":344,"burglary_nonres":56,"theft_vehicle":91,"theft_from_vehicle":264,"carjacking":43,"house_robbery":13,"business_robbery":18,"drugs":6583,"firearms":222},"previous":{"all17":7351,"contact":3441,"property":880,"murder":156,"attempted_murder":181,"sexual":155,"robbery_agg":543,"robbery_common":284,"assault_gbh":390,"assault_common":1732,"burglary_res":383,"burglary_nonres":60,"theft_vehicle":101,"theft_from_vehicle":336,"carjacking":58,"house_robbery":20,"business_robbery":18,"drugs":5683,"firearms":210},"rates":{"all17":3311.7,"contact":1563.5,"property":360.2,"murder":66.8,"attempted_murder":77.3,"sexual":66.8,"robbery_agg":217.6,"robbery_common":135.5,"assault_gbh":163.2,"assault_common":836.4,"burglary_res":164.1,"burglary_nonres":26.7,"theft_vehicle":43.4,"theft_from_vehicle":126.0,"carjacking":20.5,"house_robbery":6.2,"business_robbery":8.6,"drugs":3140.9,"firearms":105.9}},"geometry":{"type":"Polygon","coordinates":[[[18.58505,-34.04382],[18.58685,-34.04921],[18.58713,-34.0524],[18.58387,-34.0611],[18.5895,-34.05943],[18.59411,-34.06515],[18.59708,-34.06709],[18.59611,-34.06773],[18.60278,-34.07219],[18.5958,-34.07354],[18.59817,-34.07836],[18.60728,-34.07662],[18.61104,-34.07675],[18.61312,-34.07597],[18.61982,-34.07667],[18.63225,-34.07401],[18.65326,-34.07406],[18.65726,-34.07355],[18.66844,-34.07407],[18.66825,-34.07104],[18.66024,-34.06728],[18.65314,-34.06132],[18.64377,-34.04926],[18.63593,-34.04254],[18.63474,-34.04003],[18.63384,-34.03249],[18.62782,-34.03328],[18.5981,-34.04321],[18.59053,-34.04279],[18.58505,-34.04382]]]}},{"type":"Feature","id":"Calitzdorp","properties":{"name":"Calitzdorp","includes":["Calitzdorp"],"district":"Garden Route","population":9555,"rate_reliable":true,"counts":{"all17":508,"contact":228,"property":117,"murder":2,"attempted_murder":3,"sexual":15,"robbery_agg":11,"robbery_common":4,"assault_gbh":123,"assault_common":70,"burglary_res":57,"burglary_nonres":33,"theft_vehicle":0,"theft_from_vehicle":22,"carjacking":0,"house_robbery":1,"business_robbery":1,"drugs":113,"firearms":1},"previous":{"all17":463,"contact":217,"property":120,"murder":3,"attempted_murder":1,"sexual":8,"robbery_agg":6,"robbery_common":0,"assault_gbh":101,"assault_common":98,"burglary_res":75,"burglary_nonres":18,"theft_vehicle":0,"theft_from_vehicle":20,"carjacking":0,"house_robbery":1,"business_robbery":0,"drugs":91,"firearms":2},"rates":{"all17":5316.6,"contact":2386.2,"property":1224.5,"murder":20.9,"attempted_murder":31.4,"sexual":157.0,"robbery_agg":115.1,"robbery_common":41.9,"assault_gbh":1287.3,"assault_common":732.6,"burglary_res":596.5,"burglary_nonres":345.4,"theft_vehicle":0.0,"theft_from_vehicle":230.2,"carjacking":0.0,"house_robbery":10.5,"business_robbery":10.5,"drugs":1182.6,"firearms":10.5}},"geometry":{"type":"Polygon","coordinates":[[[21.71607,-33.68242],[21.72257,-33.69373],[21.72284,-33.70528],[21.76654,-33.72076],[21.83639,-33.73702],[21.88849,-33.71268],[21.88672,-33.68832],[21.88051,-33.66641],[21.90542,-33.68003],[21.93533,-33.66914],[21.92015,-33.62714],[21.94092,-33.62135],[21.92709,-33.57918],[21.97576,-33.58063],[21.93631,-33.52494],[21.93285,-33.51635],[21.92857,-33.47905],[21.91988,-33.46191],[21.90348,-33.40169],[21.90213,-33.36492],[21.85697,-33.38235],[21.82728,-33.391],[21.79265,-33.3899],[21.7472,-33.39711],[21.70797,-33.39637],[21.68003,-33.40475],[21.61199,-33.39676],[21.58154,-33.40453],[21.58281,-33.42584],[21.58587,-33.43359],[21.57092,-33.47111],[21.58112,-33.50188],[21.56806,-33.51194],[21.56398,-33.53946],[21.56784,-33.57253],[21.57541,-33.58282],[21.57879,-33.58269],[21.5933,-33.60539],[21.58006,-33.61869],[21.57817,-33.67207],[21.60487,-33.66892],[21.6446,-33.68077],[21.71607,-33.68242]]]}},{"type":"Feature","id":"Athlone","properties":{"name":"Athlone","includes":["Athlone"],"district":"City of Cape Town","population":65953,"rate_reliable":true,"counts":{"all17":3311,"contact":1303,"property":605,"murder":39,"attempted_murder":83,"sexual":47,"robbery_agg":299,"robbery_common":137,"assault_gbh":137,"assault_common":561,"burglary_res":122,"burglary_nonres":84,"theft_vehicle":118,"theft_from_vehicle":281,"carjacking":30,"house_robbery":6,"business_robbery":13,"drugs":1186,"firearms":64},"previous":{"all17":3478,"contact":1421,"property":620,"murder":41,"attempted_murder":49,"sexual":60,"robbery_agg":395,"robbery_common":133,"assault_gbh":117,"assault_common":626,"burglary_res":122,"burglary_nonres":80,"theft_vehicle":93,"theft_from_vehicle":325,"carjacking":31,"house_robbery":6,"business_robbery":21,"drugs":1028,"firearms":92},"rates":{"all17":5020.2,"contact":1975.6,"property":917.3,"murder":59.1,"attempted_murder":125.8,"sexual":71.3,"robbery_agg":453.4,"robbery_common":207.7,"assault_gbh":207.7,"assault_common":850.6,"burglary_res":185.0,"burglary_nonres":127.4,"theft_vehicle":178.9,"theft_from_vehicle":426.1,"carjacking":45.5,"house_robbery":9.1,"business_robbery":19.7,"drugs":1798.3,"firearms":97.0}},"geometry":{"type":"Polygon","coordinates":[[[18.52575,-33.94986],[18.50296,-33.9493],[18.49923,-33.95018],[18.5011,-33.95136],[18.50267,-33.9542],[18.50176,-33.96033],[18.49527,-33.96028],[18.49598,-33.96524],[18.49399,-33.97227],[18.50767,-33.97374],[18.51515,-33.97335],[18.51554,-33.97872],[18.51911,-33.97854],[18.53109,-33.98271],[18.53343,-33.98157],[18.53817,-33.98142],[18.5381,-33.96891],[18.54203,-33.95522],[18.53763,-33.9539],[18.53736,-33.95313],[18.52575,-33.94986]]]}},{"type":"Feature","id":"Bishop Lavis","properties":{"name":"Bishop Lavis","includes":["Bishop Lavis"],"district":"City of Cape Town","population":120776,"rate_reliable":true,"counts":{"all17":4113,"contact":2019,"property":578,"murder":121,"attempted_murder":151,"sexual":46,"robbery_agg":243,"robbery_common":478,"assault_gbh":303,"assault_common":677,"burglary_res":146,"burglary_nonres":61,"theft_vehicle":29,"theft_from_vehicle":342,"carjacking":25,"house_robbery":8,"business_robbery":4,"drugs":2023,"firearms":211},"previous":{"all17":4023,"contact":2249,"property":409,"murder":129,"attempted_murder":153,"sexual":53,"robbery_agg":252,"robbery_common":752,"assault_gbh":296,"assault_common":614,"burglary_res":135,"burglary_nonres":78,"theft_vehicle":23,"theft_from_vehicle":173,"carjacking":25,"house_robbery":6,"business_robbery":12,"drugs":1428,"firearms":158},"rates":{"all17":3405.5,"contact":1671.7,"property":478.6,"murder":100.2,"attempted_murder":125.0,"sexual":38.1,"robbery_agg":201.2,"robbery_common":395.8,"assault_gbh":250.9,"assault_common":560.5,"burglary_res":120.9,"burglary_nonres":50.5,"theft_vehicle":24.0,"theft_from_vehicle":283.2,"carjacking":20.7,"house_robbery":6.6,"business_robbery":3.3,"drugs":1675.0,"firearms":174.7}},"geometry":{"type":"Polygon","coordinates":[[[18.59372,-33.95173],[18.59563,-33.95135],[18.5956,-33.9518],[18.59812,-33.95066],[18.59895,-33.94738],[18.59689,-33.94888],[18.59297,-33.94262],[18.58847,-33.94342],[18.58261,-33.94258],[18.56161,-33.94288],[18.54255,-33.9412],[18.54149,-33.94908],[18.5387,-33.95272],[18.53736,-33.95313],[18.53763,-33.9539],[18.57034,-33.9642],[18.57431,-33.96695],[18.57525,-33.96869],[18.58437,-33.9788],[18.58786,-33.98146],[18.58825,-33.98014],[18.59083,-33.98378],[18.59765,-33.98723],[18.60586,-33.98968],[18.60288,-33.9823],[18.59468,-33.98173],[18.59287,-33.97761],[18.59407,-33.97344],[18.59024,-33.97328],[18.59194,-33.96169],[18.59018,-33.95833],[18.59196,-33.95738],[18.5946,-33.95938],[18.59675,-33.9572],[18.59558,-33.9554],[18.59596,-33.9538],[18.59372,-33.95173]]]}},{"type":"Feature","id":"De Rust","properties":{"name":"De Rust","includes":["De Rust"],"district":"Garden Route","population":5624,"rate_reliable":true,"counts":{"all17":332,"contact":147,"property":86,"murder":1,"attempted_murder":1,"sexual":10,"robbery_agg":1,"robbery_common":3,"assault_gbh":54,"assault_common":77,"burglary_res":57,"burglary_nonres":19,"theft_vehicle":0,"theft_from_vehicle":0,"carjacking":0,"house_robbery":0,"business_robbery":0,"drugs":102,"firearms":3},"previous":{"all17":339,"contact":197,"property":62,"murder":1,"attempted_murder":0,"sexual":8,"robbery_agg":1,"robbery_common":1,"assault_gbh":70,"assault_common":116,"burglary_res":48,"burglary_nonres":9,"theft_vehicle":0,"theft_from_vehicle":3,"carjacking":0,"house_robbery":0,"business_robbery":1,"drugs":47,"firearms":2},"rates":{"all17":5903.3,"contact":2613.8,"property":1529.2,"murder":17.8,"attempted_murder":17.8,"sexual":177.8,"robbery_agg":17.8,"robbery_common":53.3,"assault_gbh":960.2,"assault_common":1369.1,"burglary_res":1013.5,"burglary_nonres":337.8,"theft_vehicle":0.0,"theft_from_vehicle":0.0,"carjacking":0.0,"house_robbery":0.0,"business_robbery":0.0,"drugs":1813.7,"firearms":53.3}},"geometry":{"type":"Polygon","coordinates":[[[22.77446,-33.41972],[22.71452,-33.41489],[22.66437,-33.41569],[22.58185,-33.40465],[22.5157,-33.40964],[22.46477,-33.4045],[22.39132,-33.36406],[22.40986,-33.39115],[22.40207,-33.41694],[22.41798,-33.42425],[22.41755,-33.42501],[22.41945,-33.42997],[22.4188,-33.43172],[22.41953,-33.43533],[22.4024,-33.43867],[22.39296,-33.46346],[22.40915,-33.475],[22.44916,-33.48565],[22.45954,-33.47736],[22.46299,-33.51229],[22.46145,-33.52207],[22.44445,-33.54516],[22.44902,-33.54229],[22.44979,-33.54094],[22.45474,-33.53686],[22.46164,-33.53261],[22.46684,-33.53073],[22.47824,-33.52818],[22.47939,-33.52916],[22.479,-33.5296],[22.477,-33.5306],[22.47261,-33.53133],[22.47249,-33.5336],[22.47014,-33.53533],[22.48255,-33.5385],[22.48924,-33.54087],[22.4895,-33.54014],[22.4921,-33.53971],[22.49473,-33.54035],[22.50145,-33.5349],[22.50447,-33.52894],[22.51063,-33.52656],[22.50821,-33.58995],[22.54245,-33.61931],[22.56316,-33.62916],[22.5759,-33.63087],[22.58872,-33.63664],[22.62636,-33.62241],[22.65935,-33.64379],[22.67479,-33.64412],[22.6893,-33.64709],[22.75569,-33.6407],[22.73012,-33.58294],[22.72323,-33.57338],[22.71612,-33.53165],[22.75989,-33.5307],[22.72851,-33.45414],[22.75421,-33.44392],[22.77446,-33.41972]]]}},{"type":"Feature","id":"George","properties":{"name":"George","includes":["George"],"district":"Garden Route","population":59321,"rate_reliable":true,"counts":{"all17":3388,"contact":765,"property":787,"murder":8,"attempted_murder":14,"sexual":73,"robbery_agg":71,"robbery_common":92,"assault_gbh":124,"assault_common":383,"burglary_res":303,"burglary_nonres":187,"theft_vehicle":18,"theft_from_vehicle":271,"carjacking":4,"house_robbery":6,"business_robbery":3,"drugs":1011,"firearms":7},"previous":{"all17":3534,"contact":743,"property":743,"murder":9,"attempted_murder":17,"sexual":64,"robbery_agg":78,"robbery_common":69,"assault_gbh":123,"assault_common":383,"burglary_res":297,"burglary_nonres":154,"theft_vehicle":25,"theft_from_vehicle":257,"carjacking":0,"house_robbery":3,"business_robbery":10,"drugs":974,"firearms":8},"rates":{"all17":5711.3,"contact":1289.6,"property":1326.7,"murder":13.5,"attempted_murder":23.6,"sexual":123.1,"robbery_agg":119.7,"robbery_common":155.1,"assault_gbh":209.0,"assault_common":645.6,"burglary_res":510.8,"burglary_nonres":315.2,"theft_vehicle":30.3,"theft_from_vehicle":456.8,"carjacking":6.7,"house_robbery":10.1,"business_robbery":5.1,"drugs":1704.3,"firearms":11.8}},"geometry":{"type":"Polygon","coordinates":[[[23.07648,-33.80855],[23.08797,-33.78948],[23.10575,-33.77809],[23.02035,-33.75117],[22.97943,-33.74383],[22.9793,-33.73319],[22.9721,-33.72344],[22.92418,-33.70293],[22.88959,-33.73877],[22.8523,-33.72127],[22.82836,-33.7258],[22.80932,-33.69936],[22.78791,-33.68158],[22.79592,-33.66929],[22.78134,-33.64674],[22.77018,-33.6485],[22.76157,-33.64602],[22.75569,-33.6407],[22.6893,-33.64709],[22.67479,-33.64412],[22.65935,-33.64379],[22.62636,-33.62241],[22.58872,-33.63664],[22.5252,-33.64015],[22.50854,-33.64498],[22.49858,-33.65008],[22.50143,-33.6389],[22.45563,-33.64698],[22.43086,-33.66566],[22.37183,-33.65936],[22.36595,-33.68487],[22.3453,-33.72521],[22.29917,-33.71124],[22.29426,-33.71088],[22.2849,-33.70525],[22.27527,-33.68943],[22.25365,-33.69018],[22.25123,-33.6889],[22.23703,-33.69391],[22.2353,-33.7356],[22.24971,-33.75818],[22.20864,-33.78328],[22.20236,-33.78218],[22.16671,-33.82274],[22.2035,-33.82479],[22.19352,-33.85136],[22.23378,-33.88821],[22.26594,-33.87671],[22.27758,-33.88268],[22.31402,-33.89061],[22.31513,-33.92493],[22.32294,-33.95079],[22.31618,-33.9505],[22.31481,-33.95163],[22.3119,-33.95832],[22.31306,-33.96017],[22.31309,-33.9634],[22.31413,-33.96541],[22.31415,-33.96728],[22.31574,-33.96919],[22.32,-33.96952],[22.32663,-33.96846],[22.32765,-33.96932],[22.3278,-33.97259],[22.3314,-33.976],[22.33068,-33.98201],[22.32867,-33.98341],[22.32819,-33.98459],[22.33118,-33.98683],[22.33318,-33.99119],[22.33607,-33.99309],[22.33776,-33.99785],[22.34224,-34.00237],[22.34239,-34.00435],[22.34985,-34.00622],[22.35182,-34.00934],[22.35132,-34.01079],[22.35254,-34.01222],[22.35059,-34.01411],[22.35095,-34.01494],[22.34987,-34.01664],[22.34963,-34.01966],[22.34529,-34.02267],[22.34674,-34.02471],[22.34642,-34.02714],[22.34771,-34.02994],[22.3459,-34.03536],[22.34621,-34.0363],[22.34804,-34.03717],[22.35111,-34.04077],[22.35339,-34.04463],[22.35382,-34.04559],[22.35349,-34.04924],[22.3546,-34.05231],[22.35459,-34.05444],[22.35632,-34.05545],[22.35934,-34.05578],[22.36265,-34.05795],[22.36706,-34.05829],[22.36843,-34.05928],[22.3704,-34.05947],[22.37177,-34.05881],[22.38059,-34.06155],[22.38344,-34.06027],[22.38476,-34.06091],[22.38538,-34.06055],[22.38575,-34.05857],[22.38679,-34.05727],[22.3864,-34.05668],[22.38689,-34.05535],[22.38907,-34.05518],[22.3927,-34.0531],[22.39404,-34.05384],[22.39469,-34.05508],[22.39428,-34.05747],[22.39625,-34.05764],[22.40008,-34.05625],[22.40336,-34.05604],[22.40929,-34.05785],[22.4111,-34.05724],[22.41417,-34.05745],[22.41546,-34.05823],[22.41937,-34.05812],[22.42165,-34.05986],[22.42318,-34.05939],[22.42358,-34.06006],[22.42547,-34.05949],[22.4279,-34.0566],[22.42942,-34.05724],[22.43122,-34.0594],[22.43262,-34.05921],[22.43448,-34.05695],[22.43321,-34.05391],[22.43396,-34.05132],[22.42951,-34.04806],[22.42871,-34.04551],[22.42902,-34.04448],[22.43125,-34.04358],[22.42997,-34.03727],[22.42984,-34.01908],[22.42284,-34.00783],[22.41554,-34.00921],[22.42094,-34.00475],[22.43166,-34.00115],[22.4345,-33.99831],[22.44136,-33.98616],[22.44366,-33.9938],[22.45331,-33.98951],[22.45577,-33.98755],[22.46222,-33.9855],[22.46379,-33.98369],[22.46542,-33.98367],[22.46641,-33.98121],[22.46948,-33.97889],[22.47043,-33.97623],[22.47132,-33.97623],[22.47108,-33.97322],[22.47323,-33.97056],[22.47331,-33.96521],[22.47599,-33.96481],[22.476,-33.96311],[22.48321,-33.96595],[22.48655,-33.96822],[22.50005,-33.98289],[22.50193,-33.98387],[22.50758,-33.98486],[22.505,-33.98803],[22.49467,-33.99355],[22.49446,-33.99449],[22.49284,-33.9958],[22.49286,-33.99828],[22.49441,-33.999],[22.49509,-34.00036],[22.49661,-34.0009],[22.4991,-34.00348],[22.5016,-34.00396],[22.504,-34.00338],[22.50948,-34.00521],[22.51523,-34.00496],[22.51866,-34.00688],[22.5214,-34.00747],[22.52335,-34.00885],[22.52519,-34.00905],[22.52633,-34.00817],[22.52938,-34.01041],[22.5304,-34.01007],[22.53312,-34.00701],[22.5345,-34.00666],[22.53551,-34.00706],[22.53592,-34.00818],[22.53916,-34.0097],[22.54037,-34.01158],[22.5434,-34.01366],[22.5482,-34.00987],[22.54917,-34.00803],[22.54885,-34.00577],[22.54948,-34.00429],[22.55281,-34.00491],[22.55671,-34.00265],[22.5568,-33.99788],[22.55935,-33.99921],[22.56375,-33.99623],[22.58478,-33.99594],[22.60157,-33.99781],[22.62434,-34.00177],[22.63916,-34.00294],[22.64745,-34.00437],[22.65133,-34.00566],[22.66721,-34.00825],[22.68802,-34.01397],[22.72382,-34.02208],[22.74642,-34.02977],[22.76345,-34.03468],[22.76462,-34.03582],[22.76448,-34.03718],[22.7655,-34.0376],[22.76684,-34.03587],[22.76498,-34.03406],[22.76508,-34.03189],[22.76759,-34.02997],[22.769,-34.02794],[22.7722,-34.02719],[22.78075,-34.0279],[22.79415,-34.03117],[22.79661,-34.03126],[22.80151,-34.02698],[22.80215,-34.02555],[22.79908,-34.02146],[22.7987,-34.01733],[22.79804,-34.01635],[22.79475,-34.0143],[22.78953,-34.01464],[22.78485,-34.02081],[22.78281,-34.02137],[22.77954,-34.0206],[22.77734,-34.01878],[22.77367,-34.01863],[22.77245,-34.01778],[22.77295,-34.01282],[22.77039,-34.00811],[22.77079,-34.00484],[22.77321,-34.0015],[22.77959,-33.99717],[22.7855,-33.99496],[22.78816,-33.99557],[22.78721,-33.99711],[22.7878,-33.99826],[22.79106,-33.99904],[22.79171,-33.9981],[22.7928,-33.99872],[22.79545,-34.0024],[22.79676,-34.00326],[22.80239,-34.00206],[22.80426,-33.99991],[22.80123,-33.99422],[22.80092,-33.98888],[22.79839,-33.98719],[22.79956,-33.9845],[22.79989,-33.97891],[22.80134,-33.97829],[22.80355,-33.97918],[22.80441,-33.97848],[22.80378,-33.97489],[22.80134,-33.96985],[22.79847,-33.96903],[22.79422,-33.9699],[22.7935,-33.96957],[22.79323,-33.96752],[22.79187,-33.9653],[22.79293,-33.96375],[22.79598,-33.9617],[22.79531,-33.9595],[22.79561,-33.95771],[22.79443,-33.95647],[22.79396,-33.95397],[22.79095,-33.95306],[22.79107,-33.95085],[22.78868,-33.94671],[22.78842,-33.94424],[22.78735,-33.94271],[22.78727,-33.93905],[22.78624,-33.93779],[22.78537,-33.93311],[22.78307,-33.93047],[22.77907,-33.92823],[22.77721,-33.92356],[22.77362,-33.91994],[22.77589,-33.90835],[22.77841,-33.90571],[22.77282,-33.90516],[22.77158,-33.90381],[22.77308,-33.90099],[22.77601,-33.89972],[22.77444,-33.89774],[22.80058,-33.87284],[22.8003,-33.84115],[22.8515,-33.82986],[22.87658,-33.81593],[22.91101,-33.81756],[22.91726,-33.81512],[22.95507,-33.81371],[22.97421,-33.81439],[23.03556,-33.79399],[23.03002,-33.80679],[23.07648,-33.80855]]]}},{"type":"Feature","id":"Knysna","properties":{"name":"Knysna","includes":["Knysna"],"district":"Garden Route","population":71961,"rate_reliable":true,"counts":{"all17":4027,"contact":1620,"property":701,"murder":17,"attempted_murder":9,"sexual":119,"robbery_agg":126,"robbery_common":115,"assault_gbh":558,"assault_common":676,"burglary_res":422,"burglary_nonres":87,"theft_vehicle":13,"theft_from_vehicle":178,"carjacking":3,"house_robbery":11,"business_robbery":14,"drugs":1428,"firearms":22},"previous":{"all17":4222,"contact":1674,"property":837,"murder":21,"attempted_murder":15,"sexual":105,"robbery_agg":162,"robbery_common":93,"assault_gbh":602,"assault_common":676,"burglary_res":488,"burglary_nonres":127,"theft_vehicle":17,"theft_from_vehicle":204,"carjacking":4,"house_robbery":22,"business_robbery":9,"drugs":1180,"firearms":24},"rates":{"all17":5596.1,"contact":2251.2,"property":974.1,"murder":23.6,"attempted_murder":12.5,"sexual":165.4,"robbery_agg":175.1,"robbery_common":159.8,"assault_gbh":775.4,"assault_common":939.4,"burglary_res":586.4,"burglary_nonres":120.9,"theft_vehicle":18.1,"theft_from_vehicle":247.4,"carjacking":4.2,"house_robbery":15.3,"business_robbery":19.5,"drugs":1984.4,"firearms":30.6}},"geometry":{"type":"Polygon","coordinates":[[[23.21309,-34.08947],[23.2139,-34.0857],[23.21886,-34.08026],[23.21909,-34.07914],[23.216,-34.07838],[23.21422,-34.07707],[23.21076,-34.07792],[23.20926,-34.07774],[23.20804,-34.07652],[23.2057,-34.0768],[23.20195,-34.07586],[23.19643,-34.07296],[23.1923,-34.06977],[23.19483,-34.06846],[23.19511,-34.06771],[23.19436,-34.06668],[23.19605,-34.06584],[23.19718,-34.0621],[23.19632,-34.05891],[23.19699,-34.05535],[23.19671,-34.05282],[23.19521,-34.04879],[23.1968,-34.04403],[23.19699,-34.04065],[23.20036,-34.03699],[23.20207,-34.0313],[23.21737,-34.02287],[23.21378,-34.0196],[23.22296,-34.00317],[23.21119,-33.99882],[23.21121,-33.99729],[23.20621,-33.98223],[23.21073,-33.96287],[23.24107,-33.97301],[23.23058,-33.95199],[23.27119,-33.94593],[23.27484,-33.94835],[23.28194,-33.93747],[23.27901,-33.93783],[23.26438,-33.93352],[23.26106,-33.93189],[23.25495,-33.93049],[23.25044,-33.92703],[23.2483,-33.92213],[23.24408,-33.9173],[23.24407,-33.9162],[23.24581,-33.91532],[23.24579,-33.91439],[23.23206,-33.91159],[23.22961,-33.91034],[23.22529,-33.91012],[23.22285,-33.90617],[23.21483,-33.90388],[23.21445,-33.90284],[23.2156,-33.90095],[23.21115,-33.89713],[23.20229,-33.89531],[23.19778,-33.89512],[23.1936,-33.89329],[23.18739,-33.89254],[23.18615,-33.89045],[23.17896,-33.8866],[23.15795,-33.88303],[23.15609,-33.88151],[23.15573,-33.88008],[23.15349,-33.87964],[23.14893,-33.87568],[23.14853,-33.87386],[23.15292,-33.86731],[23.15301,-33.86497],[23.15601,-33.86572],[23.15738,-33.86546],[23.16241,-33.86751],[23.16821,-33.86729],[23.17007,-33.86665],[23.17487,-33.86748],[23.17611,-33.86642],[23.17754,-33.86658],[23.17743,-33.86454],[23.17445,-33.86151],[23.17301,-33.86117],[23.17815,-33.85938],[23.07648,-33.80855],[23.03002,-33.80679],[23.03556,-33.79399],[22.97421,-33.81439],[22.95507,-33.81371],[22.91726,-33.81512],[22.91101,-33.81756],[22.87658,-33.81593],[22.8515,-33.82986],[22.8003,-33.84115],[22.80058,-33.87284],[22.77444,-33.89774],[22.77601,-33.89972],[22.77308,-33.90099],[22.77158,-33.90381],[22.77282,-33.90516],[22.77841,-33.90571],[22.77589,-33.90835],[22.77362,-33.91994],[22.77721,-33.92356],[22.77907,-33.92823],[22.78307,-33.93047],[22.78537,-33.93311],[22.78624,-33.93779],[22.78727,-33.93905],[22.78735,-33.94271],[22.78842,-33.94424],[22.78868,-33.94671],[22.79107,-33.95085],[22.79095,-33.95306],[22.79396,-33.95397],[22.79443,-33.95647],[22.79561,-33.95771],[22.79531,-33.9595],[22.79598,-33.9617],[22.79293,-33.96375],[22.79187,-33.9653],[22.79323,-33.96752],[22.7935,-33.96957],[22.79422,-33.9699],[22.79847,-33.96903],[22.80134,-33.96985],[22.80378,-33.97489],[22.80441,-33.97848],[22.80355,-33.97918],[22.80134,-33.97829],[22.79989,-33.97891],[22.79956,-33.9845],[22.79839,-33.98719],[22.80092,-33.98888],[22.80123,-33.99422],[22.80426,-33.99991],[22.80239,-34.00206],[22.79676,-34.00326],[22.79171,-33.9981],[22.79151,-33.99889],[22.79076,-33.99904],[22.78754,-33.99808],[22.78731,-33.99667],[22.78816,-33.99557],[22.78703,-33.99504],[22.7855,-33.99496],[22.77959,-33.99717],[22.77321,-34.0015],[22.77067,-34.00516],[22.7705,-34.00866],[22.77295,-34.01282],[22.77229,-34.0172],[22.77307,-34.01837],[22.77664,-34.01859],[22.77954,-34.0206],[22.78412,-34.02123],[22.78565,-34.02015],[22.78945,-34.01466],[22.79488,-34.01434],[22.79849,-34.0169],[22.79908,-34.02146],[22.80215,-34.02555],[22.80151,-34.02698],[22.79661,-34.03126],[22.79715,-34.0325],[22.79954,-34.03365],[22.80602,-34.03626],[22.82016,-34.04025],[22.83419,-34.04605],[22.84885,-34.04945],[22.86578,-34.0521],[22.87813,-34.05576],[22.88527,-34.05685],[22.8863,-34.05803],[22.88883,-34.0584],[22.88914,-34.05777],[22.90144,-34.06205],[22.90605,-34.0626],[22.91276,-34.06499],[22.91411,-34.06471],[22.92911,-34.06999],[22.93217,-34.07055],[22.95012,-34.07736],[22.95341,-34.0793],[22.95795,-34.08275],[22.95798,-34.08559],[22.95966,-34.08683],[22.95999,-34.08789],[22.96081,-34.08601],[22.96211,-34.08521],[22.96548,-34.0849],[22.97018,-34.08614],[22.97232,-34.08908],[22.97366,-34.08913],[22.97423,-34.0904],[22.97675,-34.09074],[22.97859,-34.09323],[22.97959,-34.09336],[22.97959,-34.09413],[22.98004,-34.09387],[22.97893,-34.0912],[22.97612,-34.0881],[22.97499,-34.08563],[22.97527,-34.08374],[22.97747,-34.07983],[22.98156,-34.07684],[22.98783,-34.07435],[23.00102,-34.07176],[23.01523,-34.0728],[23.01938,-34.07358],[23.01992,-34.07504],[23.02256,-34.07453],[23.02463,-34.07554],[23.02676,-34.07532],[23.02758,-34.07601],[23.02964,-34.07562],[23.03269,-34.07627],[23.03483,-34.07756],[23.0347,-34.07857],[23.03576,-34.07863],[23.03683,-34.07961],[23.03846,-34.07835],[23.04199,-34.07993],[23.04225,-34.08401],[23.04825,-34.08413],[23.04928,-34.08313],[23.05097,-34.08459],[23.05625,-34.08554],[23.05584,-34.08461],[23.05664,-34.08441],[23.05856,-34.08164],[23.05771,-34.08032],[23.05844,-34.07903],[23.05752,-34.07851],[23.05736,-34.07646],[23.06044,-34.07729],[23.06027,-34.0788],[23.06238,-34.08003],[23.06171,-34.08248],[23.06373,-34.0819],[23.06496,-34.08299],[23.06653,-34.08341],[23.06808,-34.08285],[23.07003,-34.0839],[23.07101,-34.08269],[23.07442,-34.08256],[23.07649,-34.08372],[23.07731,-34.08249],[23.07807,-34.08249],[23.08095,-34.08425],[23.08175,-34.08388],[23.08329,-34.08451],[23.08562,-34.08664],[23.08662,-34.08651],[23.08562,-34.08511],[23.08683,-34.0832],[23.08837,-34.08271],[23.08991,-34.08348],[23.09104,-34.08231],[23.0944,-34.08203],[23.09578,-34.08095],[23.09821,-34.0824],[23.09872,-34.08123],[23.10017,-34.08068],[23.10049,-34.07918],[23.10376,-34.08114],[23.1052,-34.08079],[23.1062,-34.08188],[23.11803,-34.08044],[23.12039,-34.08216],[23.12135,-34.08085],[23.1236,-34.08137],[23.12524,-34.08012],[23.13138,-34.0813],[23.13218,-34.08256],[23.13552,-34.084],[23.13599,-34.08538],[23.13837,-34.08704],[23.13916,-34.08567],[23.14054,-34.08653],[23.14154,-34.08515],[23.14181,-34.08588],[23.14399,-34.08622],[23.145,-34.08512],[23.14736,-34.08433],[23.14869,-34.08495],[23.14973,-34.08409],[23.1522,-34.08549],[23.15473,-34.08505],[23.15657,-34.08383],[23.1582,-34.08531],[23.15941,-34.08368],[23.16201,-34.0839],[23.16402,-34.08306],[23.1652,-34.0841],[23.16665,-34.08265],[23.1682,-34.08343],[23.16885,-34.0863],[23.17041,-34.08602],[23.17236,-34.08678],[23.17434,-34.08506],[23.17687,-34.08651],[23.17794,-34.08531],[23.17927,-34.08538],[23.17953,-34.08469],[23.18093,-34.08544],[23.18219,-34.08444],[23.18563,-34.0853],[23.18864,-34.08424],[23.19011,-34.08596],[23.19106,-34.08611],[23.19341,-34.08497],[23.19605,-34.086],[23.19875,-34.08462],[23.20041,-34.08532],[23.20014,-34.08688],[23.20251,-34.08691],[23.20307,-34.0861],[23.20488,-34.08701],[23.20567,-34.08699],[23.206,-34.08629],[23.20835,-34.08645],[23.20984,-34.08841],[23.21246,-34.08868],[23.21309,-34.08947]]]}},{"type":"Feature","id":"Mossel Bay","properties":{"name":"Mossel Bay","includes":["Mossel Bay"],"district":"Garden Route","population":10651,"rate_reliable":true,"counts":{"all17":624,"contact":152,"property":121,"murder":1,"attempted_murder":8,"sexual":7,"robbery_agg":15,"robbery_common":12,"assault_gbh":36,"assault_common":73,"burglary_res":54,"burglary_nonres":11,"theft_vehicle":6,"theft_from_vehicle":50,"carjacking":0,"house_robbery":2,"business_robbery":1,"drugs":413,"firearms":5},"previous":{"all17":885,"contact":181,"property":182,"murder":0,"attempted_murder":4,"sexual":4,"robbery_agg":20,"robbery_common":14,"assault_gbh":21,"assault_common":118,"burglary_res":85,"burglary_nonres":21,"theft_vehicle":3,"theft_from_vehicle":73,"carjacking":0,"house_robbery":0,"business_robbery":1,"drugs":273,"firearms":3},"rates":{"all17":5858.6,"contact":1427.1,"property":1136.0,"murder":9.4,"attempted_murder":75.1,"sexual":65.7,"robbery_agg":140.8,"robbery_common":112.7,"assault_gbh":338.0,"assault_common":685.4,"burglary_res":507.0,"burglary_nonres":103.3,"theft_vehicle":56.3,"theft_from_vehicle":469.4,"carjacking":0.0,"house_robbery":18.8,"business_robbery":9.4,"drugs":3877.6,"firearms":46.9}},"geometry":{"type":"Polygon","coordinates":[[[22.12294,-34.1834],[22.0906,-34.1826],[22.09267,-34.18498],[22.09213,-34.19355],[22.09267,-34.1946],[22.09745,-34.19406],[22.09743,-34.19594],[22.09801,-34.19655],[22.11063,-34.19646],[22.11107,-34.20372],[22.11149,-34.2038],[22.11557,-34.20204],[22.12144,-34.20126],[22.12369,-34.20013],[22.12975,-34.19915],[22.1321,-34.1974],[22.13523,-34.19783],[22.13637,-34.19669],[22.13795,-34.19686],[22.14082,-34.19426],[22.14229,-34.19602],[22.14386,-34.19671],[22.14424,-34.19526],[22.14557,-34.19453],[22.14541,-34.19383],[22.14622,-34.19296],[22.14746,-34.19373],[22.15158,-34.192],[22.15132,-34.19115],[22.15424,-34.18708],[22.15721,-34.18711],[22.15885,-34.18627],[22.16049,-34.18794],[22.16086,-34.18708],[22.16043,-34.18697],[22.16058,-34.18478],[22.15859,-34.18346],[22.15871,-34.18186],[22.15741,-34.18094],[22.15599,-34.18105],[22.15509,-34.17991],[22.1501,-34.1793],[22.14704,-34.17515],[22.1401,-34.17956],[22.13747,-34.17736],[22.1363,-34.17409],[22.1323,-34.17216],[22.12874,-34.17198],[22.12652,-34.16996],[22.12431,-34.17028],[22.12225,-34.16742],[22.1199,-34.16658],[22.11962,-34.16736],[22.12067,-34.16869],[22.12624,-34.17326],[22.12524,-34.1749],[22.12494,-34.17814],[22.12294,-34.1834]]]}},{"type":"Feature","id":"Albertinia","properties":{"name":"Albertinia","includes":["Albertinia"],"district":"Garden Route","population":8880,"rate_reliable":true,"counts":{"all17":603,"contact":204,"property":97,"murder":2,"attempted_murder":5,"sexual":8,"robbery_agg":5,"robbery_common":3,"assault_gbh":59,"assault_common":122,"burglary_res":62,"burglary_nonres":8,"theft_vehicle":0,"theft_from_vehicle":18,"carjacking":0,"house_robbery":1,"business_robbery":1,"drugs":496,"firearms":4},"previous":{"all17":654,"contact":196,"property":141,"murder":1,"attempted_murder":1,"sexual":6,"robbery_agg":6,"robbery_common":4,"assault_gbh":61,"assault_common":117,"burglary_res":86,"burglary_nonres":22,"theft_vehicle":2,"theft_from_vehicle":20,"carjacking":0,"house_robbery":0,"business_robbery":2,"drugs":346,"firearms":1},"rates":{"all17":6790.5,"contact":2297.3,"property":1092.3,"murder":22.5,"attempted_murder":56.3,"sexual":90.1,"robbery_agg":56.3,"robbery_common":33.8,"assault_gbh":664.4,"assault_common":1373.9,"burglary_res":698.2,"burglary_nonres":90.1,"theft_vehicle":0.0,"theft_from_vehicle":202.7,"carjacking":0.0,"house_robbery":11.3,"business_robbery":11.3,"drugs":5585.6,"firearms":45.0}},"geometry":{"type":"Polygon","coordinates":[[[21.65828,-33.94204],[21.6367,-33.94274],[21.62487,-33.94221],[21.61401,-33.94452],[21.57801,-33.94334],[21.56579,-33.94656],[21.53192,-33.93949],[21.52893,-33.94273],[21.52101,-33.94493],[21.50794,-33.94631],[21.49894,-33.94945],[21.48996,-33.94771],[21.49281,-33.97886],[21.4781,-33.99756],[21.48869,-34.00093],[21.49531,-34.00462],[21.50306,-34.0131],[21.50572,-34.02307],[21.50438,-34.03142],[21.49727,-34.04199],[21.49152,-34.04624],[21.4872,-34.0475],[21.47213,-34.04332],[21.46528,-34.04258],[21.45376,-34.04247],[21.44915,-34.04423],[21.44857,-34.04557],[21.44741,-34.04532],[21.44696,-34.04824],[21.44205,-34.05347],[21.43963,-34.05706],[21.43909,-34.0747],[21.4374,-34.07998],[21.43789,-34.08549],[21.43606,-34.09039],[21.43662,-34.09302],[21.4385,-34.09672],[21.44214,-34.11191],[21.43911,-34.11484],[21.43807,-34.11941],[21.43815,-34.12278],[21.43645,-34.12476],[21.43641,-34.12688],[21.43736,-34.12952],[21.4349,-34.13393],[21.43107,-34.13676],[21.42161,-34.1486],[21.41412,-34.14811],[21.39804,-34.16915],[21.39354,-34.17362],[21.38786,-34.18824],[21.38086,-34.18631],[21.38223,-34.19457],[21.38063,-34.19885],[21.38759,-34.19775],[21.39377,-34.20146],[21.38965,-34.2147],[21.39115,-34.23073],[21.39465,-34.23396],[21.39908,-34.23687],[21.41156,-34.24199],[21.41262,-34.24165],[21.4146,-34.24266],[21.41419,-34.24317],[21.42036,-34.2456],[21.43775,-34.24237],[21.45992,-34.23426],[21.46003,-34.23334],[21.5118,-34.23712],[21.51843,-34.28239],[21.55376,-34.2972],[21.53011,-34.32757],[21.54089,-34.33018],[21.53155,-34.3535],[21.53163,-34.35657],[21.53587,-34.35654],[21.53976,-34.35755],[21.54289,-34.35918],[21.55128,-34.36122],[21.56407,-34.36054],[21.56664,-34.36174],[21.57265,-34.36299],[21.57381,-34.36417],[21.58083,-34.36295],[21.5855,-34.36579],[21.59724,-34.36849],[21.61188,-34.37289],[21.6245,-34.37835],[21.62981,-34.37923],[21.63062,-34.37996],[21.63214,-34.37972],[21.63332,-34.38024],[21.63388,-34.38164],[21.63823,-34.38119],[21.64328,-34.38165],[21.65222,-34.3844],[21.65203,-34.38523],[21.65441,-34.38562],[21.65495,-34.38512],[21.65928,-34.38694],[21.66103,-34.3867],[21.66127,-34.38758],[21.66266,-34.38771],[21.6634,-34.38708],[21.664,-34.38749],[21.66577,-34.38626],[21.66796,-34.38714],[21.66815,-34.38795],[21.66956,-34.38773],[21.67076,-34.3887],[21.6711,-34.38806],[21.6731,-34.38929],[21.67477,-34.38928],[21.6753,-34.38869],[21.6776,-34.38935],[21.68417,-34.39259],[21.68654,-34.39209],[21.68723,-34.39218],[21.68743,-34.39291],[21.69213,-34.39172],[21.69543,-34.39485],[21.6998,-34.39452],[21.70389,-34.39514],[21.70624,-34.3941],[21.7093,-34.39504],[21.70971,-34.39438],[21.71432,-34.39315],[21.71728,-34.39414],[21.7192,-34.39557],[21.72147,-34.39461],[21.72247,-34.39335],[21.72541,-34.39435],[21.72581,-34.39529],[21.72733,-34.39579],[21.72966,-34.39566],[21.73168,-34.39384],[21.73223,-34.39431],[21.73501,-34.39382],[21.73679,-34.39114],[21.73726,-34.38896],[21.74229,-34.3867],[21.75513,-34.38702],[21.75908,-34.38572],[21.76116,-34.38434],[21.76693,-34.38522],[21.77327,-34.38365],[21.78116,-34.38291],[21.78564,-34.38322],[21.78906,-34.38174],[21.7914,-34.38169],[21.79275,-34.38231],[21.79402,-34.38152],[21.79822,-34.38321],[21.80055,-34.38149],[21.80274,-34.38207],[21.80421,-34.38126],[21.80482,-34.38172],[21.80572,-34.37958],[21.81242,-34.38054],[21.81378,-34.37944],[21.8162,-34.37919],[21.81702,-34.37789],[21.81839,-34.37729],[21.81989,-34.37768],[21.82794,-34.37594],[21.83026,-34.37648],[21.83355,-34.37446],[21.8349,-34.37541],[21.83859,-34.37371],[21.84239,-34.37312],[21.84279,-34.37236],[21.85045,-34.36957],[21.8504,-34.36873],[21.85865,-34.36281],[21.86638,-34.36348],[21.87135,-34.36282],[21.87197,-34.36081],[21.8743,-34.35873],[21.87524,-34.35896],[21.87697,-34.35732],[21.88378,-34.35361],[21.88429,-34.35197],[21.8836,-34.34822],[21.88697,-34.3443],[21.88667,-34.34309],[21.88111,-34.34152],[21.87795,-34.33744],[21.87458,-34.33628],[21.87461,-34.3344],[21.85928,-34.33348],[21.85531,-34.33182],[21.83212,-34.31393],[21.82947,-34.31053],[21.82647,-34.29786],[21.8344,-34.29406],[21.83583,-34.29244],[21.83607,-34.2906],[21.83474,-34.28715],[21.82957,-34.28123],[21.82682,-34.27982],[21.82314,-34.27917],[21.81901,-34.27931],[21.81214,-34.28044],[21.79603,-34.28471],[21.7895,-34.28396],[21.78692,-34.28144],[21.7834,-34.27441],[21.78104,-34.27243],[21.77549,-34.26403],[21.77429,-34.26291],[21.77201,-34.26303],[21.76865,-34.25753],[21.76865,-34.25583],[21.76719,-34.25327],[21.76543,-34.24637],[21.76166,-34.23813],[21.75601,-34.23051],[21.75323,-34.22493],[21.75434,-34.22014],[21.74952,-34.2137],[21.74495,-34.21001],[21.74296,-34.20758],[21.74016,-34.20035],[21.74031,-34.19692],[21.74277,-34.19306],[21.74584,-34.19079],[21.75164,-34.18829],[21.75263,-34.18714],[21.75259,-34.1845],[21.75038,-34.18142],[21.75032,-34.17421],[21.74916,-34.17321],[21.74372,-34.17142],[21.74264,-34.17024],[21.74262,-34.166],[21.74439,-34.15948],[21.74285,-34.15836],[21.72353,-34.13612],[21.72492,-34.13553],[21.72465,-34.13056],[21.72409,-34.12997],[21.72233,-34.12975],[21.71868,-34.13054],[21.71721,-34.12883],[21.71208,-34.12785],[21.71329,-34.11924],[21.70187,-34.11663],[21.69963,-34.11463],[21.69995,-34.11336],[21.70773,-34.10615],[21.70995,-34.10242],[21.70463,-34.09389],[21.70496,-34.09259],[21.71224,-34.09262],[21.71155,-34.09401],[21.72179,-34.09051],[21.73289,-34.09057],[21.73392,-34.09163],[21.73414,-34.09534],[21.73339,-34.09803],[21.73461,-34.1016],[21.73703,-34.10298],[21.74014,-34.10278],[21.74433,-34.10143],[21.74623,-34.09968],[21.7469,-34.0998],[21.74893,-34.09325],[21.7542,-34.08975],[21.75792,-34.08615],[21.76122,-34.08441],[21.76697,-34.08298],[21.76808,-34.08105],[21.76768,-34.07856],[21.76563,-34.07554],[21.764,-34.07501],[21.75536,-34.07811],[21.74737,-34.08016],[21.72454,-34.08299],[21.72155,-34.0816],[21.71864,-34.0765],[21.71708,-34.07138],[21.71825,-34.06364],[21.71682,-34.06037],[21.71714,-34.05885],[21.72087,-34.05248],[21.73361,-34.04349],[21.7359,-34.04083],[21.73788,-34.0372],[21.73788,-34.03595],[21.73693,-34.03455],[21.72687,-34.02984],[21.72188,-34.02918],[21.71827,-34.03022],[21.71708,-34.03199],[21.71663,-34.03941],[21.71519,-34.04237],[21.71122,-34.04739],[21.70622,-34.05005],[21.69837,-34.05141],[21.69903,-34.05671],[21.69219,-34.06259],[21.68516,-34.06213],[21.68441,-34.06034],[21.6859,-34.05559],[21.68398,-34.05089],[21.68334,-34.04358],[21.68148,-34.03661],[21.6757,-34.02953],[21.66899,-34.02452],[21.66611,-34.02088],[21.66543,-34.01932],[21.66674,-34.01012],[21.66553,-34.00895],[21.66268,-34.00888],[21.64965,-34.01115],[21.64017,-34.00776],[21.63976,-34.00555],[21.64053,-34.00076],[21.63979,-33.99917],[21.64137,-33.99514],[21.64397,-33.99263],[21.64542,-33.98993],[21.65253,-33.98126],[21.65728,-33.97094],[21.65862,-33.96359],[21.65988,-33.94783],[21.65828,-33.94204]]]}},{"type":"Feature","id":"Groot-Drakenstein","properties":{"name":"Groot-Drakenstein","includes":["Groot-Drakenstein"],"district":"Cape Winelands","population":15613,"rate_reliable":true,"counts":{"all17":717,"contact":288,"property":157,"murder":2,"attempted_murder":12,"sexual":23,"robbery_agg":20,"robbery_common":10,"assault_gbh":133,"assault_common":88,"burglary_res":66,"burglary_nonres":54,"theft_vehicle":2,"theft_from_vehicle":34,"carjacking":0,"house_robbery":1,"business_robbery":0,"drugs":68,"firearms":4},"previous":{"all17":653,"contact":244,"property":154,"murder":1,"attempted_murder":6,"sexual":23,"robbery_agg":5,"robbery_common":15,"assault_gbh":125,"assault_common":69,"burglary_res":65,"burglary_nonres":55,"theft_vehicle":3,"theft_from_vehicle":29,"carjacking":0,"house_robbery":0,"business_robbery":0,"drugs":64,"firearms":0},"rates":{"all17":4592.3,"contact":1844.6,"property":1005.6,"murder":12.8,"attempted_murder":76.9,"sexual":147.3,"robbery_agg":128.1,"robbery_common":64.0,"assault_gbh":851.9,"assault_common":563.6,"burglary_res":422.7,"burglary_nonres":345.9,"theft_vehicle":12.8,"theft_from_vehicle":217.8,"carjacking":0.0,"house_robbery":6.4,"business_robbery":0.0,"drugs":435.5,"firearms":25.6}},"geometry":{"type":"Polygon","coordinates":[[[22.03629,-33.96855],[22.03662,-33.9722],[22.03908,-33.97819],[22.04163,-33.98184],[22.04514,-33.98533],[22.04644,-33.9903],[22.05471,-33.99543],[22.05632,-33.9976],[22.05633,-34.00145],[22.05289,-34.01021],[22.05349,-34.01285],[22.05601,-34.01581],[22.06249,-34.01999],[22.06924,-34.02714],[22.07019,-34.03025],[22.0695,-34.03373],[22.08158,-34.04375],[22.08557,-34.04358],[22.1005,-34.0707],[22.10161,-34.06777],[22.10374,-34.0664],[22.10648,-34.06731],[22.10779,-34.06517],[22.1094,-34.065],[22.11329,-34.0621],[22.11571,-34.06194],[22.11831,-34.06348],[22.12137,-34.06398],[22.12269,-34.06527],[22.12244,-34.07076],[22.12309,-34.07214],[22.12607,-34.07427],[22.13113,-34.0765],[22.13234,-34.07931],[22.13092,-34.08347],[22.13168,-34.08582],[22.13677,-34.08923],[22.14299,-34.09098],[22.14476,-34.09206],[22.14767,-34.09126],[22.14996,-34.09244],[22.15147,-34.08967],[22.1589,-34.08455],[22.19093,-34.07141],[22.21699,-34.06237],[22.23972,-34.05719],[22.24001,-34.05621],[22.25093,-34.05545],[22.26502,-34.05273],[22.28864,-34.05099],[22.31606,-34.05096],[22.32387,-34.05205],[22.3312,-34.05218],[22.33957,-34.05401],[22.34325,-34.05391],[22.34452,-34.05468],[22.35464,-34.05429],[22.35349,-34.04924],[22.35382,-34.04559],[22.35339,-34.04463],[22.35111,-34.04077],[22.34804,-34.03717],[22.34621,-34.0363],[22.3459,-34.03536],[22.34771,-34.02994],[22.34642,-34.02714],[22.34674,-34.02471],[22.34529,-34.02267],[22.34963,-34.01966],[22.34987,-34.01664],[22.35095,-34.01494],[22.35059,-34.01411],[22.35254,-34.01222],[22.35132,-34.01079],[22.35182,-34.00934],[22.34985,-34.00622],[22.34239,-34.00435],[22.34224,-34.00237],[22.33776,-33.99785],[22.33607,-33.99309],[22.33318,-33.99119],[22.33118,-33.98683],[22.32819,-33.98459],[22.32867,-33.98341],[22.33068,-33.98201],[22.3314,-33.976],[22.3278,-33.97259],[22.32765,-33.96932],[22.32663,-33.96846],[22.32,-33.96952],[22.31574,-33.96919],[22.31415,-33.96728],[22.31413,-33.96541],[22.31309,-33.9634],[22.31306,-33.96017],[22.3119,-33.95832],[22.31532,-33.95086],[22.32294,-33.95079],[22.31513,-33.92493],[22.31402,-33.89061],[22.27758,-33.88268],[22.26594,-33.87671],[22.23378,-33.88821],[22.21389,-33.88807],[22.19866,-33.87815],[22.18748,-33.87683],[22.17089,-33.86909],[22.13427,-33.86953],[22.12371,-33.84634],[22.07512,-33.84951],[22.05241,-33.91592],[22.06534,-33.92335],[22.06098,-33.92772],[22.04164,-33.92973],[22.03903,-33.92942],[22.04033,-33.93248],[22.04156,-33.93135],[22.04335,-33.93152],[22.04777,-33.93319],[22.04771,-33.93427],[22.04889,-33.93478],[22.04923,-33.93564],[22.0511,-33.93466],[22.0511,-33.93576],[22.05237,-33.93625],[22.05355,-33.93786],[22.05355,-33.94063],[22.05293,-33.94195],[22.05484,-33.94043],[22.05544,-33.94059],[22.0556,-33.94168],[22.05433,-33.94339],[22.05636,-33.94418],[22.05625,-33.94558],[22.05794,-33.94411],[22.06007,-33.94449],[22.05989,-33.94566],[22.05871,-33.9467],[22.05997,-33.94746],[22.06045,-33.94898],[22.05927,-33.94938],[22.0577,-33.95158],[22.05403,-33.94863],[22.04816,-33.94821],[22.04699,-33.94991],[22.04634,-33.9546],[22.0435,-33.95541],[22.04056,-33.95515],[22.03786,-33.96122],[22.03629,-33.96855]]]}},{"type":"Feature","id":"Riversdale","properties":{"name":"Riversdale","includes":["Riversdale"],"district":"Garden Route","population":17517,"rate_reliable":true,"counts":{"all17":419,"contact":155,"property":75,"murder":4,"attempted_murder":2,"sexual":9,"robbery_agg":3,"robbery_common":3,"assault_gbh":70,"assault_common":64,"burglary_res":44,"burglary_nonres":7,"theft_vehicle":0,"theft_from_vehicle":16,"carjacking":0,"house_robbery":2,"business_robbery":1,"drugs":430,"firearms":4},"previous":{"all17":477,"contact":173,"property":134,"murder":3,"attempted_murder":2,"sexual":7,"robbery_agg":5,"robbery_common":6,"assault_gbh":74,"assault_common":76,"burglary_res":76,"burglary_nonres":28,"theft_vehicle":2,"theft_from_vehicle":13,"carjacking":0,"house_robbery":0,"business_robbery":0,"drugs":340,"firearms":6},"rates":{"all17":2392.0,"contact":884.9,"property":428.2,"murder":22.8,"attempted_murder":11.4,"sexual":51.4,"robbery_agg":17.1,"robbery_common":17.1,"assault_gbh":399.6,"assault_common":365.4,"burglary_res":251.2,"burglary_nonres":40.0,"theft_vehicle":0.0,"theft_from_vehicle":91.3,"carjacking":0.0,"house_robbery":11.4,"business_robbery":5.7,"drugs":2454.8,"firearms":22.8}},"geometry":{"type":"Polygon","coordinates":[[[21.48996,-33.94771],[21.46884,-33.94233],[21.43843,-33.95039],[21.42065,-33.9515],[21.41298,-33.94662],[21.40306,-33.94851],[21.39354,-33.94506],[21.3835,-33.94683],[21.36958,-33.94476],[21.35675,-33.94398],[21.36243,-33.92546],[21.36032,-33.8998],[21.35789,-33.88637],[21.37087,-33.86358],[21.38938,-33.86269],[21.3711,-33.81985],[21.28123,-33.81847],[21.27269,-33.82194],[21.18565,-33.82327],[21.15413,-33.83224],[21.10773,-33.83184],[21.10147,-33.82664],[21.08465,-33.82287],[21.0726,-33.82437],[21.06073,-33.82927],[21.05324,-33.83848],[21.05163,-33.83422],[21.04151,-33.85416],[20.9916,-33.86795],[21.00259,-33.84784],[20.98169,-33.84555],[20.94343,-33.85181],[20.9361,-33.8791],[20.92389,-33.8892],[20.95239,-33.90172],[20.9388,-33.92491],[20.93408,-33.94757],[20.98224,-33.93901],[21.00102,-33.93184],[21.0292,-33.93309],[21.05001,-33.93006],[21.06206,-33.93073],[21.06949,-33.93728],[21.09446,-33.94722],[21.08306,-33.95659],[21.07747,-33.96997],[21.06557,-33.96969],[21.05661,-33.97287],[21.04761,-33.97973],[21.04515,-33.98257],[21.04108,-33.99468],[21.04624,-34.00555],[21.07129,-34.0197],[21.08066,-34.02305],[21.08686,-34.04962],[21.11204,-34.05793],[21.11392,-34.06618],[21.11487,-34.07608],[21.09594,-34.0929],[21.10939,-34.10269],[21.11341,-34.12936],[21.07992,-34.14689],[21.08036,-34.16952],[21.02474,-34.18071],[21.02141,-34.18642],[21.02288,-34.20129],[21.04173,-34.21551],[21.00535,-34.22866],[21.03082,-34.24265],[21.01601,-34.26617],[21.02889,-34.28979],[21.01218,-34.29943],[21.01248,-34.30563],[21.01902,-34.31385],[21.01562,-34.31527],[21.01258,-34.31744],[21.00595,-34.31888],[21.00497,-34.32025],[21.00965,-34.32462],[21.01612,-34.32375],[21.01816,-34.3242],[21.02111,-34.32986],[21.02652,-34.33629],[21.02664,-34.33784],[21.01873,-34.34037],[21.01536,-34.34235],[21.01353,-34.34266],[21.00674,-34.34185],[21.00285,-34.34424],[21.00214,-34.34552],[21.00186,-34.34853],[21.00344,-34.34962],[21.00684,-34.35013],[21.00807,-34.35141],[21.00745,-34.3594],[21.00541,-34.36313],[21.00045,-34.36522],[21.00599,-34.36702],[21.00869,-34.36663],[21.01793,-34.36744],[21.03208,-34.37029],[21.04052,-34.37117],[21.0419,-34.37052],[21.04733,-34.36999],[21.05147,-34.37114],[21.05927,-34.37142],[21.06425,-34.37275],[21.07538,-34.37364],[21.0965,-34.37656],[21.08986,-34.36472],[21.09728,-34.32934],[21.09207,-34.32658],[21.09618,-34.3157],[21.09991,-34.3171],[21.11757,-34.29912],[21.17605,-34.30875],[21.17385,-34.28672],[21.18542,-34.27974],[21.19138,-34.29225],[21.19535,-34.29423],[21.19855,-34.28451],[21.21046,-34.26723],[21.22215,-34.26446],[21.29985,-34.25386],[21.3102,-34.23369],[21.32018,-34.22946],[21.32612,-34.22029],[21.32693,-34.21563],[21.34877,-34.20599],[21.35637,-34.20189],[21.38063,-34.19885],[21.38223,-34.19457],[21.38086,-34.18631],[21.38786,-34.18824],[21.39354,-34.17362],[21.39804,-34.16915],[21.41412,-34.14811],[21.42161,-34.1486],[21.43107,-34.13676],[21.4349,-34.13393],[21.43736,-34.12952],[21.43641,-34.12688],[21.43645,-34.12476],[21.43815,-34.12278],[21.43807,-34.11941],[21.43911,-34.11484],[21.44214,-34.11191],[21.4385,-34.09672],[21.43662,-34.09302],[21.43606,-34.09039],[21.43789,-34.08549],[21.4374,-34.07998],[21.43909,-34.0747],[21.43925,-34.05806],[21.44205,-34.05347],[21.44696,-34.04824],[21.44741,-34.04532],[21.44857,-34.04557],[21.44915,-34.04423],[21.45376,-34.04247],[21.46528,-34.04258],[21.47289,-34.04345],[21.4872,-34.0475],[21.49152,-34.04624],[21.49727,-34.04199],[21.50438,-34.03142],[21.50572,-34.02307],[21.50306,-34.0131],[21.49531,-34.00462],[21.48869,-34.00093],[21.4781,-33.99756],[21.49281,-33.97886],[21.48996,-33.94771]]]}},{"type":"Feature","id":"Beaufort West","properties":{"name":"Beaufort West","includes":["Beaufort West"],"district":"Central Karoo","population":43361,"rate_reliable":true,"counts":{"all17":2141,"contact":893,"property":437,"murder":14,"attempted_murder":20,"sexual":35,"robbery_agg":51,"robbery_common":35,"assault_gbh":264,"assault_common":474,"burglary_res":208,"burglary_nonres":25,"theft_vehicle":2,"theft_from_vehicle":150,"carjacking":1,"house_robbery":5,"business_robbery":4,"drugs":412,"firearms":5},"previous":{"all17":2482,"contact":973,"property":556,"murder":15,"attempted_murder":15,"sexual":38,"robbery_agg":64,"robbery_common":50,"assault_gbh":324,"assault_common":467,"burglary_res":258,"burglary_nonres":32,"theft_vehicle":5,"theft_from_vehicle":199,"carjacking":1,"house_robbery":12,"business_robbery":4,"drugs":419,"firearms":6},"rates":{"all17":4937.6,"contact":2059.5,"property":1007.8,"murder":32.3,"attempted_murder":46.1,"sexual":80.7,"robbery_agg":117.6,"robbery_common":80.7,"assault_gbh":608.8,"assault_common":1093.1,"burglary_res":479.7,"burglary_nonres":57.7,"theft_vehicle":4.6,"theft_from_vehicle":345.9,"carjacking":2.3,"house_robbery":11.5,"business_robbery":9.2,"drugs":950.2,"firearms":11.5}},"geometry":{"type":"Polygon","coordinates":[[[21.89447,-32.1975],[21.90099,-32.21913],[21.89817,-32.22703],[21.89449,-32.22679],[21.90409,-32.2535],[21.90205,-32.25631],[21.90165,-32.2709],[21.93877,-32.30275],[21.92914,-32.34588],[21.89489,-32.37788],[21.88489,-32.38253],[21.89009,-32.41569],[21.88707,-32.42193],[21.87641,-32.45926],[21.88205,-32.47154],[21.88815,-32.48113],[21.89517,-32.49573],[21.89479,-32.49865],[21.92086,-32.49462],[21.92195,-32.48704],[21.95821,-32.44897],[22.00162,-32.47906],[21.99386,-32.57597],[22.03348,-32.55491],[22.03664,-32.59965],[22.07191,-32.6427],[22.10668,-32.56294],[22.18407,-32.56004],[22.20971,-32.59428],[22.20144,-32.60934],[22.20134,-32.6136],[22.20056,-32.61443],[22.19857,-32.61523],[22.19213,-32.61527],[22.18752,-32.61714],[22.18385,-32.62119],[22.18177,-32.62513],[22.17977,-32.62633],[22.16415,-32.62889],[22.15926,-32.63142],[22.15624,-32.63404],[22.15045,-32.64119],[22.19694,-32.67981],[22.21733,-32.74412],[22.30138,-32.73989],[22.29936,-32.75682],[22.31548,-32.78231],[22.32136,-32.8206],[22.38404,-32.87081],[22.45572,-32.87651],[22.52185,-32.86401],[22.51742,-32.89265],[22.66469,-32.92878],[22.78319,-32.93058],[22.76781,-32.97844],[22.80031,-32.98532],[22.83544,-33.03773],[22.87751,-33.031],[22.87303,-33.02439],[22.912,-33.01448],[22.93413,-33.02164],[22.93526,-33.01302],[22.96929,-32.99335],[22.94879,-32.95002],[23.00372,-32.89827],[23.00747,-32.8728],[23.09805,-32.87368],[23.11646,-32.85798],[23.10931,-32.84244],[23.14991,-32.81001],[23.13274,-32.86995],[23.1669,-32.86913],[23.16166,-32.84468],[23.14798,-32.83608],[23.20114,-32.78534],[23.25045,-32.78856],[23.30521,-32.80949],[23.37865,-32.82503],[23.39778,-32.76346],[23.35164,-32.76378],[23.35272,-32.73368],[23.35354,-32.72943],[23.3329,-32.7036],[23.26961,-32.67147],[23.30135,-32.65177],[23.30734,-32.61161],[23.2882,-32.5512],[23.24451,-32.51322],[23.24759,-32.46532],[23.22165,-32.42503],[23.2722,-32.40065],[23.28725,-32.40417],[23.30737,-32.39591],[23.3331,-32.35113],[23.30628,-32.31969],[23.29515,-32.3016],[23.29047,-32.27829],[23.30031,-32.26412],[23.31318,-32.24264],[23.23182,-32.13369],[23.22146,-32.14196],[23.21336,-32.14414],[23.15699,-32.13595],[23.10572,-32.10865],[23.07228,-32.08279],[23.1263,-32.06209],[23.10827,-32.04745],[23.09522,-32.01422],[23.09157,-31.99713],[23.09849,-31.9777],[23.08762,-31.97229],[23.07089,-31.95381],[23.05867,-31.95484],[23.05259,-31.93978],[23.05226,-31.91029],[23.06739,-31.89074],[23.03871,-31.87745],[22.97583,-31.86083],[22.95382,-31.86297],[22.90195,-31.87577],[22.87472,-31.86164],[22.85897,-31.81829],[22.82529,-31.83766],[22.77688,-31.85691],[22.7575,-31.82754],[22.7351,-31.79938],[22.67705,-31.81551],[22.65153,-31.82167],[22.64754,-31.8196],[22.64632,-31.81546],[22.64431,-31.81432],[22.64212,-31.81619],[22.63527,-31.81491],[22.6332,-31.81574],[22.63118,-31.8197],[22.63176,-31.8234],[22.61492,-31.82287],[22.57834,-31.80551],[22.6094,-31.73981],[22.62032,-31.7232],[22.56569,-31.71376],[22.56482,-31.67792],[22.49576,-31.67034],[22.43325,-31.63818],[22.35514,-31.60541],[22.31229,-31.58346],[22.309,-31.58471],[22.27292,-31.59254],[22.2601,-31.66247],[22.24988,-31.66466],[22.23738,-31.70298],[22.19992,-31.76428],[22.20325,-31.79038],[22.15938,-31.80944],[22.17688,-31.82072],[22.1666,-31.89309],[22.1315,-31.88426],[22.11587,-31.86263],[22.07886,-31.85489],[22.07892,-31.85983],[22.07996,-31.86366],[22.08214,-31.86693],[22.08236,-31.86849],[22.0831,-31.86884],[22.08373,-31.86796],[22.08429,-31.86878],[22.08443,-31.87066],[22.08352,-31.87379],[22.08395,-31.87573],[22.08599,-31.87814],[22.08599,-31.8791],[22.08852,-31.88043],[22.09168,-31.88539],[22.09717,-31.88863],[22.0983,-31.89128],[22.10046,-31.89304],[22.10019,-31.89564],[22.10171,-31.90053],[22.1004,-31.92434],[22.07133,-31.9393],[22.08923,-31.97435],[22.09498,-32.00106],[22.07413,-32.01791],[22.09359,-32.04592],[22.13396,-32.06439],[22.11995,-32.07697],[22.08965,-32.14638],[22.06956,-32.08145],[22.01644,-32.11426],[22.0035,-32.17424],[21.99952,-32.20595],[21.99592,-32.20298],[21.9713,-32.2164],[21.96705,-32.21581],[21.94316,-32.18689],[21.93553,-32.18377],[21.86404,-32.16805],[21.85177,-32.18641],[21.89447,-32.1975]]]}},{"type":"Feature","id":"Laaiplek","properties":{"name":"Laaiplek","includes":["Laaiplek"],"district":"West Coast","population":23015,"rate_reliable":true,"counts":{"all17":559,"contact":166,"property":93,"murder":5,"attempted_murder":0,"sexual":12,"robbery_agg":3,"robbery_common":6,"assault_gbh":28,"assault_common":112,"burglary_res":46,"burglary_nonres":12,"theft_vehicle":4,"theft_from_vehicle":31,"carjacking":0,"house_robbery":0,"business_robbery":1,"drugs":116,"firearms":7},"previous":{"all17":589,"contact":189,"property":95,"murder":3,"attempted_murder":3,"sexual":10,"robbery_agg":12,"robbery_common":9,"assault_gbh":44,"assault_common":108,"burglary_res":62,"burglary_nonres":10,"theft_vehicle":2,"theft_from_vehicle":20,"carjacking":0,"house_robbery":5,"business_robbery":2,"drugs":44,"firearms":1},"rates":{"all17":2428.9,"contact":721.3,"property":404.1,"murder":21.7,"attempted_murder":0.0,"sexual":52.1,"robbery_agg":13.0,"robbery_common":26.1,"assault_gbh":121.7,"assault_common":486.6,"burglary_res":199.9,"burglary_nonres":52.1,"theft_vehicle":17.4,"theft_from_vehicle":134.7,"carjacking":0.0,"house_robbery":0.0,"business_robbery":4.3,"drugs":504.0,"firearms":30.4}},"geometry":{"type":"Polygon","coordinates":[[[18.13266,-32.77547],[18.13402,-32.77731],[18.13556,-32.77757],[18.13995,-32.77402],[18.14566,-32.77089],[18.14859,-32.77078],[18.15059,-32.77149],[18.15185,-32.77364],[18.1516,-32.77638],[18.14982,-32.77805],[18.14311,-32.78188],[18.1415,-32.78374],[18.14134,-32.78518],[18.14195,-32.78675],[18.14657,-32.78919],[18.15062,-32.79264],[18.15289,-32.79236],[18.15884,-32.789],[18.16948,-32.78762],[18.17012,-32.7879],[18.17094,-32.79114],[18.17216,-32.79262],[18.17831,-32.79426],[18.18024,-32.79347],[18.1825,-32.79087],[18.186,-32.78876],[18.18719,-32.78907],[18.19224,-32.78787],[18.19449,-32.78852],[18.19622,-32.79126],[18.19634,-32.79469],[18.1955,-32.79852],[18.19752,-32.80183],[18.19832,-32.80538],[18.1963,-32.81131],[18.1933,-32.81593],[18.19344,-32.81868],[18.19542,-32.81966],[18.19922,-32.8177],[18.20183,-32.81733],[18.20796,-32.81792],[18.20915,-32.81895],[18.20917,-32.82513],[18.21329,-32.82274],[18.21817,-32.82202],[18.2213,-32.82291],[18.22209,-32.82425],[18.2219,-32.82845],[18.22057,-32.83037],[18.21586,-32.83328],[18.21315,-32.83924],[18.2128,-32.84168],[18.21365,-32.84338],[18.21872,-32.84802],[18.22034,-32.84886],[18.22358,-32.8491],[18.2264,-32.84847],[18.22863,-32.84714],[18.22935,-32.84517],[18.2286,-32.84361],[18.22887,-32.84192],[18.23005,-32.84065],[18.23245,-32.83988],[18.23609,-32.84092],[18.23672,-32.8431],[18.23452,-32.84633],[18.23439,-32.84831],[18.23765,-32.85224],[18.23781,-32.85477],[18.236,-32.85608],[18.23071,-32.85414],[18.2282,-32.85386],[18.22434,-32.85618],[18.22375,-32.85878],[18.22452,-32.86057],[18.22569,-32.86123],[18.23083,-32.86153],[18.23328,-32.86239],[18.23727,-32.86791],[18.241,-32.87104],[18.24439,-32.87158],[18.24932,-32.86811],[18.25217,-32.86925],[18.25372,-32.87192],[18.25508,-32.87255],[18.26511,-32.87181],[18.26613,-32.87004],[18.26612,-32.86854],[18.2642,-32.86723],[18.26347,-32.86544],[18.26318,-32.86321],[18.26391,-32.86186],[18.26541,-32.86109],[18.2712,-32.86158],[18.27464,-32.85856],[18.2761,-32.85808],[18.28047,-32.85813],[18.28465,-32.85905],[18.28549,-32.86022],[18.28418,-32.86524],[18.28481,-32.86983],[18.2877,-32.87107],[18.29205,-32.87007],[18.29487,-32.87023],[18.29773,-32.87218],[18.29847,-32.87361],[18.29783,-32.8766],[18.29533,-32.87796],[18.29185,-32.88127],[18.2907,-32.88604],[18.29159,-32.88858],[18.29764,-32.89186],[18.30272,-32.88834],[18.30668,-32.88845],[18.31555,-32.89129],[18.31722,-32.89265],[18.31675,-32.89437],[18.31477,-32.89585],[18.31177,-32.89664],[18.30648,-32.89613],[18.30436,-32.89675],[18.29946,-32.9009],[18.29899,-32.9027],[18.29928,-32.90593],[18.30445,-32.90888],[18.30793,-32.90655],[18.31354,-32.90617],[18.31605,-32.90369],[18.31887,-32.90267],[18.31998,-32.90263],[18.32057,-32.90379],[18.32228,-32.90443],[18.32762,-32.90354],[18.33471,-32.90714],[18.33552,-32.91122],[18.33997,-32.91406],[18.3402,-32.91486],[18.33834,-32.9169],[18.33797,-32.91865],[18.33873,-32.92074],[18.34064,-32.92275],[18.34082,-32.92406],[18.33858,-32.92495],[18.33498,-32.92485],[18.33366,-32.92541],[18.33175,-32.92427],[18.32946,-32.92637],[18.3293,-32.92827],[18.33149,-32.93065],[18.33085,-32.93279],[18.3314,-32.93974],[18.33536,-32.94539],[18.33983,-32.94571],[18.34122,-32.94498],[18.34008,-32.94301],[18.34212,-32.94254],[18.36211,-32.94434],[18.36428,-32.94312],[18.36576,-32.94142],[18.36683,-32.93807],[18.36908,-32.93768],[18.36823,-32.94079],[18.37012,-32.94567],[18.3689,-32.95069],[18.3683,-32.95728],[18.37121,-32.95755],[18.37346,-32.95861],[18.37438,-32.95768],[18.37777,-32.95703],[18.37945,-32.9584],[18.38352,-32.95766],[18.38758,-32.95871],[18.39964,-32.95755],[18.39994,-32.95328],[18.40283,-32.94826],[18.40348,-32.94446],[18.40491,-32.94341],[18.40908,-32.94286],[18.4111,-32.94367],[18.41255,-32.94914],[18.41261,-32.95213],[18.41522,-32.95363],[18.41575,-32.95343],[18.41545,-32.95124],[18.4167,-32.94906],[18.41979,-32.94664],[18.4237,-32.94469],[18.42703,-32.94575],[18.43416,-32.94536],[18.4381,-32.94664],[18.44475,-32.94613],[18.4451,-32.94528],[18.44364,-32.94014],[18.44439,-32.93838],[18.44537,-32.93806],[18.45035,-32.93924],[18.4536,-32.93836],[18.45482,-32.93867],[18.45602,-32.94171],[18.45476,-32.94475],[18.45394,-32.95186],[18.45499,-32.95384],[18.45668,-32.95469],[18.45804,-32.95441],[18.46014,-32.95279],[18.46324,-32.94908],[18.47011,-32.94475],[18.47341,-32.94568],[18.47776,-32.94995],[18.47948,-32.95082],[18.48483,-32.95186],[18.48738,-32.95339],[18.48993,-32.95387],[18.49271,-32.95256],[18.49528,-32.94771],[18.49769,-32.94577],[18.50044,-32.9462],[18.50609,-32.94852],[18.50914,-32.94754],[18.51406,-32.94263],[18.51904,-32.94339],[18.5034,-32.90471],[18.50029,-32.90924],[18.49159,-32.90743],[18.50688,-32.89215],[18.48779,-32.87372],[18.4847,-32.87445],[18.48377,-32.87546],[18.48179,-32.87459],[18.51064,-32.85458],[18.49887,-32.85233],[18.50074,-32.8305],[18.51628,-32.83161],[18.51657,-32.82695],[18.52083,-32.82607],[18.51958,-32.80659],[18.51803,-32.80421],[18.51318,-32.79152],[18.51046,-32.78064],[18.50989,-32.76948],[18.51037,-32.76507],[18.5083,-32.75889],[18.50615,-32.75613],[18.52273,-32.73432],[18.52789,-32.73598],[18.52757,-32.73075],[18.52375,-32.72893],[18.52877,-32.72043],[18.52748,-32.71851],[18.51279,-32.70681],[18.51491,-32.70527],[18.51707,-32.7023],[18.50673,-32.69011],[18.51248,-32.67554],[18.5125,-32.65216],[18.50268,-32.6517],[18.50456,-32.64137],[18.49871,-32.63127],[18.52022,-32.60147],[18.51978,-32.59996],[18.50232,-32.59965],[18.4877,-32.58898],[18.4597,-32.552],[18.31976,-32.54867],[18.31281,-32.56755],[18.3046,-32.58646],[18.30008,-32.59457],[18.29331,-32.60921],[18.2845,-32.62509],[18.27941,-32.63343],[18.26457,-32.65386],[18.26003,-32.6616],[18.24717,-32.67793],[18.23479,-32.69],[18.22818,-32.69554],[18.19828,-32.71547],[18.19218,-32.72433],[18.18681,-32.73059],[18.1816,-32.73515],[18.17575,-32.74376],[18.16629,-32.75476],[18.15789,-32.76106],[18.13821,-32.77357],[18.13266,-32.77547]]]}},{"type":"Feature","id":"Bothasig","properties":{"name":"Bothasig","includes":["Bothasig"],"district":"City of Cape Town","population":27279,"rate_reliable":true,"counts":{"all17":1056,"contact":251,"property":189,"murder":0,"attempted_murder":10,"sexual":13,"robbery_agg":72,"robbery_common":33,"assault_gbh":15,"assault_common":108,"burglary_res":74,"burglary_nonres":5,"theft_vehicle":26,"theft_from_vehicle":84,"carjacking":8,"house_robbery":7,"business_robbery":0,"drugs":106,"firearms":1},"previous":{"all17":1071,"contact":266,"property":216,"murder":2,"attempted_murder":15,"sexual":17,"robbery_agg":66,"robbery_common":38,"assault_gbh":17,"assault_common":111,"burglary_res":101,"burglary_nonres":7,"theft_vehicle":21,"theft_from_vehicle":87,"carjacking":4,"house_robbery":5,"business_robbery":3,"drugs":65,"firearms":0},"rates":{"all17":3871.1,"contact":920.1,"property":692.8,"murder":0.0,"attempted_murder":36.7,"sexual":47.7,"robbery_agg":263.9,"robbery_common":121.0,"assault_gbh":55.0,"assault_common":395.9,"burglary_res":271.3,"burglary_nonres":18.3,"theft_vehicle":95.3,"theft_from_vehicle":307.9,"carjacking":29.3,"house_robbery":25.7,"business_robbery":0.0,"drugs":388.6,"firearms":3.7}},"geometry":{"type":"Polygon","coordinates":[[[18.54607,-33.83519],[18.5585,-33.82239],[18.55781,-33.82162],[18.55733,-33.81125],[18.55833,-33.80752],[18.56065,-33.80514],[18.54818,-33.80456],[18.54573,-33.81412],[18.5335,-33.84487],[18.53326,-33.84828],[18.52955,-33.86374],[18.52928,-33.86844],[18.53099,-33.88224],[18.53515,-33.88528],[18.54755,-33.88239],[18.55932,-33.86666],[18.56708,-33.86241],[18.56157,-33.85912],[18.55464,-33.85611],[18.55307,-33.84732],[18.54365,-33.84761],[18.54163,-33.84621],[18.54607,-33.83519]]]}},{"type":"Feature","id":"Prince Albert","properties":{"name":"Prince Albert","includes":["Prince Albert"],"district":"Central Karoo","population":11295,"rate_reliable":true,"counts":{"all17":572,"contact":276,"property":88,"murder":2,"attempted_murder":1,"sexual":8,"robbery_agg":1,"robbery_common":5,"assault_gbh":167,"assault_common":92,"burglary_res":53,"burglary_nonres":11,"theft_vehicle":0,"theft_from_vehicle":14,"carjacking":0,"house_robbery":1,"business_robbery":0,"drugs":57,"firearms":0},"previous":{"all17":617,"contact":281,"property":105,"murder":2,"attempted_murder":2,"sexual":9,"robbery_agg":2,"robbery_common":13,"assault_gbh":176,"assault_common":77,"burglary_res":55,"burglary_nonres":17,"theft_vehicle":0,"theft_from_vehicle":8,"carjacking":0,"house_robbery":0,"business_robbery":0,"drugs":49,"firearms":3},"rates":{"all17":5064.2,"contact":2443.6,"property":779.1,"murder":17.7,"attempted_murder":8.9,"sexual":70.8,"robbery_agg":8.9,"robbery_common":44.3,"assault_gbh":1478.5,"assault_common":814.5,"burglary_res":469.2,"burglary_nonres":97.4,"theft_vehicle":0.0,"theft_from_vehicle":123.9,"carjacking":0.0,"house_robbery":8.9,"business_robbery":0.0,"drugs":504.6,"firearms":0.0}},"geometry":{"type":"Polygon","coordinates":[[[21.49697,-33.02795],[21.4991,-33.03075],[21.50229,-33.03902],[21.50865,-33.04414],[21.51305,-33.04541],[21.52576,-33.04749],[21.542,-33.05384],[21.54603,-33.05653],[21.54701,-33.05751],[21.54776,-33.06017],[21.54438,-33.07477],[21.54567,-33.07669],[21.55345,-33.08276],[21.53189,-33.10871],[21.47357,-33.10708],[21.51918,-33.17281],[21.53107,-33.22969],[21.51832,-33.24935],[21.62408,-33.24635],[21.63182,-33.26936],[21.63484,-33.27114],[21.63394,-33.27256],[21.63232,-33.28018],[21.63252,-33.29023],[21.63306,-33.2948],[21.63743,-33.29979],[21.63667,-33.30201],[21.63254,-33.30621],[21.6339,-33.3092],[21.63575,-33.31113],[21.63593,-33.31515],[21.63669,-33.31702],[21.63967,-33.32126],[21.64199,-33.32342],[21.64335,-33.32622],[21.6426,-33.32798],[21.64062,-33.32884],[21.63901,-33.32819],[21.63326,-33.32338],[21.62978,-33.32338],[21.62622,-33.32532],[21.6251,-33.32726],[21.625,-33.32873],[21.62744,-33.3316],[21.62844,-33.33419],[21.62796,-33.33839],[21.6253,-33.34873],[21.62563,-33.35121],[21.62812,-33.35563],[21.62895,-33.36069],[21.62992,-33.36209],[21.63055,-33.37326],[21.63344,-33.37843],[21.63631,-33.37912],[21.63689,-33.3803],[21.63584,-33.38145],[21.63398,-33.38145],[21.63006,-33.37847],[21.62363,-33.37818],[21.62252,-33.37897],[21.62151,-33.38098],[21.62234,-33.38674],[21.61199,-33.39676],[21.68003,-33.40475],[21.70797,-33.39637],[21.7472,-33.39711],[21.79265,-33.3899],[21.82728,-33.391],[21.85697,-33.38235],[21.90213,-33.36492],[21.96292,-33.36616],[22.0058,-33.35549],[22.05097,-33.35141],[22.10872,-33.34102],[22.14529,-33.33538],[22.18221,-33.32169],[22.21403,-33.31493],[22.28874,-33.33394],[22.39132,-33.36406],[22.46477,-33.4045],[22.5157,-33.40964],[22.58185,-33.40465],[22.66437,-33.41569],[22.71452,-33.41489],[22.77446,-33.41972],[22.78453,-33.41551],[22.73578,-33.39474],[22.73757,-33.37899],[22.7393,-33.32396],[22.77342,-33.32624],[22.77386,-33.30902],[22.7903,-33.30729],[22.84026,-33.2202],[22.87723,-33.18691],[22.89229,-33.14162],[22.92311,-33.10906],[22.95534,-33.07313],[22.95789,-33.04504],[22.93413,-33.02164],[22.912,-33.01448],[22.87303,-33.02439],[22.87751,-33.031],[22.83544,-33.03773],[22.80031,-32.98532],[22.76781,-32.97844],[22.78319,-32.93058],[22.66469,-32.92878],[22.51742,-32.89265],[22.52185,-32.86401],[22.45572,-32.87651],[22.38404,-32.87081],[22.32136,-32.8206],[22.27521,-32.87622],[22.27234,-32.89231],[22.25999,-32.89215],[22.24574,-32.87965],[22.2384,-32.88273],[22.15145,-32.8847],[22.11603,-32.84188],[22.07608,-32.8895],[22.03384,-32.94238],[22.02961,-32.95736],[21.98489,-32.96292],[21.98353,-32.95609],[21.98688,-32.93675],[21.98647,-32.92651],[21.98414,-32.91454],[21.98464,-32.90699],[21.98421,-32.90618],[21.97784,-32.90403],[21.9767,-32.9042],[21.97756,-32.89919],[21.97759,-32.8912],[21.97478,-32.88763],[21.96841,-32.88252],[21.96619,-32.87952],[21.96417,-32.87157],[21.96367,-32.86703],[21.96571,-32.8498],[21.96755,-32.84651],[21.96536,-32.84698],[21.96252,-32.84499],[21.96068,-32.84052],[21.95739,-32.84036],[21.95326,-32.8504],[21.94941,-32.85509],[21.94325,-32.8602],[21.91922,-32.87282],[21.89842,-32.87855],[21.88225,-32.88194],[21.84701,-32.89618],[21.79507,-32.912],[21.78348,-32.9143],[21.77289,-32.91951],[21.73863,-32.93024],[21.73546,-32.93182],[21.70127,-32.95792],[21.69707,-32.96406],[21.69283,-32.97591],[21.68556,-32.98404],[21.6805,-32.97674],[21.67756,-32.96932],[21.67586,-32.96175],[21.67335,-32.95631],[21.66355,-32.95008],[21.66125,-32.94931],[21.65715,-32.9491],[21.64921,-32.94678],[21.64103,-32.96336],[21.63069,-32.96755],[21.58842,-32.96937],[21.59752,-32.91457],[21.51469,-32.97387],[21.50803,-32.99534],[21.49971,-33.01703],[21.49697,-33.02795]]]}},{"type":"Feature","id":"Wolseley","properties":{"name":"Wolseley","includes":["Wolseley"],"district":"Cape Winelands","population":23991,"rate_reliable":true,"counts":{"all17":903,"contact":437,"property":143,"murder":14,"attempted_murder":13,"sexual":18,"robbery_agg":18,"robbery_common":11,"assault_gbh":198,"assault_common":165,"burglary_res":89,"burglary_nonres":25,"theft_vehicle":2,"theft_from_vehicle":27,"carjacking":0,"house_robbery":2,"business_robbery":3,"drugs":103,"firearms":5},"previous":{"all17":805,"contact":424,"property":136,"murder":19,"attempted_murder":3,"sexual":19,"robbery_agg":25,"robbery_common":7,"assault_gbh":196,"assault_common":155,"burglary_res":80,"burglary_nonres":29,"theft_vehicle":2,"theft_from_vehicle":24,"carjacking":0,"house_robbery":4,"business_robbery":3,"drugs":62,"firearms":5},"rates":{"all17":3763.9,"contact":1821.5,"property":596.1,"murder":58.4,"attempted_murder":54.2,"sexual":75.0,"robbery_agg":75.0,"robbery_common":45.9,"assault_gbh":825.3,"assault_common":687.8,"burglary_res":371.0,"burglary_nonres":104.2,"theft_vehicle":8.3,"theft_from_vehicle":112.5,"carjacking":0.0,"house_robbery":8.3,"business_robbery":12.5,"drugs":429.3,"firearms":20.8}},"geometry":{"type":"Polygon","coordinates":[[[19.24141,-33.33846],[19.22971,-33.31651],[19.2135,-33.32238],[19.18896,-33.32429],[19.18578,-33.32113],[19.16081,-33.32987],[19.16734,-33.34391],[19.16224,-33.34503],[19.16552,-33.35411],[19.1471,-33.35714],[19.14203,-33.36951],[19.13742,-33.36606],[19.13111,-33.35204],[19.1286,-33.34826],[19.10914,-33.34855],[19.10533,-33.34978],[19.08315,-33.35087],[19.08355,-33.37259],[19.08642,-33.43099],[19.11139,-33.50909],[19.14153,-33.51224],[19.14403,-33.52159],[19.16743,-33.52667],[19.17511,-33.5327],[19.17459,-33.53679],[19.17749,-33.53622],[19.18157,-33.53213],[19.18283,-33.52899],[19.18377,-33.52334],[19.1833,-33.5213],[19.18964,-33.51427],[19.19057,-33.51471],[19.19242,-33.51243],[19.19372,-33.49801],[19.21664,-33.51093],[19.2299,-33.50674],[19.26231,-33.4826],[19.27879,-33.46519],[19.27557,-33.44843],[19.27569,-33.43385],[19.2763,-33.42911],[19.26535,-33.42263],[19.26592,-33.42212],[19.26561,-33.42058],[19.26126,-33.42142],[19.26009,-33.42079],[19.26064,-33.42041],[19.26023,-33.41971],[19.25884,-33.41979],[19.26336,-33.38404],[19.25364,-33.3667],[19.24141,-33.33846]]]}},{"type":"Feature","id":"Ravensmead","properties":{"name":"Ravensmead","includes":["Ravensmead"],"district":"City of Cape Town","population":67375,"rate_reliable":true,"counts":{"all17":2480,"contact":1082,"property":348,"murder":62,"attempted_murder":88,"sexual":59,"robbery_agg":98,"robbery_common":152,"assault_gbh":232,"assault_common":391,"burglary_res":99,"burglary_nonres":25,"theft_vehicle":38,"theft_from_vehicle":185,"carjacking":5,"house_robbery":1,"business_robbery":0,"drugs":861,"firearms":136},"previous":{"all17":2585,"contact":1152,"property":348,"murder":76,"attempted_murder":97,"sexual":43,"robbery_agg":153,"robbery_common":158,"assault_gbh":231,"assault_common":394,"burglary_res":105,"burglary_nonres":53,"theft_vehicle":22,"theft_from_vehicle":168,"carjacking":10,"house_robbery":3,"business_robbery":8,"drugs":789,"firearms":90},"rates":{"all17":3680.9,"contact":1605.9,"property":516.5,"murder":92.0,"attempted_murder":130.6,"sexual":87.6,"robbery_agg":145.5,"robbery_common":225.6,"assault_gbh":344.3,"assault_common":580.3,"burglary_res":146.9,"burglary_nonres":37.1,"theft_vehicle":56.4,"theft_from_vehicle":274.6,"carjacking":7.4,"house_robbery":1.5,"business_robbery":0.0,"drugs":1277.9,"firearms":201.9}},"geometry":{"type":"MultiPolygon","coordinates":[[[[18.61758,-33.92015],[18.61508,-33.91523],[18.59621,-33.91808],[18.59021,-33.92076],[18.58369,-33.92226],[18.5877,-33.93794],[18.59272,-33.94215],[18.59689,-33.94888],[18.59995,-33.94669],[18.60557,-33.94426],[18.61181,-33.93868],[18.61833,-33.93424],[18.61597,-33.93268],[18.61868,-33.92569],[18.61869,-33.9232],[18.6176,-33.92322],[18.61758,-33.92015]]],[[[18.59018,-33.95833],[18.59194,-33.96169],[18.59024,-33.97328],[18.59407,-33.97344],[18.59287,-33.97761],[18.59468,-33.98173],[18.60288,-33.9823],[18.60595,-33.99052],[18.61168,-33.99278],[18.61844,-33.96713],[18.61796,-33.96335],[18.6089,-33.96531],[18.60707,-33.95947],[18.6075,-33.95756],[18.60286,-33.95676],[18.60349,-33.95419],[18.6015,-33.95384],[18.60209,-33.95145],[18.59812,-33.95066],[18.5956,-33.9518],[18.59563,-33.95135],[18.59372,-33.95173],[18.59596,-33.9538],[18.59551,-33.95499],[18.59672,-33.95681],[18.59651,-33.95767],[18.5946,-33.95938],[18.59196,-33.95738],[18.59018,-33.95833]]]]}},{"type":"Feature","id":"Lentegeur","properties":{"name":"Lentegeur","includes":["Lentegeur"],"district":"City of Cape Town","population":102091,"rate_reliable":true,"counts":{"all17":3003,"contact":1360,"property":307,"murder":52,"attempted_murder":33,"sexual":64,"robbery_agg":276,"robbery_common":131,"assault_gbh":123,"assault_common":681,"burglary_res":134,"burglary_nonres":15,"theft_vehicle":41,"theft_from_vehicle":115,"carjacking":43,"house_robbery":17,"business_robbery":5,"drugs":2865,"firearms":72},"previous":{"all17":3385,"contact":1588,"property":345,"murder":49,"attempted_murder":68,"sexual":58,"robbery_agg":355,"robbery_common":160,"assault_gbh":144,"assault_common":754,"burglary_res":171,"burglary_nonres":19,"theft_vehicle":57,"theft_from_vehicle":96,"carjacking":88,"house_robbery":29,"business_robbery":5,"drugs":2758,"firearms":60},"rates":{"all17":2941.5,"contact":1332.1,"property":300.7,"murder":50.9,"attempted_murder":32.3,"sexual":62.7,"robbery_agg":270.3,"robbery_common":128.3,"assault_gbh":120.5,"assault_common":667.1,"burglary_res":131.3,"burglary_nonres":14.7,"theft_vehicle":40.2,"theft_from_vehicle":112.6,"carjacking":42.1,"house_robbery":16.7,"business_robbery":4.9,"drugs":2806.3,"firearms":70.5}},"geometry":{"type":"Polygon","coordinates":[[[18.63384,-34.03249],[18.63113,-34.00866],[18.63422,-34.0051],[18.63812,-34.00368],[18.63721,-34.00344],[18.63376,-34.00309],[18.63093,-34.00407],[18.61942,-34.01463],[18.61609,-34.01652],[18.6074,-34.01883],[18.60391,-34.01895],[18.57405,-34.0243],[18.5814,-34.03429],[18.58505,-34.04382],[18.59053,-34.04279],[18.5981,-34.04321],[18.62782,-34.03328],[18.63384,-34.03249]]]}},{"type":"Feature","id":"Franschhoek","properties":{"name":"Franschhoek","includes":["Franschhoek"],"district":"Cape Winelands","population":23239,"rate_reliable":true,"counts":{"all17":1182,"contact":529,"property":192,"murder":24,"attempted_murder":23,"sexual":38,"robbery_agg":51,"robbery_common":21,"assault_gbh":222,"assault_common":150,"burglary_res":118,"burglary_nonres":15,"theft_vehicle":6,"theft_from_vehicle":53,"carjacking":0,"house_robbery":6,"business_robbery":5,"drugs":243,"firearms":4},"previous":{"all17":751,"contact":347,"property":162,"murder":12,"attempted_murder":13,"sexual":36,"robbery_agg":41,"robbery_common":11,"assault_gbh":152,"assault_common":82,"burglary_res":97,"burglary_nonres":26,"theft_vehicle":3,"theft_from_vehicle":34,"carjacking":2,"house_robbery":8,"business_robbery":0,"drugs":123,"firearms":5},"rates":{"all17":5086.3,"contact":2276.3,"property":826.2,"murder":103.3,"attempted_murder":99.0,"sexual":163.5,"robbery_agg":219.5,"robbery_common":90.4,"assault_gbh":955.3,"assault_common":645.5,"burglary_res":507.8,"burglary_nonres":64.5,"theft_vehicle":25.8,"theft_from_vehicle":228.1,"carjacking":0.0,"house_robbery":25.8,"business_robbery":21.5,"drugs":1045.7,"firearms":17.2}},"geometry":{"type":"Polygon","coordinates":[[[19.2021,-33.80924],[19.17872,-33.80907],[19.15516,-33.78993],[19.14017,-33.78851],[19.11301,-33.75405],[19.11355,-33.76317],[19.0627,-33.79675],[19.0616,-33.80081],[19.06731,-33.80325],[19.0516,-33.80805],[19.02119,-33.82742],[19.03393,-33.83868],[19.03117,-33.84392],[19.02717,-33.84011],[19.01959,-33.84474],[19.02027,-33.84516],[19.01987,-33.84626],[19.02308,-33.85774],[19.02082,-33.85822],[19.02353,-33.86531],[19.01008,-33.87302],[19.01124,-33.87472],[19.01462,-33.87494],[19.01722,-33.87588],[19.02716,-33.87677],[19.03088,-33.87583],[19.03864,-33.88055],[19.04196,-33.88068],[19.04422,-33.88625],[19.04638,-33.8876],[19.04877,-33.89039],[19.05173,-33.89583],[19.05378,-33.89825],[19.05441,-33.9034],[19.05606,-33.90868],[19.05606,-33.91486],[19.0584,-33.91682],[19.05957,-33.91899],[19.05143,-33.91894],[19.05113,-33.93102],[19.04789,-33.93612],[19.04337,-33.9373],[19.04435,-33.93978],[19.0255,-33.94364],[19.01887,-33.94209],[19.01494,-33.94237],[19.00975,-33.94471],[19.00214,-33.94623],[19.04018,-33.99899],[19.02183,-33.99991],[19.02644,-34.0205],[19.04246,-34.00821],[19.09871,-33.97587],[19.1261,-33.96163],[19.1456,-33.95587],[19.16464,-33.97134],[19.19105,-33.94714],[19.16231,-33.92151],[19.18223,-33.89389],[19.19883,-33.87274],[19.21411,-33.85699],[19.2021,-33.80924]]]}},{"type":"Feature","id":"Hopefield","properties":{"name":"Hopefield","includes":["Hopefield"],"district":"West Coast","population":10386,"rate_reliable":true,"counts":{"all17":248,"contact":111,"property":38,"murder":1,"attempted_murder":2,"sexual":5,"robbery_agg":4,"robbery_common":2,"assault_gbh":44,"assault_common":53,"burglary_res":20,"burglary_nonres":6,"theft_vehicle":1,"theft_from_vehicle":11,"carjacking":0,"house_robbery":0,"business_robbery":0,"drugs":75,"firearms":2},"previous":{"all17":283,"contact":116,"property":56,"murder":1,"attempted_murder":3,"sexual":5,"robbery_agg":2,"robbery_common":4,"assault_gbh":42,"assault_common":59,"burglary_res":28,"burglary_nonres":14,"theft_vehicle":0,"theft_from_vehicle":13,"carjacking":0,"house_robbery":0,"business_robbery":0,"drugs":54,"firearms":0},"rates":{"all17":2387.8,"contact":1068.7,"property":365.9,"murder":9.6,"attempted_murder":19.3,"sexual":48.1,"robbery_agg":38.5,"robbery_common":19.3,"assault_gbh":423.6,"assault_common":510.3,"burglary_res":192.6,"burglary_nonres":57.8,"theft_vehicle":9.6,"theft_from_vehicle":105.9,"carjacking":0.0,"house_robbery":0.0,"business_robbery":0.0,"drugs":722.1,"firearms":19.3}},"geometry":{"type":"Polygon","coordinates":[[[18.51115,-32.94567],[18.50811,-32.9482],[18.50609,-32.94852],[18.50044,-32.9462],[18.49769,-32.94577],[18.49528,-32.94771],[18.49271,-32.95256],[18.4891,-32.95389],[18.48483,-32.95186],[18.47948,-32.95082],[18.47776,-32.94995],[18.47341,-32.94568],[18.47011,-32.94475],[18.46262,-32.94956],[18.46043,-32.95251],[18.45804,-32.95441],[18.45631,-32.95466],[18.45481,-32.95361],[18.4539,-32.95151],[18.45476,-32.94475],[18.45602,-32.94171],[18.45482,-32.93867],[18.4536,-32.93836],[18.45035,-32.93924],[18.44537,-32.93806],[18.44439,-32.93838],[18.44367,-32.93978],[18.44386,-32.94236],[18.4451,-32.94528],[18.4443,-32.94626],[18.4381,-32.94664],[18.43416,-32.94536],[18.42703,-32.94575],[18.4237,-32.94469],[18.41707,-32.94867],[18.41545,-32.95124],[18.41575,-32.95343],[18.41495,-32.95361],[18.41312,-32.95287],[18.4125,-32.95186],[18.41255,-32.94914],[18.41137,-32.94396],[18.40961,-32.9429],[18.40571,-32.94322],[18.40348,-32.94446],[18.40283,-32.94826],[18.39969,-32.95403],[18.39964,-32.95755],[18.38758,-32.95871],[18.38352,-32.95766],[18.37945,-32.9584],[18.37777,-32.95703],[18.37438,-32.95768],[18.37346,-32.95861],[18.37121,-32.95755],[18.36885,-32.95756],[18.36822,-32.95704],[18.36821,-32.95533],[18.37012,-32.94567],[18.36823,-32.94079],[18.36908,-32.93768],[18.36683,-32.93807],[18.36652,-32.93995],[18.36504,-32.94236],[18.3616,-32.94445],[18.35852,-32.94371],[18.3544,-32.94387],[18.34212,-32.94254],[18.34008,-32.94301],[18.34096,-32.94519],[18.33781,-32.94596],[18.33536,-32.94539],[18.33269,-32.94187],[18.33105,-32.93786],[18.33085,-32.93279],[18.33149,-32.93065],[18.3293,-32.92827],[18.32946,-32.92637],[18.33175,-32.92427],[18.33366,-32.92541],[18.33498,-32.92485],[18.33858,-32.92495],[18.34092,-32.92385],[18.33797,-32.91865],[18.33834,-32.9169],[18.34017,-32.91448],[18.33955,-32.91349],[18.33552,-32.91122],[18.33471,-32.90714],[18.32786,-32.9036],[18.32228,-32.90443],[18.3207,-32.90389],[18.31954,-32.90256],[18.31605,-32.90369],[18.31354,-32.90617],[18.30793,-32.90655],[18.30464,-32.90885],[18.29928,-32.90593],[18.29899,-32.9027],[18.29946,-32.9009],[18.30436,-32.89675],[18.30648,-32.89613],[18.31177,-32.89664],[18.31477,-32.89585],[18.31675,-32.89437],[18.31722,-32.89265],[18.31555,-32.89129],[18.30668,-32.88845],[18.30272,-32.88834],[18.29764,-32.89186],[18.29159,-32.88858],[18.2907,-32.88604],[18.29185,-32.88127],[18.29533,-32.87796],[18.29783,-32.8766],[18.29847,-32.87361],[18.29773,-32.87218],[18.29487,-32.87023],[18.29205,-32.87007],[18.2877,-32.87107],[18.28481,-32.86983],[18.28418,-32.86524],[18.28549,-32.86022],[18.28465,-32.85905],[18.28047,-32.85813],[18.2761,-32.85808],[18.27464,-32.85856],[18.2712,-32.86158],[18.26466,-32.8614],[18.26333,-32.86249],[18.26326,-32.86471],[18.2642,-32.86723],[18.26612,-32.86854],[18.26552,-32.87142],[18.26417,-32.87203],[18.25768,-32.87258],[18.25372,-32.87192],[18.25262,-32.8697],[18.24998,-32.86817],[18.24806,-32.86863],[18.24439,-32.87158],[18.241,-32.87104],[18.23727,-32.86791],[18.23328,-32.86239],[18.23083,-32.86153],[18.20312,-32.86937],[18.18182,-32.86543],[18.17094,-32.86403],[18.16422,-32.88821],[18.15615,-32.89837],[18.13404,-32.91531],[18.12776,-32.93652],[18.15667,-32.9619],[18.14908,-32.96765],[18.13736,-32.97389],[18.14302,-32.98008],[18.13452,-32.99031],[18.13092,-32.99195],[18.13179,-32.99701],[18.1256,-33.02984],[18.15381,-33.03287],[18.20053,-33.06883],[18.18264,-33.11356],[18.22103,-33.15204],[18.24443,-33.15326],[18.28796,-33.12994],[18.30847,-33.17983],[18.32771,-33.16354],[18.36381,-33.16014],[18.36805,-33.15531],[18.39393,-33.18591],[18.40681,-33.19401],[18.42015,-33.19211],[18.44671,-33.20898],[18.44441,-33.21796],[18.4994,-33.2275],[18.51697,-33.19823],[18.50485,-33.17763],[18.49093,-33.16683],[18.48718,-33.15857],[18.49777,-33.14526],[18.49417,-33.14298],[18.49452,-33.12621],[18.50264,-33.12367],[18.50654,-33.11677],[18.50506,-33.11074],[18.53527,-33.08171],[18.52058,-33.05778],[18.50401,-33.04628],[18.5129,-33.04417],[18.53846,-33.03461],[18.53157,-33.01141],[18.53862,-33.005],[18.53142,-32.98237],[18.52048,-32.95616],[18.51115,-32.94567]]]}},{"type":"Feature","id":"Brackenfell","properties":{"name":"Brackenfell","includes":["Brackenfell"],"district":"City of Cape Town","population":55326,"rate_reliable":true,"counts":{"all17":2616,"contact":329,"property":545,"murder":2,"attempted_murder":9,"sexual":31,"robbery_agg":78,"robbery_common":46,"assault_gbh":28,"assault_common":135,"burglary_res":134,"burglary_nonres":52,"theft_vehicle":75,"theft_from_vehicle":283,"carjacking":12,"house_robbery":12,"business_robbery":3,"drugs":66,"firearms":2},"previous":{"all17":2568,"contact":320,"property":527,"murder":7,"attempted_murder":8,"sexual":22,"robbery_agg":73,"robbery_common":38,"assault_gbh":19,"assault_common":153,"burglary_res":159,"burglary_nonres":48,"theft_vehicle":75,"theft_from_vehicle":245,"carjacking":3,"house_robbery":10,"business_robbery":3,"drugs":51,"firearms":4},"rates":{"all17":4728.3,"contact":594.7,"property":985.1,"murder":3.6,"attempted_murder":16.3,"sexual":56.0,"robbery_agg":141.0,"robbery_common":83.1,"assault_gbh":50.6,"assault_common":244.0,"burglary_res":242.2,"burglary_nonres":94.0,"theft_vehicle":135.6,"theft_from_vehicle":511.5,"carjacking":21.7,"house_robbery":21.7,"business_robbery":5.4,"drugs":119.3,"firearms":3.6}},"geometry":{"type":"Polygon","coordinates":[[[18.74579,-33.87099],[18.73476,-33.8716],[18.73029,-33.8742],[18.72864,-33.87409],[18.72611,-33.87892],[18.72488,-33.87739],[18.71963,-33.88045],[18.71948,-33.8756],[18.71085,-33.87604],[18.70627,-33.87111],[18.70681,-33.87076],[18.70474,-33.86854],[18.71784,-33.86004],[18.6987,-33.85924],[18.69804,-33.84743],[18.6919,-33.8464],[18.68625,-33.84452],[18.68531,-33.84785],[18.68281,-33.85011],[18.66845,-33.84921],[18.6691,-33.85132],[18.66782,-33.85757],[18.66909,-33.86311],[18.6684,-33.86404],[18.66941,-33.86738],[18.66876,-33.86952],[18.67143,-33.87231],[18.6753,-33.88635],[18.67153,-33.88763],[18.67312,-33.89329],[18.66476,-33.91183],[18.67045,-33.9102],[18.67218,-33.90734],[18.67981,-33.908],[18.68462,-33.90705],[18.68506,-33.90853],[18.68646,-33.90975],[18.699,-33.91933],[18.70663,-33.92371],[18.71088,-33.92106],[18.72497,-33.92576],[18.72757,-33.92454],[18.73335,-33.9296],[18.73985,-33.93273],[18.74532,-33.93144],[18.75364,-33.92605],[18.7673,-33.92597],[18.77869,-33.91017],[18.7779,-33.90792],[18.77577,-33.90588],[18.77473,-33.90749],[18.76044,-33.90375],[18.75121,-33.89358],[18.7533,-33.88497],[18.74576,-33.87386],[18.74579,-33.87099]]]}},{"type":"Feature","id":"Stellenbosch","properties":{"name":"Stellenbosch","includes":["Stellenbosch"],"district":"Cape Winelands","population":65043,"rate_reliable":true,"counts":{"all17":5182,"contact":1693,"property":1418,"murder":56,"attempted_murder":80,"sexual":103,"robbery_agg":444,"robbery_common":208,"assault_gbh":249,"assault_common":553,"burglary_res":433,"burglary_nonres":91,"theft_vehicle":133,"theft_from_vehicle":759,"carjacking":7,"house_robbery":41,"business_robbery":8,"drugs":920,"firearms":16},"previous":{"all17":6098,"contact":1792,"property":1900,"murder":48,"attempted_murder":110,"sexual":118,"robbery_agg":434,"robbery_common":261,"assault_gbh":268,"assault_common":553,"burglary_res":468,"burglary_nonres":119,"theft_vehicle":144,"theft_from_vehicle":1164,"carjacking":11,"house_robbery":57,"business_robbery":24,"drugs":828,"firearms":22},"rates":{"all17":7967.0,"contact":2602.9,"property":2180.1,"murder":86.1,"attempted_murder":123.0,"sexual":158.4,"robbery_agg":682.6,"robbery_common":319.8,"assault_gbh":382.8,"assault_common":850.2,"burglary_res":665.7,"burglary_nonres":139.9,"theft_vehicle":204.5,"theft_from_vehicle":1166.9,"carjacking":10.8,"house_robbery":63.0,"business_robbery":12.3,"drugs":1414.4,"firearms":24.6}},"geometry":{"type":"Polygon","coordinates":[[[18.90684,-33.86267],[18.88489,-33.84628],[18.87026,-33.84839],[18.87199,-33.84018],[18.86166,-33.82882],[18.86229,-33.82636],[18.85282,-33.82677],[18.85405,-33.83034],[18.82814,-33.83151],[18.82674,-33.83356],[18.823,-33.83446],[18.8159,-33.83272],[18.80969,-33.8333],[18.79922,-33.83205],[18.78116,-33.85644],[18.77311,-33.85037],[18.7711,-33.84433],[18.75326,-33.84986],[18.75744,-33.85596],[18.74639,-33.85937],[18.74584,-33.86017],[18.74576,-33.87386],[18.7533,-33.88497],[18.75121,-33.89358],[18.76044,-33.90375],[18.77473,-33.90749],[18.77577,-33.90588],[18.7779,-33.90792],[18.77869,-33.91017],[18.7673,-33.92597],[18.75364,-33.92605],[18.74408,-33.93223],[18.74243,-33.93641],[18.73985,-33.93577],[18.73996,-33.93808],[18.73686,-33.94046],[18.7387,-33.94274],[18.73862,-33.95324],[18.74177,-33.95328],[18.74291,-33.95743],[18.74213,-33.9565],[18.74153,-33.95667],[18.73818,-33.96016],[18.73218,-33.9633],[18.73354,-33.96584],[18.72922,-33.96738],[18.72831,-33.96921],[18.73013,-33.9689],[18.74071,-33.98404],[18.74554,-33.98718],[18.7483,-33.9922],[18.75468,-33.99476],[18.74639,-33.99833],[18.75177,-34.00521],[18.74884,-34.0061],[18.74492,-34.00629],[18.73656,-34.00421],[18.73499,-34.0054],[18.73576,-34.0086],[18.7421,-34.02121],[18.72896,-34.0308],[18.72361,-34.03868],[18.73233,-34.04222],[18.73799,-34.04295],[18.74758,-34.03069],[18.74954,-34.02722],[18.75083,-34.02788],[18.75183,-34.02952],[18.75515,-34.03025],[18.75671,-34.02753],[18.76564,-34.02758],[18.76632,-34.0286],[18.76857,-34.02817],[18.77513,-34.02904],[18.79123,-34.02096],[18.79304,-34.02243],[18.79502,-34.02095],[18.79878,-34.01499],[18.80159,-34.01369],[18.80811,-34.01349],[18.81567,-34.02071],[18.81806,-34.02117],[18.81801,-34.01969],[18.82031,-34.01995],[18.83087,-34.02232],[18.83094,-34.02342],[18.83369,-34.02365],[18.84304,-34.02382],[18.84975,-34.02321],[18.85241,-34.02366],[18.86637,-34.03192],[18.87262,-34.02861],[18.88032,-34.02301],[18.88333,-34.02602],[18.88562,-34.02721],[18.89247,-34.02545],[18.89714,-34.02618],[18.90224,-34.02292],[18.90982,-34.02057],[18.91036,-34.01922],[18.9123,-34.01782],[18.92292,-34.01332],[18.92169,-34.01249],[18.91816,-34.01178],[18.91748,-34.0102],[18.91809,-34.00805],[18.92128,-34.00346],[18.92736,-33.9997],[18.93159,-34.00214],[18.94359,-34.00343],[18.94482,-34.00503],[18.9539,-34.00898],[18.96197,-34.01608],[18.96555,-34.01836],[18.96965,-34.01978],[18.98718,-34.03519],[19.02644,-34.0205],[19.02183,-33.99991],[19.04018,-33.99899],[18.97909,-33.91469],[18.96955,-33.91981],[18.96563,-33.93199],[18.98224,-33.94917],[18.9767,-33.95521],[18.95058,-33.94564],[18.93071,-33.93553],[18.92505,-33.93145],[18.92578,-33.93065],[18.92139,-33.92982],[18.91987,-33.9189],[18.91668,-33.92316],[18.91214,-33.92014],[18.90878,-33.92291],[18.90711,-33.92536],[18.90447,-33.92505],[18.90181,-33.92561],[18.89919,-33.92507],[18.89544,-33.92655],[18.88046,-33.92482],[18.87219,-33.92464],[18.87013,-33.92306],[18.8666,-33.92249],[18.86493,-33.92112],[18.86334,-33.92096],[18.8593,-33.92232],[18.85797,-33.9221],[18.85612,-33.92432],[18.85451,-33.92505],[18.85417,-33.92632],[18.85213,-33.92599],[18.85149,-33.92646],[18.85103,-33.92818],[18.85206,-33.93221],[18.84513,-33.93271],[18.8346,-33.91921],[18.8472,-33.91243],[18.84697,-33.91134],[18.83306,-33.90928],[18.84251,-33.90449],[18.84037,-33.90221],[18.84305,-33.90161],[18.85037,-33.89824],[18.85268,-33.89907],[18.85878,-33.89807],[18.85915,-33.90481],[18.86881,-33.9042],[18.87266,-33.90261],[18.87768,-33.90158],[18.87933,-33.90241],[18.8797,-33.90017],[18.88629,-33.9015],[18.90029,-33.88918],[18.90395,-33.88257],[18.89855,-33.88119],[18.89906,-33.87969],[18.89451,-33.88259],[18.8936,-33.87375],[18.90767,-33.87581],[18.90029,-33.86629],[18.90684,-33.86267]]]}},{"type":"Feature","id":"Mcgregor","properties":{"name":"Mcgregor","includes":["Mcgregor"],"district":"Cape Winelands","population":7999,"rate_reliable":true,"counts":{"all17":230,"contact":129,"property":47,"murder":2,"attempted_murder":1,"sexual":8,"robbery_agg":2,"robbery_common":5,"assault_gbh":52,"assault_common":59,"burglary_res":33,"burglary_nonres":4,"theft_vehicle":0,"theft_from_vehicle":9,"carjacking":0,"house_robbery":0,"business_robbery":1,"drugs":60,"firearms":1},"previous":{"all17":374,"contact":169,"property":111,"murder":0,"attempted_murder":3,"sexual":9,"robbery_agg":7,"robbery_common":4,"assault_gbh":43,"assault_common":103,"burglary_res":75,"burglary_nonres":5,"theft_vehicle":0,"theft_from_vehicle":29,"carjacking":1,"house_robbery":1,"business_robbery":0,"drugs":58,"firearms":0},"rates":{"all17":2875.4,"contact":1612.7,"property":587.6,"murder":25.0,"attempted_murder":12.5,"sexual":100.0,"robbery_agg":25.0,"robbery_common":62.5,"assault_gbh":650.1,"assault_common":737.6,"burglary_res":412.6,"burglary_nonres":50.0,"theft_vehicle":0.0,"theft_from_vehicle":112.5,"carjacking":0.0,"house_robbery":0.0,"business_robbery":12.5,"drugs":750.1,"firearms":12.5}},"geometry":{"type":"Polygon","coordinates":[[[19.93821,-33.9157],[19.9373,-33.90023],[19.92816,-33.89538],[19.89265,-33.8894],[19.88497,-33.87275],[19.88117,-33.87136],[19.87965,-33.87688],[19.87856,-33.87669],[19.87743,-33.87411],[19.87474,-33.87154],[19.87412,-33.8701],[19.8749,-33.86265],[19.87845,-33.86101],[19.88106,-33.85848],[19.87919,-33.85583],[19.87747,-33.84686],[19.87677,-33.85037],[19.87018,-33.85544],[19.86679,-33.86094],[19.86533,-33.86496],[19.84659,-33.86087],[19.84343,-33.86427],[19.84145,-33.87245],[19.81439,-33.8911],[19.79739,-33.8986],[19.79177,-33.8994],[19.76999,-33.91441],[19.76765,-33.9189],[19.76219,-33.92614],[19.75361,-33.93317],[19.75261,-33.94067],[19.73319,-33.95206],[19.71329,-33.96114],[19.70684,-33.97361],[19.67679,-34.00804],[19.68071,-34.00907],[19.70018,-34.04633],[19.71483,-34.04891],[19.73503,-34.04109],[19.75526,-34.05434],[19.81035,-34.05536],[19.85363,-34.06325],[19.88555,-34.06609],[19.90627,-34.0761],[19.93581,-34.07587],[19.98659,-34.07811],[19.98932,-34.08543],[20.0075,-34.09385],[20.01085,-34.0915],[20.00855,-34.06382],[20.00594,-34.04416],[19.98737,-34.04334],[19.98776,-34.04102],[19.98471,-34.04101],[19.98499,-34.04357],[19.97503,-34.04268],[19.9633,-34.03796],[19.96158,-34.0393],[19.96109,-34.04151],[19.95962,-34.04172],[19.95712,-34.04616],[19.93356,-34.04993],[19.92805,-34.04673],[19.93798,-34.03505],[19.94562,-34.03078],[19.95205,-34.02134],[19.96296,-34.01342],[19.9614,-34.01227],[19.96853,-33.9861],[19.98453,-33.96944],[19.9636,-33.93879],[19.95495,-33.93158],[19.9436,-33.9277],[19.93868,-33.92799],[19.93795,-33.92513],[19.93821,-33.9157]]]}},{"type":"Feature","id":"Stanford","properties":{"name":"Stanford","includes":["Stanford"],"district":"Overberg","population":6846,"rate_reliable":true,"counts":{"all17":289,"contact":83,"property":84,"murder":1,"attempted_murder":2,"sexual":10,"robbery_agg":4,"robbery_common":1,"assault_gbh":29,"assault_common":36,"burglary_res":51,"burglary_nonres":19,"theft_vehicle":0,"theft_from_vehicle":12,"carjacking":0,"house_robbery":1,"business_robbery":1,"drugs":240,"firearms":0},"previous":{"all17":338,"contact":113,"property":98,"murder":1,"attempted_murder":6,"sexual":5,"robbery_agg":5,"robbery_common":6,"assault_gbh":43,"assault_common":47,"burglary_res":66,"burglary_nonres":19,"theft_vehicle":2,"theft_from_vehicle":11,"carjacking":0,"house_robbery":3,"business_robbery":1,"drugs":236,"firearms":1},"rates":{"all17":4221.4,"contact":1212.4,"property":1227.0,"murder":14.6,"attempted_murder":29.2,"sexual":146.1,"robbery_agg":58.4,"robbery_common":14.6,"assault_gbh":423.6,"assault_common":525.9,"burglary_res":745.0,"burglary_nonres":277.5,"theft_vehicle":0.0,"theft_from_vehicle":175.3,"carjacking":0.0,"house_robbery":14.6,"business_robbery":14.6,"drugs":3505.7,"firearms":0.0}},"geometry":{"type":"Polygon","coordinates":[[[19.30384,-34.42386],[19.31193,-34.43163],[19.31732,-34.43522],[19.31994,-34.43842],[19.3264,-34.44397],[19.339,-34.45856],[19.34605,-34.46774],[19.35377,-34.4789],[19.365,-34.49865],[19.37198,-34.51565],[19.37225,-34.51747],[19.37172,-34.51898],[19.42383,-34.52428],[19.42922,-34.52596],[19.45142,-34.54132],[19.46127,-34.54514],[19.46995,-34.53899],[19.48429,-34.53848],[19.5248,-34.53539],[19.53045,-34.54103],[19.56194,-34.55495],[19.56752,-34.54261],[19.5981,-34.54045],[19.67304,-34.5141],[19.62788,-34.49799],[19.62862,-34.48649],[19.64262,-34.47813],[19.65398,-34.47606],[19.66297,-34.45876],[19.68332,-34.44944],[19.69471,-34.45998],[19.70277,-34.44356],[19.6959,-34.43217],[19.6747,-34.43073],[19.6669,-34.42079],[19.66375,-34.4166],[19.66781,-34.3974],[19.62464,-34.40314],[19.61725,-34.3993],[19.62086,-34.39433],[19.59043,-34.39047],[19.54897,-34.3957],[19.55603,-34.38967],[19.52451,-34.39025],[19.49517,-34.39976],[19.44623,-34.39082],[19.40301,-34.37553],[19.39222,-34.37992],[19.35168,-34.38749],[19.34835,-34.39277],[19.37908,-34.38545],[19.37408,-34.39768],[19.37544,-34.4096],[19.37638,-34.41261],[19.36895,-34.41303],[19.35184,-34.41611],[19.34128,-34.41652],[19.33057,-34.41473],[19.32741,-34.41271],[19.32303,-34.41157],[19.31589,-34.41157],[19.31167,-34.41335],[19.30948,-34.41563],[19.30461,-34.41717],[19.30445,-34.41847],[19.30591,-34.41936],[19.3064,-34.42089],[19.30551,-34.42316],[19.30384,-34.42386]]]}},{"type":"Feature","id":"Table View","properties":{"name":"Table View","includes":["Table View"],"district":"City of Cape Town","population":106923,"rate_reliable":true,"counts":{"all17":4809,"contact":1359,"property":989,"murder":34,"attempted_murder":35,"sexual":88,"robbery_agg":288,"robbery_common":257,"assault_gbh":137,"assault_common":520,"burglary_res":386,"burglary_nonres":10,"theft_vehicle":63,"theft_from_vehicle":530,"carjacking":7,"house_robbery":36,"business_robbery":10,"drugs":521,"firearms":6},"previous":{"all17":4375,"contact":1079,"property":974,"murder":28,"attempted_murder":29,"sexual":68,"robbery_agg":194,"robbery_common":192,"assault_gbh":120,"assault_common":448,"burglary_res":394,"burglary_nonres":21,"theft_vehicle":72,"theft_from_vehicle":486,"carjacking":7,"house_robbery":27,"business_robbery":9,"drugs":437,"firearms":7},"rates":{"all17":4497.6,"contact":1271.0,"property":925.0,"murder":31.8,"attempted_murder":32.7,"sexual":82.3,"robbery_agg":269.4,"robbery_common":240.4,"assault_gbh":128.1,"assault_common":486.3,"burglary_res":361.0,"burglary_nonres":9.4,"theft_vehicle":58.9,"theft_from_vehicle":495.7,"carjacking":6.5,"house_robbery":33.7,"business_robbery":9.4,"drugs":487.3,"firearms":5.6}},"geometry":{"type":"Polygon","coordinates":[[[18.4427,-33.76244],[18.44717,-33.77488],[18.44682,-33.77556],[18.45424,-33.79037],[18.45611,-33.79236],[18.45821,-33.79654],[18.45856,-33.79921],[18.45797,-33.80022],[18.45935,-33.80244],[18.46736,-33.80859],[18.47529,-33.82043],[18.48265,-33.83511],[18.4848,-33.8351],[18.4883,-33.84383],[18.49581,-33.8511],[18.49765,-33.85686],[18.49979,-33.85857],[18.50756,-33.84855],[18.51715,-33.84289],[18.51894,-33.84019],[18.52433,-33.84167],[18.52612,-33.83422],[18.5296,-33.82635],[18.53844,-33.81416],[18.54614,-33.80579],[18.5481,-33.80449],[18.54777,-33.79108],[18.54889,-33.78489],[18.54842,-33.77854],[18.54947,-33.77472],[18.53787,-33.77146],[18.52652,-33.77401],[18.51791,-33.75661],[18.50531,-33.74148],[18.49384,-33.75098],[18.47302,-33.75415],[18.47296,-33.76001],[18.46865,-33.76095],[18.46865,-33.76217],[18.46059,-33.76228],[18.45796,-33.75763],[18.4427,-33.76244]]]}},{"type":"Feature","id":"Mbekweni","properties":{"name":"Mbekweni","includes":["Mbekweni"],"district":"Cape Winelands","population":75432,"rate_reliable":true,"counts":{"all17":1728,"contact":970,"property":215,"murder":26,"attempted_murder":22,"sexual":64,"robbery_agg":142,"robbery_common":91,"assault_gbh":303,"assault_common":322,"burglary_res":110,"burglary_nonres":20,"theft_vehicle":19,"theft_from_vehicle":66,"carjacking":17,"house_robbery":21,"business_robbery":3,"drugs":148,"firearms":3},"previous":{"all17":1555,"contact":841,"property":172,"murder":26,"attempted_murder":28,"sexual":62,"robbery_agg":97,"robbery_common":58,"assault_gbh":298,"assault_common":272,"burglary_res":96,"burglary_nonres":12,"theft_vehicle":15,"theft_from_vehicle":47,"carjacking":9,"house_robbery":11,"business_robbery":2,"drugs":81,"firearms":5},"rates":{"all17":2290.8,"contact":1285.9,"property":285.0,"murder":34.5,"attempted_murder":29.2,"sexual":84.8,"robbery_agg":188.2,"robbery_common":120.6,"assault_gbh":401.7,"assault_common":426.9,"burglary_res":145.8,"burglary_nonres":26.5,"theft_vehicle":25.2,"theft_from_vehicle":87.5,"carjacking":22.5,"house_robbery":27.8,"business_robbery":4.0,"drugs":196.2,"firearms":4.0}},"geometry":{"type":"Polygon","coordinates":[[[18.98319,-33.66838],[18.98472,-33.67147],[18.98414,-33.67229],[18.97978,-33.67343],[18.97835,-33.67529],[18.97571,-33.6769],[18.97559,-33.67858],[18.97711,-33.68142],[18.97441,-33.68618],[18.97488,-33.68978],[18.98024,-33.69738],[18.98823,-33.70125],[18.99431,-33.6879],[18.99582,-33.68736],[19.00433,-33.69177],[19.00727,-33.69511],[19.01049,-33.6973],[19.01263,-33.69414],[19.01575,-33.69323],[19.01565,-33.68994],[19.01731,-33.68541],[19.01713,-33.68446],[19.01124,-33.67846],[19.00496,-33.66814],[19.00066,-33.66695],[19.00039,-33.66845],[18.99,-33.66981],[18.98508,-33.66789],[18.98319,-33.66838]]]}},{"type":"Feature","id":"Heidelberg(C)","properties":{"name":"Heidelberg(C)","includes":["Heidelberg(C)"],"district":"Garden Route","population":22279,"rate_reliable":true,"counts":{"all17":536,"contact":226,"property":119,"murder":2,"attempted_murder":7,"sexual":13,"robbery_agg":4,"robbery_common":2,"assault_gbh":72,"assault_common":126,"burglary_res":73,"burglary_nonres":16,"theft_vehicle":0,"theft_from_vehicle":8,"carjacking":0,"house_robbery":2,"business_robbery":0,"drugs":408,"firearms":2},"previous":{"all17":833,"contact":354,"property":166,"murder":2,"attempted_murder":5,"sexual":18,"robbery_agg":14,"robbery_common":9,"assault_gbh":121,"assault_common":185,"burglary_res":88,"burglary_nonres":33,"theft_vehicle":2,"theft_from_vehicle":17,"carjacking":0,"house_robbery":2,"business_robbery":2,"drugs":225,"firearms":5},"rates":{"all17":2405.9,"contact":1014.4,"property":534.1,"murder":9.0,"attempted_murder":31.4,"sexual":58.4,"robbery_agg":18.0,"robbery_common":9.0,"assault_gbh":323.2,"assault_common":565.6,"burglary_res":327.7,"burglary_nonres":71.8,"theft_vehicle":0.0,"theft_from_vehicle":35.9,"carjacking":0.0,"house_robbery":9.0,"business_robbery":0.0,"drugs":1831.3,"firearms":9.0}},"geometry":{"type":"Polygon","coordinates":[[[20.9388,-33.92491],[20.87671,-33.91792],[20.82458,-33.94091],[20.81646,-33.94017],[20.80663,-33.94637],[20.72745,-33.95275],[20.7069,-33.95512],[20.7068,-33.95939],[20.70254,-33.96091],[20.70236,-33.96412],[20.70338,-33.96817],[20.70101,-33.96986],[20.7008,-33.97129],[20.69832,-33.97429],[20.70397,-33.97786],[20.70829,-33.97843],[20.70862,-33.98126],[20.7077,-33.98242],[20.70867,-33.98375],[20.70878,-33.98699],[20.7096,-33.98827],[20.71572,-33.9879],[20.71689,-33.9871],[20.71412,-33.98931],[20.71118,-33.98846],[20.70542,-33.99069],[20.70371,-33.99517],[20.70385,-33.99894],[20.70405,-34.00028],[20.70815,-34.00735],[20.70812,-34.00992],[20.71027,-34.01014],[20.71151,-34.01165],[20.7091,-34.01739],[20.70883,-34.01941],[20.71539,-34.02554],[20.71581,-34.02663],[20.71714,-34.03669],[20.71545,-34.04136],[20.71536,-34.04778],[20.71776,-34.05157],[20.71842,-34.05525],[20.72141,-34.05952],[20.72439,-34.06627],[20.72228,-34.07151],[20.72304,-34.07317],[20.7268,-34.07723],[20.72911,-34.08132],[20.72841,-34.08253],[20.72693,-34.08328],[20.72703,-34.08664],[20.72355,-34.08641],[20.7192,-34.08738],[20.71791,-34.08856],[20.71734,-34.09155],[20.70289,-34.08792],[20.70457,-34.09067],[20.69314,-34.10111],[20.69103,-34.08905],[20.6873,-34.08737],[20.67732,-34.08761],[20.67696,-34.08996],[20.67411,-34.09172],[20.67198,-34.0957],[20.67099,-34.09942],[20.67161,-34.10129],[20.66788,-34.1072],[20.66375,-34.10981],[20.65874,-34.11037],[20.65444,-34.11394],[20.64876,-34.11931],[20.64753,-34.12595],[20.64754,-34.12725],[20.65043,-34.12975],[20.65211,-34.13246],[20.65586,-34.135],[20.65557,-34.13891],[20.65917,-34.14581],[20.66779,-34.15193],[20.67233,-34.15624],[20.67488,-34.15988],[20.67599,-34.16292],[20.67749,-34.16426],[20.70833,-34.17221],[20.70613,-34.17662],[20.69697,-34.18429],[20.68654,-34.18734],[20.66132,-34.1886],[20.66552,-34.19267],[20.66657,-34.20031],[20.66946,-34.20388],[20.66887,-34.20636],[20.6695,-34.20988],[20.67217,-34.21341],[20.65286,-34.2235],[20.63929,-34.23423],[20.63775,-34.24285],[20.65026,-34.25382],[20.64904,-34.25856],[20.64672,-34.26215],[20.63809,-34.27095],[20.62292,-34.27486],[20.61645,-34.27879],[20.62943,-34.30082],[20.61968,-34.30763],[20.62226,-34.31383],[20.62238,-34.31504],[20.62112,-34.31768],[20.61321,-34.31962],[20.60704,-34.32189],[20.60383,-34.32554],[20.6037,-34.32862],[20.6044,-34.3319],[20.60364,-34.3358],[20.601,-34.3404],[20.59684,-34.34518],[20.59558,-34.34927],[20.59603,-34.35096],[20.59785,-34.3521],[20.60156,-34.35236],[20.60603,-34.35034],[20.60754,-34.34707],[20.60893,-34.34581],[20.62176,-34.34304],[20.62975,-34.34442],[20.63573,-34.35254],[20.63903,-34.35481],[20.64621,-34.35556],[20.65167,-34.34958],[20.65363,-34.34832],[20.65672,-34.34795],[20.67254,-34.34851],[20.68154,-34.3475],[20.68507,-34.34637],[20.68683,-34.34744],[20.68739,-34.35562],[20.69035,-34.35877],[20.694,-34.36047],[20.69771,-34.36097],[20.70891,-34.36569],[20.71354,-34.36981],[20.71625,-34.37346],[20.72071,-34.3778],[20.7238,-34.37931],[20.72625,-34.38184],[20.73572,-34.38742],[20.74869,-34.39202],[20.76014,-34.39309],[20.76816,-34.39522],[20.78202,-34.40208],[20.79194,-34.40598],[20.79609,-34.40749],[20.80119,-34.40768],[20.81069,-34.40384],[20.81786,-34.40208],[20.8201,-34.40208],[20.82021,-34.39842],[20.8247,-34.39701],[20.83291,-34.39746],[20.84123,-34.39625],[20.84528,-34.39645],[20.8466,-34.39684],[20.8472,-34.39774],[20.84737,-34.40154],[20.84905,-34.40164],[20.84987,-34.40033],[20.8545,-34.39841],[20.8608,-34.39432],[20.86691,-34.39136],[20.88092,-34.38209],[20.8895,-34.37775],[20.90326,-34.3729],[20.91264,-34.37094],[20.91636,-34.36953],[20.93437,-34.366],[20.93576,-34.36663],[20.93704,-34.36596],[20.93983,-34.36647],[20.94281,-34.3657],[20.94603,-34.36633],[20.94647,-34.36573],[20.95019,-34.36566],[20.95176,-34.36639],[20.9532,-34.36559],[20.95921,-34.3652],[20.9657,-34.36565],[20.97137,-34.36511],[20.97801,-34.36542],[20.97858,-34.36593],[20.98312,-34.36491],[20.98461,-34.3654],[20.99263,-34.3648],[21.00045,-34.36522],[21.00541,-34.36313],[21.00745,-34.3594],[21.00807,-34.35141],[21.00684,-34.35013],[21.00344,-34.34962],[21.00186,-34.34853],[21.00214,-34.34552],[21.00285,-34.34424],[21.00674,-34.34185],[21.01353,-34.34266],[21.01536,-34.34235],[21.01873,-34.34037],[21.02664,-34.33784],[21.02652,-34.33629],[21.02111,-34.32986],[21.01816,-34.3242],[21.01612,-34.32375],[21.00965,-34.32462],[21.00497,-34.32025],[21.00595,-34.31888],[21.01258,-34.31744],[21.01562,-34.31527],[21.01902,-34.31385],[21.01248,-34.30563],[21.01218,-34.29943],[21.02889,-34.28979],[21.01601,-34.26617],[21.03082,-34.24265],[21.00535,-34.22866],[21.04173,-34.21551],[21.02288,-34.20129],[21.02141,-34.18642],[21.02474,-34.18071],[21.08036,-34.16952],[21.07992,-34.14689],[21.11341,-34.12936],[21.10939,-34.10269],[21.09594,-34.0929],[21.11487,-34.07608],[21.11392,-34.06618],[21.11204,-34.05793],[21.08686,-34.04962],[21.08066,-34.02305],[21.07129,-34.0197],[21.04624,-34.00555],[21.04108,-33.99468],[21.04515,-33.98257],[21.04761,-33.97973],[21.05661,-33.97287],[21.06557,-33.96969],[21.07747,-33.96997],[21.08306,-33.95659],[21.09446,-33.94722],[21.06949,-33.93728],[21.06206,-33.93073],[21.05001,-33.93006],[21.0292,-33.93309],[21.00102,-33.93184],[20.98224,-33.93901],[20.93408,-33.94757],[20.9388,-33.92491]]]}},{"type":"Feature","id":"Plettenberg Bay","properties":{"name":"Plettenberg Bay","includes":["Plettenberg Bay"],"district":"Garden Route","population":32289,"rate_reliable":true,"counts":{"all17":1409,"contact":502,"property":326,"murder":9,"attempted_murder":2,"sexual":40,"robbery_agg":25,"robbery_common":15,"assault_gbh":196,"assault_common":215,"burglary_res":173,"burglary_nonres":43,"theft_vehicle":10,"theft_from_vehicle":100,"carjacking":0,"house_robbery":5,"business_robbery":2,"drugs":300,"firearms":1},"previous":{"all17":1357,"contact":445,"property":298,"murder":3,"attempted_murder":1,"sexual":40,"robbery_agg":19,"robbery_common":16,"assault_gbh":196,"assault_common":170,"burglary_res":182,"burglary_nonres":44,"theft_vehicle":4,"theft_from_vehicle":67,"carjacking":0,"house_robbery":3,"business_robbery":2,"drugs":249,"firearms":2},"rates":{"all17":4363.7,"contact":1554.7,"property":1009.6,"murder":27.9,"attempted_murder":6.2,"sexual":123.9,"robbery_agg":77.4,"robbery_common":46.5,"assault_gbh":607.0,"assault_common":665.9,"burglary_res":535.8,"burglary_nonres":133.2,"theft_vehicle":31.0,"theft_from_vehicle":309.7,"carjacking":0.0,"house_robbery":15.5,"business_robbery":6.2,"drugs":929.1,"firearms":3.1}},"geometry":{"type":"Polygon","coordinates":[[[23.7033,-33.86406],[23.62029,-33.84322],[23.60807,-33.83291],[23.56197,-33.82892],[23.55403,-33.79635],[23.5574,-33.7934],[23.51884,-33.78211],[23.51794,-33.7856],[23.48782,-33.7917],[23.48893,-33.80761],[23.46792,-33.80755],[23.454,-33.80332],[23.4274,-33.79945],[23.41657,-33.79502],[23.39463,-33.79304],[23.32549,-33.79912],[23.33442,-33.85654],[23.3434,-33.87367],[23.29696,-33.88286],[23.29925,-33.89167],[23.28366,-33.8931],[23.3065,-33.9053],[23.29369,-33.91948],[23.27484,-33.94835],[23.27119,-33.94593],[23.23058,-33.95199],[23.24107,-33.97301],[23.21073,-33.96287],[23.20621,-33.98223],[23.21121,-33.99729],[23.21119,-33.99882],[23.22296,-34.00317],[23.21378,-34.0196],[23.21737,-34.02287],[23.20207,-34.0313],[23.20081,-34.03536],[23.20499,-34.03676],[23.21405,-34.03756],[23.23177,-34.03733],[23.23686,-34.03796],[23.26405,-34.04433],[23.31532,-34.04439],[23.32819,-34.04692],[23.34073,-34.05414],[23.34436,-34.05482],[23.35378,-34.05149],[23.3545,-34.05256],[23.35251,-34.05352],[23.35178,-34.05558],[23.35255,-34.05586],[23.35461,-34.05501],[23.35482,-34.05703],[23.35415,-34.05932],[23.35488,-34.06067],[23.35652,-34.06096],[23.35749,-34.06261],[23.36492,-34.06204],[23.36517,-34.06293],[23.36207,-34.06742],[23.36137,-34.06988],[23.35863,-34.07172],[23.35831,-34.074],[23.35914,-34.07469],[23.35876,-34.07583],[23.35977,-34.07594],[23.36105,-34.0774],[23.35882,-34.08146],[23.35545,-34.08301],[23.35156,-34.08718],[23.35888,-34.09204],[23.37333,-34.09964],[23.37186,-34.10119],[23.37174,-34.10215],[23.37391,-34.10141],[23.37616,-34.10216],[23.37763,-34.10169],[23.38141,-34.10243],[23.38271,-34.10193],[23.38579,-34.10452],[23.38642,-34.10416],[23.38817,-34.10677],[23.38798,-34.10757],[23.38648,-34.10786],[23.38629,-34.10905],[23.3906,-34.10788],[23.38996,-34.10665],[23.39079,-34.10533],[23.39192,-34.10627],[23.39537,-34.10717],[23.39585,-34.10794],[23.39878,-34.10787],[23.401,-34.11],[23.4052,-34.11127],[23.4087,-34.1094],[23.412,-34.10931],[23.41233,-34.10709],[23.40757,-34.10629],[23.40398,-34.1036],[23.3971,-34.10064],[23.38307,-34.10048],[23.38026,-34.09902],[23.37565,-34.09842],[23.37373,-34.09421],[23.37129,-34.08586],[23.37136,-34.0788],[23.37338,-34.07296],[23.37868,-34.06281],[23.38084,-34.06064],[23.3804,-34.06004],[23.37915,-34.0608],[23.3782,-34.06],[23.37879,-34.05679],[23.37839,-34.05535],[23.38105,-34.05341],[23.37943,-34.05271],[23.37948,-34.05339],[23.3788,-34.05343],[23.37825,-34.05283],[23.37764,-34.05132],[23.37819,-34.04987],[23.38426,-34.04027],[23.3897,-34.03612],[23.39411,-34.03172],[23.40361,-34.02453],[23.41486,-34.0178],[23.42245,-34.01412],[23.4377,-34.00856],[23.45192,-34.00494],[23.45579,-34.00452],[23.45781,-34.00506],[23.45965,-34.00407],[23.46194,-34.00427],[23.46235,-34.00369],[23.46694,-34.00282],[23.4684,-34.00344],[23.47003,-34.00192],[23.47305,-34.00315],[23.47681,-34.00357],[23.47883,-34.00244],[23.47943,-34.00283],[23.48159,-34.00211],[23.48402,-34.00206],[23.48558,-34.00349],[23.48771,-34.00234],[23.48923,-34.00307],[23.49066,-34.00287],[23.49263,-34.00398],[23.49509,-34.00125],[23.49648,-34.00047],[23.49797,-34.00088],[23.49958,-33.99961],[23.5121,-34.00176],[23.5127,-34.00095],[23.5144,-34.00149],[23.51589,-34.00059],[23.51905,-34.00134],[23.52106,-34.0006],[23.52211,-34.00105],[23.52366,-33.9999],[23.52739,-34.00015],[23.53007,-33.99898],[23.53064,-33.99785],[23.52999,-33.99744],[23.53175,-33.99625],[23.53267,-33.99317],[23.53335,-33.9922],[23.53462,-33.99189],[23.53611,-33.98975],[23.53938,-33.99076],[23.54719,-33.9889],[23.54699,-33.98724],[23.54865,-33.98536],[23.55601,-33.98272],[23.5663,-33.98161],[23.5753,-33.98169],[23.57615,-33.98201],[23.57611,-33.98368],[23.57933,-33.98458],[23.58664,-33.98305],[23.58991,-33.98339],[23.59324,-33.98228],[23.59421,-33.98111],[23.59712,-33.98128],[23.59927,-33.98019],[23.61066,-33.98066],[23.61698,-33.9791],[23.61871,-33.98064],[23.62312,-33.98066],[23.6258,-33.98181],[23.63007,-33.9814],[23.63091,-33.98212],[23.63537,-33.98293],[23.64111,-33.98189],[23.64443,-33.98023],[23.64541,-33.98088],[23.64719,-33.97985],[23.64789,-33.98005],[23.64719,-33.97926],[23.64747,-33.9772],[23.64539,-33.97589],[23.647,-33.97467],[23.64747,-33.97329],[23.64675,-33.97025],[23.64516,-33.96772],[23.64537,-33.96655],[23.64444,-33.96382],[23.6459,-33.96245],[23.64389,-33.95984],[23.64316,-33.95716],[23.64091,-33.95476],[23.6389,-33.95548],[23.63772,-33.95522],[23.63459,-33.95205],[23.63599,-33.94334],[23.63511,-33.94001],[23.63607,-33.93833],[23.63853,-33.93719],[23.63697,-33.93465],[23.63879,-33.93342],[23.64064,-33.93322],[23.63995,-33.93102],[23.64323,-33.93186],[23.64474,-33.93067],[23.64471,-33.92868],[23.64395,-33.92751],[23.63999,-33.92421],[23.64324,-33.92233],[23.64278,-33.91983],[23.64197,-33.91801],[23.64054,-33.91785],[23.63748,-33.91421],[23.63738,-33.91299],[23.63986,-33.90972],[23.65233,-33.9096],[23.65385,-33.90898],[23.65473,-33.90715],[23.65683,-33.90693],[23.6566,-33.90584],[23.65766,-33.90485],[23.65504,-33.90372],[23.65679,-33.90313],[23.65691,-33.90223],[23.64971,-33.89895],[23.64927,-33.89705],[23.64756,-33.89672],[23.64762,-33.8957],[23.64876,-33.8945],[23.64737,-33.89278],[23.65162,-33.89273],[23.65232,-33.89026],[23.65442,-33.88946],[23.65587,-33.88685],[23.65796,-33.88771],[23.66108,-33.88717],[23.66662,-33.88466],[23.66918,-33.88544],[23.67097,-33.88347],[23.67345,-33.88384],[23.67735,-33.88319],[23.67973,-33.88424],[23.6818,-33.88336],[23.68298,-33.88401],[23.68465,-33.88144],[23.68584,-33.88157],[23.68727,-33.87928],[23.68811,-33.87895],[23.69041,-33.87401],[23.69395,-33.86926],[23.69427,-33.86797],[23.7006,-33.86738],[23.7033,-33.86406]]]}},{"type":"Feature","id":"Pacaltsdorp","properties":{"name":"Pacaltsdorp","includes":["Pacaltsdorp"],"district":"Garden Route","population":31636,"rate_reliable":true,"counts":{"all17":1717,"contact":801,"property":306,"murder":9,"attempted_murder":20,"sexual":63,"robbery_agg":53,"robbery_common":25,"assault_gbh":162,"assault_common":469,"burglary_res":199,"burglary_nonres":24,"theft_vehicle":3,"theft_from_vehicle":75,"carjacking":0,"house_robbery":3,"business_robbery":5,"drugs":552,"firearms":2},"previous":{"all17":1553,"contact":749,"property":277,"murder":8,"attempted_murder":4,"sexual":57,"robbery_agg":46,"robbery_common":32,"assault_gbh":172,"assault_common":430,"burglary_res":179,"burglary_nonres":16,"theft_vehicle":1,"theft_from_vehicle":69,"carjacking":0,"house_robbery":5,"business_robbery":5,"drugs":467,"firearms":6},"rates":{"all17":5427.4,"contact":2531.9,"property":967.3,"murder":28.4,"attempted_murder":63.2,"sexual":199.1,"robbery_agg":167.5,"robbery_common":79.0,"assault_gbh":512.1,"assault_common":1482.5,"burglary_res":629.0,"burglary_nonres":75.9,"theft_vehicle":9.5,"theft_from_vehicle":237.1,"carjacking":0.0,"house_robbery":9.5,"business_robbery":15.8,"drugs":1744.8,"firearms":6.3}},"geometry":{"type":"Polygon","coordinates":[[[22.4452,-33.99823],[22.44136,-33.98616],[22.4345,-33.99831],[22.43166,-34.00115],[22.42094,-34.00475],[22.41554,-34.00921],[22.42284,-34.00783],[22.42984,-34.01908],[22.42997,-34.03727],[22.43125,-34.04358],[22.42902,-34.04448],[22.42871,-34.04551],[22.42951,-34.04806],[22.43396,-34.05132],[22.43321,-34.05391],[22.43387,-34.0558],[22.43844,-34.05703],[22.44006,-34.0587],[22.44148,-34.05899],[22.44678,-34.05624],[22.44835,-34.0565],[22.44969,-34.0552],[22.45033,-34.0564],[22.45111,-34.05639],[22.45306,-34.05507],[22.45529,-34.0546],[22.45979,-34.05042],[22.46722,-34.04824],[22.46941,-34.04917],[22.47032,-34.05048],[22.47346,-34.04844],[22.47402,-34.04904],[22.47791,-34.04918],[22.48129,-34.05096],[22.48435,-34.05145],[22.48557,-34.04854],[22.48924,-34.04481],[22.49307,-34.04437],[22.49332,-34.04361],[22.49494,-34.0435],[22.49616,-34.04264],[22.49839,-34.03965],[22.49838,-34.03677],[22.49886,-34.0362],[22.49617,-34.03493],[22.49482,-34.03519],[22.49155,-34.03239],[22.48768,-34.03265],[22.48758,-34.0318],[22.48967,-34.0309],[22.4888,-34.03026],[22.48717,-34.02998],[22.48375,-34.03124],[22.48167,-34.03123],[22.48244,-34.02881],[22.48178,-34.02631],[22.48242,-34.02414],[22.4841,-34.02282],[22.48729,-34.02289],[22.48795,-34.02209],[22.48789,-34.02122],[22.48673,-34.02039],[22.48817,-34.01953],[22.48545,-34.01831],[22.48465,-34.0172],[22.48462,-34.01565],[22.48315,-34.01323],[22.48349,-34.01124],[22.4776,-34.01211],[22.47609,-34.0114],[22.47448,-34.01289],[22.47352,-34.01229],[22.46995,-34.0136],[22.46578,-34.01271],[22.46465,-34.00895],[22.46399,-34.00887],[22.46417,-34.0081],[22.46703,-34.00793],[22.4672,-34.00571],[22.46618,-34.00473],[22.46686,-34.00335],[22.4659,-34.00241],[22.46637,-34.0015],[22.4653,-33.9987],[22.46275,-33.99981],[22.46216,-33.99942],[22.4631,-33.99773],[22.46238,-33.99574],[22.4452,-33.99823]]]}},{"type":"Feature","id":"Langa","properties":{"name":"Langa","includes":["Langa"],"district":"City of Cape Town","population":52050,"rate_reliable":true,"counts":{"all17":2144,"contact":1279,"property":288,"murder":66,"attempted_murder":39,"sexual":55,"robbery_agg":319,"robbery_common":111,"assault_gbh":329,"assault_common":360,"burglary_res":193,"burglary_nonres":15,"theft_vehicle":29,"theft_from_vehicle":51,"carjacking":60,"house_robbery":24,"business_robbery":0,"drugs":456,"firearms":14},"previous":{"all17":2136,"contact":1270,"property":354,"murder":69,"attempted_murder":39,"sexual":60,"robbery_agg":318,"robbery_common":103,"assault_gbh":323,"assault_common":358,"burglary_res":248,"burglary_nonres":15,"theft_vehicle":30,"theft_from_vehicle":61,"carjacking":50,"house_robbery":28,"business_robbery":10,"drugs":411,"firearms":12},"rates":{"all17":4119.1,"contact":2457.3,"property":553.3,"murder":126.8,"attempted_murder":74.9,"sexual":105.7,"robbery_agg":612.9,"robbery_common":213.3,"assault_gbh":632.1,"assault_common":691.6,"burglary_res":370.8,"burglary_nonres":28.8,"theft_vehicle":55.7,"theft_from_vehicle":98.0,"carjacking":115.3,"house_robbery":46.1,"business_robbery":0.0,"drugs":876.1,"firearms":26.9}},"geometry":{"type":"Polygon","coordinates":[[[18.54255,-33.9412],[18.53367,-33.94001],[18.52492,-33.93691],[18.51215,-33.94613],[18.509,-33.9474],[18.509,-33.94791],[18.51082,-33.94948],[18.52575,-33.94986],[18.53736,-33.95313],[18.5387,-33.95272],[18.54149,-33.94908],[18.54255,-33.9412]]]}},{"type":"Feature","id":"Lansdowne","properties":{"name":"Lansdowne","includes":["Lansdowne"],"district":"City of Cape Town","population":44534,"rate_reliable":true,"counts":{"all17":1490,"contact":375,"property":292,"murder":12,"attempted_murder":15,"sexual":25,"robbery_agg":118,"robbery_common":31,"assault_gbh":34,"assault_common":140,"burglary_res":89,"burglary_nonres":28,"theft_vehicle":40,"theft_from_vehicle":135,"carjacking":22,"house_robbery":8,"business_robbery":12,"drugs":205,"firearms":7},"previous":{"all17":1609,"contact":397,"property":317,"murder":6,"attempted_murder":8,"sexual":11,"robbery_agg":152,"robbery_common":48,"assault_gbh":37,"assault_common":135,"burglary_res":108,"burglary_nonres":34,"theft_vehicle":42,"theft_from_vehicle":133,"carjacking":12,"house_robbery":13,"business_robbery":8,"drugs":227,"firearms":11},"rates":{"all17":3345.8,"contact":842.1,"property":655.7,"murder":26.9,"attempted_murder":33.7,"sexual":56.1,"robbery_agg":265.0,"robbery_common":69.6,"assault_gbh":76.3,"assault_common":314.4,"burglary_res":199.8,"burglary_nonres":62.9,"theft_vehicle":89.8,"theft_from_vehicle":303.1,"carjacking":49.4,"house_robbery":18.0,"business_robbery":26.9,"drugs":460.3,"firearms":15.7}},"geometry":{"type":"Polygon","coordinates":[[[18.53109,-33.98271],[18.51911,-33.97854],[18.51554,-33.97872],[18.51515,-33.97335],[18.50767,-33.97374],[18.49399,-33.97227],[18.49338,-33.9763],[18.49145,-33.97864],[18.49047,-33.98723],[18.49115,-33.98759],[18.4941,-33.99506],[18.49552,-34.00177],[18.5014,-34.00083],[18.49576,-34.01209],[18.5057,-34.01463],[18.51228,-34.01771],[18.52227,-34.0167],[18.52319,-34.00949],[18.52186,-34.00166],[18.52112,-34.00176],[18.51987,-33.99889],[18.51639,-33.99649],[18.51264,-33.99269],[18.51195,-33.98919],[18.51667,-33.98825],[18.52226,-33.98936],[18.52468,-33.98912],[18.52612,-33.98827],[18.53109,-33.98271]]]}},{"type":"Feature","id":"Philadelphia","properties":{"name":"Philadelphia","includes":["Philadelphia"],"district":"City of Cape Town","population":9399,"rate_reliable":true,"counts":{"all17":363,"contact":96,"property":55,"murder":5,"attempted_murder":3,"sexual":8,"robbery_agg":9,"robbery_common":4,"assault_gbh":44,"assault_common":23,"burglary_res":24,"burglary_nonres":5,"theft_vehicle":5,"theft_from_vehicle":15,"carjacking":2,"house_robbery":0,"business_robbery":2,"drugs":33,"firearms":0},"previous":{"all17":385,"contact":117,"property":85,"murder":2,"attempted_murder":3,"sexual":6,"robbery_agg":19,"robbery_common":7,"assault_gbh":54,"assault_common":26,"burglary_res":54,"burglary_nonres":12,"theft_vehicle":6,"theft_from_vehicle":8,"carjacking":3,"house_robbery":4,"business_robbery":0,"drugs":28,"firearms":2},"rates":{"all17":3862.1,"contact":1021.4,"property":585.2,"murder":53.2,"attempted_murder":31.9,"sexual":85.1,"robbery_agg":95.8,"robbery_common":42.6,"assault_gbh":468.1,"assault_common":244.7,"burglary_res":255.3,"burglary_nonres":53.2,"theft_vehicle":53.2,"theft_from_vehicle":159.6,"carjacking":21.3,"house_robbery":0.0,"business_robbery":21.3,"drugs":351.1,"firearms":0.0}},"geometry":{"type":"Polygon","coordinates":[[[18.70688,-33.69761],[18.71002,-33.69643],[18.73015,-33.69228],[18.73037,-33.68558],[18.71187,-33.67587],[18.7069,-33.68134],[18.70569,-33.68132],[18.70765,-33.66573],[18.70207,-33.6659],[18.69323,-33.66419],[18.69105,-33.66264],[18.69573,-33.65424],[18.68994,-33.64472],[18.68339,-33.62853],[18.68145,-33.62511],[18.6637,-33.63047],[18.66165,-33.62757],[18.65546,-33.63405],[18.64497,-33.63574],[18.62695,-33.62462],[18.6125,-33.62004],[18.61117,-33.59906],[18.61198,-33.58487],[18.61084,-33.58498],[18.61349,-33.58033],[18.59621,-33.582],[18.59539,-33.58153],[18.59432,-33.58219],[18.57033,-33.58537],[18.56148,-33.58732],[18.53773,-33.59036],[18.52617,-33.5903],[18.5212,-33.58944],[18.50965,-33.59028],[18.51592,-33.61279],[18.51225,-33.64938],[18.51067,-33.65866],[18.5067,-33.6691],[18.50566,-33.67588],[18.50686,-33.70748],[18.50984,-33.71826],[18.51412,-33.72017],[18.51462,-33.721],[18.5145,-33.72154],[18.51059,-33.72134],[18.51428,-33.73348],[18.5163,-33.7532],[18.52652,-33.77401],[18.53787,-33.77146],[18.54947,-33.77472],[18.55171,-33.76654],[18.56377,-33.77037],[18.5708,-33.76892],[18.57209,-33.77054],[18.58262,-33.76891],[18.58132,-33.76557],[18.57915,-33.76414],[18.57878,-33.75862],[18.57931,-33.75493],[18.57706,-33.7493],[18.57661,-33.74579],[18.5801,-33.74573],[18.57949,-33.73638],[18.58257,-33.73584],[18.58369,-33.73776],[18.59947,-33.73601],[18.60009,-33.73352],[18.60532,-33.73323],[18.60806,-33.73019],[18.61163,-33.72799],[18.61789,-33.73188],[18.61914,-33.73401],[18.61777,-33.73733],[18.63196,-33.74418],[18.64914,-33.73851],[18.65633,-33.73452],[18.66419,-33.73915],[18.66391,-33.73371],[18.68123,-33.73484],[18.67931,-33.73086],[18.69686,-33.7246],[18.69587,-33.71853],[18.69692,-33.70984],[18.69788,-33.70799],[18.70688,-33.69761]]]}},{"type":"Feature","id":"Elands Bay","properties":{"name":"Elands Bay","includes":["Elands Bay"],"district":"West Coast","population":2880,"rate_reliable":false,"counts":{"all17":88,"contact":48,"property":5,"murder":0,"attempted_murder":0,"sexual":2,"robbery_agg":1,"robbery_common":1,"assault_gbh":16,"assault_common":28,"burglary_res":3,"burglary_nonres":1,"theft_vehicle":0,"theft_from_vehicle":0,"carjacking":0,"house_robbery":1,"business_robbery":0,"drugs":80,"firearms":0},"previous":{"all17":82,"contact":41,"property":16,"murder":1,"attempted_murder":2,"sexual":3,"robbery_agg":0,"robbery_common":0,"assault_gbh":9,"assault_common":26,"burglary_res":14,"burglary_nonres":1,"theft_vehicle":0,"theft_from_vehicle":1,"carjacking":0,"house_robbery":0,"business_robbery":0,"drugs":70,"firearms":1},"rates":{"all17":3055.6,"contact":1666.7,"property":173.6,"murder":0.0,"attempted_murder":0.0,"sexual":69.4,"robbery_agg":34.7,"robbery_common":34.7,"assault_gbh":555.6,"assault_common":972.2,"burglary_res":104.2,"burglary_nonres":34.7,"theft_vehicle":0.0,"theft_from_vehicle":0.0,"carjacking":0.0,"house_robbery":34.7,"business_robbery":0.0,"drugs":2777.8,"firearms":0.0}},"geometry":{"type":"Polygon","coordinates":[[[18.34253,-32.26756],[18.34295,-32.27252],[18.34474,-32.28042],[18.34485,-32.29024],[18.34176,-32.30603],[18.33975,-32.31059],[18.33757,-32.31395],[18.33497,-32.31597],[18.33106,-32.3153],[18.3277,-32.31574],[18.32286,-32.31791],[18.31704,-32.31522],[18.31608,-32.31565],[18.31512,-32.3188],[18.31592,-32.32113],[18.31543,-32.32586],[18.31691,-32.33344],[18.31547,-32.33703],[18.31794,-32.34229],[18.32325,-32.3608],[18.32644,-32.37477],[18.33069,-32.39971],[18.33252,-32.41438],[18.33474,-32.44916],[18.33464,-32.46476],[18.3321,-32.49324],[18.324,-32.53462],[18.31976,-32.54867],[18.4597,-32.552],[18.46969,-32.48675],[18.45862,-32.47634],[18.46971,-32.46572],[18.4929,-32.43825],[18.50098,-32.43393],[18.49722,-32.42957],[18.4889,-32.42212],[18.48667,-32.41774],[18.48195,-32.41278],[18.4803,-32.40934],[18.47723,-32.40601],[18.49504,-32.39258],[18.49015,-32.38679],[18.54386,-32.3447],[18.51503,-32.32791],[18.48258,-32.29009],[18.48289,-32.2873],[18.43302,-32.25383],[18.42222,-32.26458],[18.42736,-32.27007],[18.42662,-32.27266],[18.39643,-32.26374],[18.38962,-32.27312],[18.38852,-32.26351],[18.37468,-32.2651],[18.37749,-32.28815],[18.36027,-32.26975],[18.35732,-32.26903],[18.35335,-32.26481],[18.35085,-32.26761],[18.34785,-32.26686],[18.34253,-32.26756]]]}},{"type":"Feature","id":"Worcester","properties":{"name":"Worcester","includes":["Worcester"],"district":"Cape Winelands","population":142693,"rate_reliable":true,"counts":{"all17":5260,"contact":2647,"property":920,"murder":49,"attempted_murder":226,"sexual":149,"robbery_agg":210,"robbery_common":154,"assault_gbh":900,"assault_common":959,"burglary_res":341,"burglary_nonres":169,"theft_vehicle":38,"theft_from_vehicle":366,"carjacking":1,"house_robbery":14,"business_robbery":9,"drugs":2449,"firearms":41},"previous":{"all17":5560,"contact":2500,"property":1168,"murder":41,"attempted_murder":226,"sexual":120,"robbery_agg":229,"robbery_common":147,"assault_gbh":793,"assault_common":944,"burglary_res":375,"burglary_nonres":251,"theft_vehicle":28,"theft_from_vehicle":503,"carjacking":2,"house_robbery":18,"business_robbery":14,"drugs":1903,"firearms":79},"rates":{"all17":3686.2,"contact":1855.0,"property":644.7,"murder":34.3,"attempted_murder":158.4,"sexual":104.4,"robbery_agg":147.2,"robbery_common":107.9,"assault_gbh":630.7,"assault_common":672.1,"burglary_res":239.0,"burglary_nonres":118.4,"theft_vehicle":26.6,"theft_from_vehicle":256.5,"carjacking":0.7,"house_robbery":9.8,"business_robbery":6.3,"drugs":1716.3,"firearms":28.7}},"geometry":{"type":"Polygon","coordinates":[[[19.40536,-33.48044],[19.34482,-33.51615],[19.3151,-33.50017],[19.31598,-33.47415],[19.27879,-33.46519],[19.26231,-33.4826],[19.2299,-33.50674],[19.21664,-33.51093],[19.19372,-33.49801],[19.19242,-33.51243],[19.19057,-33.51471],[19.18964,-33.51427],[19.1833,-33.5213],[19.18346,-33.52586],[19.18157,-33.53213],[19.17749,-33.53622],[19.17459,-33.53679],[19.17511,-33.5327],[19.16743,-33.52667],[19.14403,-33.52159],[19.14153,-33.51224],[19.11139,-33.50909],[19.09959,-33.52979],[19.1071,-33.54106],[19.10764,-33.54412],[19.10456,-33.55852],[19.10652,-33.59],[19.10202,-33.60668],[19.12688,-33.63904],[19.14754,-33.65602],[19.15237,-33.62175],[19.16945,-33.59741],[19.18546,-33.56192],[19.19195,-33.54413],[19.19281,-33.53437],[19.19035,-33.52631],[19.19576,-33.52577],[19.19833,-33.52876],[19.19759,-33.5331],[19.19797,-33.53411],[19.20083,-33.53567],[19.20207,-33.53839],[19.20684,-33.53953],[19.20865,-33.54449],[19.21122,-33.54912],[19.21466,-33.54859],[19.21883,-33.55036],[19.22179,-33.55341],[19.22641,-33.55498],[19.22789,-33.5566],[19.2297,-33.5623],[19.22925,-33.56345],[19.22964,-33.5648],[19.23332,-33.57107],[19.23726,-33.57186],[19.24261,-33.57565],[19.24908,-33.57753],[19.25294,-33.5813],[19.25472,-33.58187],[19.2566,-33.58142],[19.26542,-33.58501],[19.27216,-33.60533],[19.28007,-33.61379],[19.28677,-33.60664],[19.30503,-33.6069],[19.30811,-33.61076],[19.30987,-33.60582],[19.32612,-33.61104],[19.32436,-33.61334],[19.34114,-33.62939],[19.33729,-33.64138],[19.33726,-33.64403],[19.34117,-33.64419],[19.34551,-33.64619],[19.35309,-33.64442],[19.35643,-33.64552],[19.35991,-33.64528],[19.37223,-33.65312],[19.38384,-33.65761],[19.38545,-33.6577],[19.39541,-33.66251],[19.38697,-33.67893],[19.37862,-33.68242],[19.38086,-33.68294],[19.37972,-33.68442],[19.38225,-33.6848],[19.38215,-33.68729],[19.38723,-33.69043],[19.38747,-33.6921],[19.38933,-33.69472],[19.39043,-33.69896],[19.39724,-33.70096],[19.4068,-33.70654],[19.40966,-33.71066],[19.41221,-33.7118],[19.41404,-33.71424],[19.41913,-33.71799],[19.42021,-33.72049],[19.4223,-33.72175],[19.42197,-33.72384],[19.41869,-33.72819],[19.41607,-33.73066],[19.41283,-33.73224],[19.41333,-33.73349],[19.41702,-33.73547],[19.42237,-33.74034],[19.42327,-33.74215],[19.42337,-33.74592],[19.42105,-33.75302],[19.42258,-33.75312],[19.42434,-33.75456],[19.42458,-33.76022],[19.4233,-33.76099],[19.42077,-33.76094],[19.4201,-33.76137],[19.41986,-33.76275],[19.42063,-33.76461],[19.42339,-33.76561],[19.42349,-33.76852],[19.42282,-33.76947],[19.42077,-33.76918],[19.41965,-33.77166],[19.4135,-33.7719],[19.41283,-33.77457],[19.41121,-33.77729],[19.4135,-33.77901],[19.41307,-33.78044],[19.40802,-33.78268],[19.40716,-33.78439],[19.40359,-33.78248],[19.40216,-33.7852],[19.401,-33.78489],[19.38918,-33.81223],[19.38589,-33.82324],[19.38103,-33.83059],[19.37677,-33.84345],[19.36426,-33.83923],[19.35934,-33.85489],[19.35716,-33.86799],[19.36561,-33.87192],[19.36987,-33.876],[19.37645,-33.88078],[19.37975,-33.8847],[19.37932,-33.89333],[19.38161,-33.89485],[19.39068,-33.89653],[19.39425,-33.89495],[19.40103,-33.89454],[19.40024,-33.91837],[19.38612,-33.91972],[19.37765,-33.93068],[19.37509,-33.93243],[19.38928,-33.98133],[19.40056,-33.98538],[19.42679,-33.9931],[19.45585,-33.9998],[19.50694,-33.97162],[19.54545,-33.91557],[19.53694,-33.88609],[19.53233,-33.87835],[19.56266,-33.86636],[19.56185,-33.85942],[19.56408,-33.85132],[19.56586,-33.8491],[19.56762,-33.84925],[19.5662,-33.85341],[19.56651,-33.85781],[19.56426,-33.86042],[19.56603,-33.86363],[19.59799,-33.87809],[19.59459,-33.85411],[19.62853,-33.83475],[19.65275,-33.8345],[19.65226,-33.81358],[19.68144,-33.7993],[19.68274,-33.79938],[19.68157,-33.797],[19.6783,-33.79332],[19.67578,-33.79192],[19.67437,-33.78744],[19.67069,-33.78262],[19.66776,-33.78104],[19.66207,-33.77601],[19.65943,-33.77531],[19.69122,-33.7393],[19.70212,-33.71836],[19.69009,-33.70421],[19.69512,-33.67924],[19.70731,-33.67363],[19.7159,-33.67281],[19.71761,-33.66011],[19.74121,-33.64955],[19.6997,-33.63786],[19.66699,-33.61566],[19.65105,-33.6095],[19.64525,-33.60453],[19.65044,-33.59343],[19.62443,-33.56779],[19.60261,-33.56181],[19.58981,-33.54898],[19.54692,-33.5289],[19.54503,-33.52714],[19.53168,-33.53224],[19.46127,-33.55631],[19.4002,-33.52342],[19.40536,-33.48044]]]}},{"type":"Feature","id":"Strandfontein","properties":{"name":"Strandfontein","includes":["Strandfontein"],"district":"City of Cape Town","population":32800,"rate_reliable":true,"counts":{"all17":588,"contact":203,"property":106,"murder":5,"attempted_murder":5,"sexual":21,"robbery_agg":30,"robbery_common":18,"assault_gbh":24,"assault_common":100,"burglary_res":52,"burglary_nonres":3,"theft_vehicle":15,"theft_from_vehicle":36,"carjacking":3,"house_robbery":0,"business_robbery":4,"drugs":281,"firearms":2},"previous":{"all17":736,"contact":242,"property":154,"murder":6,"attempted_murder":7,"sexual":14,"robbery_agg":54,"robbery_common":22,"assault_gbh":31,"assault_common":108,"burglary_res":76,"burglary_nonres":14,"theft_vehicle":23,"theft_from_vehicle":41,"carjacking":5,"house_robbery":1,"business_robbery":3,"drugs":292,"firearms":1},"rates":{"all17":1792.7,"contact":618.9,"property":323.2,"murder":15.2,"attempted_murder":15.2,"sexual":64.0,"robbery_agg":91.5,"robbery_common":54.9,"assault_gbh":73.2,"assault_common":304.9,"burglary_res":158.5,"burglary_nonres":9.1,"theft_vehicle":45.7,"theft_from_vehicle":109.8,"carjacking":9.1,"house_robbery":0.0,"business_robbery":12.2,"drugs":856.7,"firearms":6.1}},"geometry":{"type":"Polygon","coordinates":[[[18.5958,-34.07354],[18.60278,-34.07219],[18.59611,-34.06773],[18.59708,-34.06709],[18.59411,-34.06515],[18.5895,-34.05943],[18.56507,-34.06668],[18.53857,-34.07236],[18.54653,-34.08074],[18.55408,-34.08628],[18.55223,-34.0866],[18.55238,-34.08872],[18.55135,-34.08854],[18.55109,-34.09061],[18.55259,-34.09105],[18.55502,-34.08909],[18.55578,-34.08891],[18.55663,-34.09009],[18.55875,-34.08804],[18.56199,-34.08725],[18.56383,-34.08612],[18.59817,-34.07836],[18.5958,-34.07354]]]}},{"type":"Feature","id":"Macassar","properties":{"name":"Macassar","includes":["Macassar"],"district":"City of Cape Town","population":56479,"rate_reliable":true,"counts":{"all17":2481,"contact":1078,"property":348,"murder":17,"attempted_murder":14,"sexual":35,"robbery_agg":101,"robbery_common":77,"assault_gbh":220,"assault_common":614,"burglary_res":195,"burglary_nonres":17,"theft_vehicle":18,"theft_from_vehicle":118,"carjacking":3,"house_robbery":6,"business_robbery":10,"drugs":167,"firearms":14},"previous":{"all17":2297,"contact":1128,"property":295,"murder":21,"attempted_murder":10,"sexual":45,"robbery_agg":100,"robbery_common":64,"assault_gbh":252,"assault_common":636,"burglary_res":147,"burglary_nonres":9,"theft_vehicle":14,"theft_from_vehicle":119,"carjacking":11,"house_robbery":3,"business_robbery":13,"drugs":94,"firearms":9},"rates":{"all17":4392.8,"contact":1908.7,"property":616.2,"murder":30.1,"attempted_murder":24.8,"sexual":62.0,"robbery_agg":178.8,"robbery_common":136.3,"assault_gbh":389.5,"assault_common":1087.1,"burglary_res":345.3,"burglary_nonres":30.1,"theft_vehicle":31.9,"theft_from_vehicle":208.9,"carjacking":5.3,"house_robbery":10.6,"business_robbery":17.7,"drugs":295.7,"firearms":24.8}},"geometry":{"type":"Polygon","coordinates":[[[18.69285,-34.07285],[18.69754,-34.0724],[18.71073,-34.0729],[18.72265,-34.07493],[18.73229,-34.07442],[18.75049,-34.07825],[18.76146,-34.08186],[18.76777,-34.08315],[18.76972,-34.07799],[18.76959,-34.07386],[18.76844,-34.07335],[18.77149,-34.07278],[18.77535,-34.06896],[18.77708,-34.06565],[18.77613,-34.06393],[18.78073,-34.06192],[18.7811,-34.06032],[18.7866,-34.05897],[18.79228,-34.05869],[18.79675,-34.0606],[18.79536,-34.05776],[18.78404,-34.0503],[18.77373,-34.04688],[18.76111,-34.04127],[18.75547,-34.03562],[18.75211,-34.02959],[18.74954,-34.02722],[18.74758,-34.03069],[18.73799,-34.04295],[18.73233,-34.04222],[18.72361,-34.03868],[18.71385,-34.05578],[18.69597,-34.07054],[18.69294,-34.07199],[18.69285,-34.07285]]]}},{"type":"Feature","id":"Ocean View","properties":{"name":"Ocean View","includes":["Ocean View"],"district":"City of Cape Town","population":47299,"rate_reliable":true,"counts":{"all17":983,"contact":485,"property":143,"murder":30,"attempted_murder":12,"sexual":37,"robbery_agg":68,"robbery_common":24,"assault_gbh":164,"assault_common":150,"burglary_res":70,"burglary_nonres":12,"theft_vehicle":20,"theft_from_vehicle":41,"carjacking":0,"house_robbery":12,"business_robbery":2,"drugs":87,"firearms":16},"previous":{"all17":1107,"contact":497,"property":170,"murder":32,"attempted_murder":8,"sexual":37,"robbery_agg":69,"robbery_common":32,"assault_gbh":175,"assault_common":144,"burglary_res":83,"burglary_nonres":30,"theft_vehicle":16,"theft_from_vehicle":41,"carjacking":2,"house_robbery":11,"business_robbery":2,"drugs":67,"firearms":5},"rates":{"all17":2078.3,"contact":1025.4,"property":302.3,"murder":63.4,"attempted_murder":25.4,"sexual":78.2,"robbery_agg":143.8,"robbery_common":50.7,"assault_gbh":346.7,"assault_common":317.1,"burglary_res":148.0,"burglary_nonres":25.4,"theft_vehicle":42.3,"theft_from_vehicle":86.7,"carjacking":0.0,"house_robbery":25.4,"business_robbery":4.2,"drugs":183.9,"firearms":33.8}},"geometry":{"type":"Polygon","coordinates":[[[18.34876,-34.12256],[18.34717,-34.12532],[18.34416,-34.12833],[18.34298,-34.12806],[18.34211,-34.12698],[18.33897,-34.1274],[18.33606,-34.13076],[18.33506,-34.1333],[18.33257,-34.13575],[18.32962,-34.13685],[18.32544,-34.13656],[18.32229,-34.1381],[18.32183,-34.1402],[18.31977,-34.1407],[18.31998,-34.1421],[18.32227,-34.14187],[18.32237,-34.14114],[18.32335,-34.14207],[18.32126,-34.14364],[18.31804,-34.14487],[18.31785,-34.14644],[18.31889,-34.14973],[18.32262,-34.15559],[18.32411,-34.15714],[18.3275,-34.15854],[18.32854,-34.16157],[18.33134,-34.16546],[18.33238,-34.16836],[18.33838,-34.17734],[18.34426,-34.18006],[18.34516,-34.17719],[18.3466,-34.17663],[18.35234,-34.17698],[18.35578,-34.17976],[18.36441,-34.17116],[18.3774,-34.14776],[18.38355,-34.15008],[18.38554,-34.13369],[18.38401,-34.13322],[18.38351,-34.13238],[18.38049,-34.12401],[18.37898,-34.12468],[18.37855,-34.1235],[18.37689,-34.12449],[18.37191,-34.12491],[18.37212,-34.12321],[18.36653,-34.12052],[18.36129,-34.12154],[18.34876,-34.12256]]]}},{"type":"Feature","id":"Bellville South","properties":{"name":"Bellville South","includes":["Bellville South"],"district":"City of Cape Town","population":21654,"rate_reliable":true,"counts":{"all17":1270,"contact":499,"property":203,"murder":9,"attempted_murder":13,"sexual":38,"robbery_agg":126,"robbery_common":50,"assault_gbh":75,"assault_common":188,"burglary_res":74,"burglary_nonres":13,"theft_vehicle":13,"theft_from_vehicle":103,"carjacking":6,"house_robbery":3,"business_robbery":2,"drugs":172,"firearms":2},"previous":{"all17":1384,"contact":536,"property":241,"murder":15,"attempted_murder":36,"sexual":41,"robbery_agg":108,"robbery_common":61,"assault_gbh":87,"assault_common":188,"burglary_res":63,"burglary_nonres":35,"theft_vehicle":16,"theft_from_vehicle":127,"carjacking":3,"house_robbery":4,"business_robbery":1,"drugs":152,"firearms":27},"rates":{"all17":5865.0,"contact":2304.4,"property":937.5,"murder":41.6,"attempted_murder":60.0,"sexual":175.5,"robbery_agg":581.9,"robbery_common":230.9,"assault_gbh":346.4,"assault_common":868.2,"burglary_res":341.7,"burglary_nonres":60.0,"theft_vehicle":60.0,"theft_from_vehicle":475.7,"carjacking":27.7,"house_robbery":13.9,"business_robbery":9.2,"drugs":794.3,"firearms":9.2}},"geometry":{"type":"Polygon","coordinates":[[[18.66555,-33.91805],[18.65941,-33.91387],[18.63567,-33.9075],[18.63259,-33.90689],[18.63256,-33.9075],[18.62925,-33.90764],[18.62226,-33.90589],[18.61634,-33.90579],[18.61874,-33.90818],[18.61939,-33.91345],[18.61693,-33.91885],[18.61758,-33.92015],[18.6176,-33.92322],[18.61869,-33.9232],[18.61868,-33.92569],[18.61597,-33.93268],[18.61833,-33.93424],[18.61181,-33.93868],[18.64748,-33.93412],[18.64756,-33.94078],[18.64836,-33.94111],[18.66036,-33.93799],[18.66341,-33.92299],[18.66555,-33.91805]]]}},{"type":"Feature","id":"Durbanville","properties":{"name":"Durbanville","includes":["Durbanville"],"district":"City of Cape Town","population":70032,"rate_reliable":true,"counts":{"all17":2928,"contact":648,"property":778,"murder":31,"attempted_murder":37,"sexual":43,"robbery_agg":145,"robbery_common":48,"assault_gbh":96,"assault_common":248,"burglary_res":273,"burglary_nonres":87,"theft_vehicle":62,"theft_from_vehicle":355,"carjacking":11,"house_robbery":30,"business_robbery":6,"drugs":922,"firearms":32},"previous":{"all17":3210,"contact":632,"property":941,"murder":18,"attempted_murder":33,"sexual":36,"robbery_agg":168,"robbery_common":67,"assault_gbh":73,"assault_common":237,"burglary_res":309,"burglary_nonres":106,"theft_vehicle":64,"theft_from_vehicle":452,"carjacking":8,"house_robbery":31,"business_robbery":6,"drugs":750,"firearms":18},"rates":{"all17":4180.9,"contact":925.3,"property":1110.9,"murder":44.3,"attempted_murder":52.8,"sexual":61.4,"robbery_agg":207.0,"robbery_common":68.5,"assault_gbh":137.1,"assault_common":354.1,"burglary_res":389.8,"burglary_nonres":124.2,"theft_vehicle":88.5,"theft_from_vehicle":506.9,"carjacking":15.7,"house_robbery":42.8,"business_robbery":8.6,"drugs":1316.5,"firearms":45.7}},"geometry":{"type":"Polygon","coordinates":[[[18.68625,-33.84452],[18.68402,-33.839],[18.68132,-33.8388],[18.68259,-33.8292],[18.68637,-33.82922],[18.69455,-33.82775],[18.69886,-33.82565],[18.69473,-33.80949],[18.7021,-33.80363],[18.71031,-33.79391],[18.71196,-33.78098],[18.7189,-33.75855],[18.71856,-33.75553],[18.7137,-33.74641],[18.71071,-33.73693],[18.70617,-33.71469],[18.70655,-33.7075],[18.70275,-33.70237],[18.69692,-33.70984],[18.69587,-33.71853],[18.69686,-33.7246],[18.67931,-33.73086],[18.68123,-33.73484],[18.66391,-33.73371],[18.66419,-33.73915],[18.65633,-33.73452],[18.64914,-33.73851],[18.63196,-33.74418],[18.61777,-33.73733],[18.61914,-33.73401],[18.61789,-33.73188],[18.61163,-33.72799],[18.60806,-33.73019],[18.60532,-33.73323],[18.60009,-33.73352],[18.59947,-33.73601],[18.58369,-33.73776],[18.58257,-33.73584],[18.57949,-33.73638],[18.5801,-33.74573],[18.57661,-33.74579],[18.57706,-33.7493],[18.57931,-33.75493],[18.57878,-33.75862],[18.57915,-33.76414],[18.58132,-33.76557],[18.58262,-33.76891],[18.57209,-33.77054],[18.5708,-33.76892],[18.56377,-33.77037],[18.55171,-33.76654],[18.54842,-33.77854],[18.54889,-33.78489],[18.54777,-33.79108],[18.5481,-33.80449],[18.56065,-33.80514],[18.55833,-33.80752],[18.55733,-33.81125],[18.55781,-33.82162],[18.5585,-33.82239],[18.55776,-33.82296],[18.56033,-33.82208],[18.56741,-33.83182],[18.57784,-33.83867],[18.5777,-33.84233],[18.58118,-33.84861],[18.5861,-33.85258],[18.58618,-33.85387],[18.59025,-33.86184],[18.59269,-33.86244],[18.59392,-33.86198],[18.59415,-33.86248],[18.60573,-33.85955],[18.60863,-33.86163],[18.61524,-33.86064],[18.62043,-33.86162],[18.62529,-33.86033],[18.62883,-33.8601],[18.63142,-33.86254],[18.63308,-33.86264],[18.63363,-33.86833],[18.63697,-33.87134],[18.64266,-33.87244],[18.64815,-33.87137],[18.65603,-33.87399],[18.65895,-33.87646],[18.66597,-33.87351],[18.66925,-33.87032],[18.66876,-33.86952],[18.66934,-33.86672],[18.6684,-33.86404],[18.66909,-33.86311],[18.66881,-33.86025],[18.66782,-33.85757],[18.6691,-33.85132],[18.66845,-33.84921],[18.68281,-33.85011],[18.68531,-33.84785],[18.68625,-33.84452]]]}},{"type":"Feature","id":"Dysselsdorp","properties":{"name":"Dysselsdorp","includes":["Dysselsdorp"],"district":"Garden Route","population":18122,"rate_reliable":true,"counts":{"all17":597,"contact":269,"property":144,"murder":2,"attempted_murder":5,"sexual":18,"robbery_agg":4,"robbery_common":6,"assault_gbh":104,"assault_common":130,"burglary_res":76,"burglary_nonres":35,"theft_vehicle":0,"theft_from_vehicle":8,"carjacking":0,"house_robbery":0,"business_robbery":2,"drugs":392,"firearms":5},"previous":{"all17":510,"contact":224,"property":147,"murder":2,"attempted_murder":4,"sexual":22,"robbery_agg":6,"robbery_common":4,"assault_gbh":86,"assault_common":100,"burglary_res":83,"burglary_nonres":25,"theft_vehicle":0,"theft_from_vehicle":17,"carjacking":0,"house_robbery":0,"business_robbery":3,"drugs":252,"firearms":2},"rates":{"all17":3294.3,"contact":1484.4,"property":794.6,"murder":11.0,"attempted_murder":27.6,"sexual":99.3,"robbery_agg":22.1,"robbery_common":33.1,"assault_gbh":573.9,"assault_common":717.4,"burglary_res":419.4,"burglary_nonres":193.1,"theft_vehicle":0.0,"theft_from_vehicle":44.1,"carjacking":0.0,"house_robbery":0.0,"business_robbery":11.0,"drugs":2163.1,"firearms":27.6}},"geometry":{"type":"Polygon","coordinates":[[[22.58872,-33.63664],[22.5759,-33.63087],[22.56316,-33.62916],[22.54245,-33.61931],[22.50821,-33.58995],[22.51063,-33.52656],[22.50447,-33.52894],[22.50145,-33.5349],[22.49473,-33.54035],[22.4921,-33.53971],[22.4895,-33.54014],[22.48924,-33.54087],[22.48255,-33.5385],[22.47014,-33.53533],[22.47249,-33.5336],[22.47261,-33.53133],[22.477,-33.5306],[22.479,-33.5296],[22.47939,-33.52916],[22.47824,-33.52818],[22.46684,-33.53073],[22.46164,-33.53261],[22.45474,-33.53686],[22.44979,-33.54094],[22.44902,-33.54229],[22.44445,-33.54516],[22.46145,-33.52207],[22.46299,-33.51229],[22.45954,-33.47736],[22.44916,-33.48565],[22.40915,-33.475],[22.39296,-33.46346],[22.4024,-33.43867],[22.41953,-33.43533],[22.4188,-33.43172],[22.41945,-33.42997],[22.41755,-33.42501],[22.41798,-33.42425],[22.40207,-33.41694],[22.40986,-33.39115],[22.39132,-33.36406],[22.34121,-33.39245],[22.33633,-33.42012],[22.30881,-33.45692],[22.34751,-33.46603],[22.31916,-33.505],[22.34985,-33.5184],[22.35452,-33.53243],[22.34327,-33.53944],[22.34491,-33.57273],[22.34757,-33.57158],[22.34891,-33.5743],[22.35126,-33.57574],[22.35707,-33.58268],[22.3598,-33.58334],[22.35913,-33.58541],[22.34792,-33.59189],[22.36637,-33.59731],[22.36752,-33.60136],[22.36456,-33.6376],[22.36399,-33.63771],[22.36496,-33.64505],[22.36702,-33.64499],[22.37183,-33.65936],[22.43086,-33.66566],[22.45563,-33.64698],[22.50143,-33.6389],[22.49858,-33.65008],[22.50854,-33.64498],[22.5252,-33.64015],[22.58872,-33.63664]]]}},{"type":"Feature","id":"Genadendal","properties":{"name":"Genadendal","includes":["Genadendal"],"district":"Overberg","population":9806,"rate_reliable":true,"counts":{"all17":440,"contact":167,"property":111,"murder":1,"attempted_murder":2,"sexual":14,"robbery_agg":1,"robbery_common":1,"assault_gbh":66,"assault_common":82,"burglary_res":73,"burglary_nonres":6,"theft_vehicle":0,"theft_from_vehicle":24,"carjacking":0,"house_robbery":0,"business_robbery":0,"drugs":299,"firearms":0},"previous":{"all17":495,"contact":161,"property":167,"murder":2,"attempted_murder":0,"sexual":9,"robbery_agg":3,"robbery_common":1,"assault_gbh":61,"assault_common":85,"burglary_res":121,"burglary_nonres":6,"theft_vehicle":1,"theft_from_vehicle":22,"carjacking":0,"house_robbery":2,"business_robbery":0,"drugs":231,"firearms":1},"rates":{"all17":4487.0,"contact":1703.0,"property":1132.0,"murder":10.2,"attempted_murder":20.4,"sexual":142.8,"robbery_agg":10.2,"robbery_common":10.2,"assault_gbh":673.1,"assault_common":836.2,"burglary_res":744.4,"burglary_nonres":61.2,"theft_vehicle":0.0,"theft_from_vehicle":244.7,"carjacking":0.0,"house_robbery":0.0,"business_robbery":0.0,"drugs":3049.2,"firearms":0.0}},"geometry":{"type":"Polygon","coordinates":[[[19.68071,-34.00907],[19.64121,-34.00163],[19.60842,-34.00735],[19.58988,-34.01229],[19.58217,-34.00977],[19.56629,-34.00191],[19.53335,-33.96945],[19.50694,-33.97162],[19.45585,-33.9998],[19.42679,-33.9931],[19.40056,-33.98538],[19.38201,-34.02475],[19.37479,-34.03764],[19.36862,-34.04683],[19.39302,-34.07006],[19.39788,-34.0691],[19.40643,-34.0688],[19.40845,-34.07029],[19.41202,-34.07151],[19.41597,-34.07097],[19.41837,-34.0691],[19.42299,-34.06824],[19.42632,-34.06843],[19.42888,-34.06983],[19.43193,-34.07014],[19.43634,-34.06898],[19.44406,-34.08262],[19.44593,-34.08162],[19.44675,-34.07914],[19.44858,-34.07798],[19.45459,-34.0892],[19.45689,-34.10192],[19.45629,-34.10423],[19.45864,-34.1059],[19.46261,-34.11136],[19.45859,-34.13193],[19.4598,-34.13161],[19.4753,-34.14025],[19.48047,-34.14946],[19.49502,-34.14426],[19.50169,-34.13957],[19.50134,-34.15755],[19.52346,-34.15529],[19.52146,-34.16307],[19.50313,-34.17197],[19.49567,-34.19067],[19.53136,-34.20214],[19.54927,-34.18689],[19.55806,-34.17668],[19.57737,-34.1793],[19.57658,-34.17894],[19.58392,-34.16787],[19.61206,-34.16323],[19.62399,-34.16907],[19.62649,-34.17378],[19.62722,-34.17985],[19.64003,-34.17722],[19.65617,-34.17959],[19.66348,-34.17385],[19.67345,-34.17055],[19.68437,-34.17081],[19.69462,-34.17427],[19.69854,-34.16618],[19.70371,-34.16093],[19.71023,-34.15695],[19.7179,-34.15465],[19.71373,-34.15091],[19.72004,-34.12581],[19.72258,-34.12451],[19.72446,-34.12541],[19.71969,-34.11744],[19.72464,-34.09376],[19.72288,-34.08462],[19.72515,-34.07674],[19.72256,-34.07652],[19.72793,-34.06585],[19.72904,-34.05541],[19.73503,-34.04109],[19.71483,-34.04891],[19.70018,-34.04633],[19.68071,-34.00907]]]}},{"type":"Feature","id":"Gordons Bay","properties":{"name":"Gordons Bay","includes":["Gordons Bay"],"district":"City of Cape Town","population":20941,"rate_reliable":true,"counts":{"all17":954,"contact":197,"property":218,"murder":3,"attempted_murder":0,"sexual":21,"robbery_agg":26,"robbery_common":28,"assault_gbh":7,"assault_common":112,"burglary_res":79,"burglary_nonres":13,"theft_vehicle":20,"theft_from_vehicle":106,"carjacking":2,"house_robbery":3,"business_robbery":1,"drugs":152,"firearms":1},"previous":{"all17":976,"contact":173,"property":283,"murder":0,"attempted_murder":0,"sexual":12,"robbery_agg":36,"robbery_common":13,"assault_gbh":10,"assault_common":102,"burglary_res":138,"burglary_nonres":19,"theft_vehicle":28,"theft_from_vehicle":95,"carjacking":1,"house_robbery":5,"business_robbery":3,"drugs":113,"firearms":4},"rates":{"all17":4555.7,"contact":940.7,"property":1041.0,"murder":14.3,"attempted_murder":0.0,"sexual":100.3,"robbery_agg":124.2,"robbery_common":133.7,"assault_gbh":33.4,"assault_common":534.8,"burglary_res":377.3,"burglary_nonres":62.1,"theft_vehicle":95.5,"theft_from_vehicle":506.2,"carjacking":9.6,"house_robbery":14.3,"business_robbery":4.8,"drugs":725.8,"firearms":4.8}},"geometry":{"type":"Polygon","coordinates":[[[18.84917,-34.14438],[18.85148,-34.14779],[18.85532,-34.15025],[18.85543,-34.15176],[18.85673,-34.15085],[18.85818,-34.15088],[18.85659,-34.15076],[18.85664,-34.15014],[18.8575,-34.14987],[18.85886,-34.15106],[18.85802,-34.15233],[18.85626,-34.1519],[18.85822,-34.15247],[18.8607,-34.15468],[18.86603,-34.15674],[18.8669,-34.16049],[18.86346,-34.16318],[18.85776,-34.16353],[18.85834,-34.16541],[18.84157,-34.17197],[18.83814,-34.17212],[18.83345,-34.17533],[18.82997,-34.1769],[18.82791,-34.17913],[18.82438,-34.18096],[18.82144,-34.18353],[18.81984,-34.18605],[18.81856,-34.19102],[18.81987,-34.19751],[18.82507,-34.20335],[18.8296,-34.20668],[18.82986,-34.20851],[18.83116,-34.20923],[18.83072,-34.21063],[18.83227,-34.2117],[18.83178,-34.21545],[18.8296,-34.21674],[18.82969,-34.21822],[18.83192,-34.2193],[18.83421,-34.22253],[18.84085,-34.22729],[18.85251,-34.23931],[18.85316,-34.24304],[18.85233,-34.24439],[18.85435,-34.2473],[18.8538,-34.24965],[18.85541,-34.25305],[18.85212,-34.26022],[18.85187,-34.26356],[18.84996,-34.26621],[18.84277,-34.27129],[18.83765,-34.27251],[18.83417,-34.2743],[18.83045,-34.27468],[18.82854,-34.27681],[18.82588,-34.28236],[18.82405,-34.28411],[18.82385,-34.28729],[18.8206,-34.29018],[18.8205,-34.29467],[18.82284,-34.29934],[18.82318,-34.29833],[18.82202,-34.29637],[18.822,-34.29169],[18.82481,-34.28743],[18.8253,-34.2847],[18.82994,-34.28385],[18.84067,-34.27579],[18.84641,-34.26958],[18.85022,-34.27024],[18.86569,-34.26394],[18.86779,-34.25724],[18.88022,-34.24816],[18.87537,-34.22932],[18.85956,-34.21402],[18.85552,-34.18877],[18.85348,-34.18885],[18.85282,-34.18737],[18.84773,-34.18447],[18.84724,-34.18273],[18.8498,-34.18105],[18.858,-34.18001],[18.86908,-34.17761],[18.88983,-34.17137],[18.8962,-34.16843],[18.90116,-34.16789],[18.90066,-34.16641],[18.90133,-34.166],[18.90695,-34.16438],[18.91056,-34.16236],[18.91387,-34.16145],[18.91474,-34.16054],[18.91742,-34.16062],[18.91912,-34.15906],[18.92102,-34.15975],[18.9223,-34.15901],[18.92338,-34.1593],[18.92363,-34.15839],[18.92263,-34.15723],[18.92528,-34.15669],[18.92701,-34.15508],[18.92825,-34.15517],[18.92879,-34.15451],[18.93202,-34.1538],[18.93206,-34.15455],[18.93442,-34.15393],[18.93859,-34.15463],[18.94161,-34.15314],[18.9388,-34.15285],[18.93384,-34.15021],[18.93006,-34.15141],[18.92874,-34.15045],[18.92785,-34.14843],[18.92964,-34.14575],[18.93184,-34.13951],[18.935,-34.13774],[18.93788,-34.13699],[18.93824,-34.13563],[18.93762,-34.13228],[18.93402,-34.12747],[18.93274,-34.12672],[18.93142,-34.12688],[18.93005,-34.12797],[18.93116,-34.13091],[18.9308,-34.1326],[18.92189,-34.13483],[18.89022,-34.12415],[18.88651,-34.12596],[18.88558,-34.12859],[18.88368,-34.12978],[18.88272,-34.13263],[18.87767,-34.13744],[18.8774,-34.13875],[18.87832,-34.14065],[18.87609,-34.14367],[18.87544,-34.14384],[18.86824,-34.13481],[18.85449,-34.14262],[18.85328,-34.14321],[18.85252,-34.14228],[18.84917,-34.14438]]]}},{"type":"Feature","id":"Melkbosstrand","properties":{"name":"Melkbosstrand","includes":["Melkbosstrand"],"district":"City of Cape Town","population":11159,"rate_reliable":true,"counts":{"all17":393,"contact":62,"property":72,"murder":2,"attempted_murder":0,"sexual":8,"robbery_agg":5,"robbery_common":1,"assault_gbh":14,"assault_common":32,"burglary_res":21,"burglary_nonres":15,"theft_vehicle":4,"theft_from_vehicle":32,"carjacking":0,"house_robbery":1,"business_robbery":0,"drugs":50,"firearms":3},"previous":{"all17":471,"contact":90,"property":115,"murder":1,"attempted_murder":0,"sexual":6,"robbery_agg":5,"robbery_common":9,"assault_gbh":11,"assault_common":58,"burglary_res":58,"burglary_nonres":5,"theft_vehicle":3,"theft_from_vehicle":49,"carjacking":0,"house_robbery":2,"business_robbery":0,"drugs":26,"firearms":0},"rates":{"all17":3521.8,"contact":555.6,"property":645.2,"murder":17.9,"attempted_murder":0.0,"sexual":71.7,"robbery_agg":44.8,"robbery_common":9.0,"assault_gbh":125.5,"assault_common":286.8,"burglary_res":188.2,"burglary_nonres":134.4,"theft_vehicle":35.8,"theft_from_vehicle":286.8,"carjacking":0.0,"house_robbery":9.0,"business_robbery":0.0,"drugs":448.1,"firearms":26.9}},"geometry":{"type":"Polygon","coordinates":[[[18.41933,-33.65752],[18.42207,-33.66184],[18.43486,-33.68706],[18.43675,-33.6931],[18.43966,-33.69935],[18.44281,-33.71186],[18.44405,-33.71308],[18.44261,-33.7147],[18.44373,-33.71921],[18.44292,-33.72132],[18.44213,-33.72149],[18.44247,-33.72316],[18.44123,-33.72596],[18.43727,-33.72895],[18.4357,-33.72943],[18.43472,-33.73141],[18.43522,-33.7366],[18.43859,-33.74067],[18.44011,-33.74371],[18.44106,-33.75053],[18.43959,-33.75186],[18.44082,-33.75765],[18.4427,-33.76244],[18.45796,-33.75763],[18.46059,-33.76228],[18.46865,-33.76217],[18.46865,-33.76095],[18.47296,-33.76001],[18.47302,-33.75415],[18.49384,-33.75098],[18.50531,-33.74148],[18.51749,-33.75621],[18.51582,-33.7504],[18.51428,-33.73348],[18.51059,-33.72134],[18.5145,-33.72154],[18.51462,-33.721],[18.51412,-33.72017],[18.50984,-33.71826],[18.5071,-33.70926],[18.50578,-33.68064],[18.50566,-33.67588],[18.5067,-33.6691],[18.51067,-33.65866],[18.51225,-33.64938],[18.51347,-33.63419],[18.50009,-33.63907],[18.48872,-33.64197],[18.41933,-33.65752]]]}},{"type":"Feature","id":"Atlantis","properties":{"name":"Atlantis","includes":["Atlantis"],"district":"City of Cape Town","population":94793,"rate_reliable":true,"counts":{"all17":3552,"contact":1732,"property":446,"murder":43,"attempted_murder":61,"sexual":101,"robbery_agg":157,"robbery_common":99,"assault_gbh":192,"assault_common":1079,"burglary_res":211,"burglary_nonres":70,"theft_vehicle":13,"theft_from_vehicle":130,"carjacking":3,"house_robbery":13,"business_robbery":14,"drugs":3070,"firearms":63},"previous":{"all17":3591,"contact":1748,"property":518,"murder":64,"attempted_murder":88,"sexual":104,"robbery_agg":150,"robbery_common":121,"assault_gbh":234,"assault_common":987,"burglary_res":234,"burglary_nonres":80,"theft_vehicle":15,"theft_from_vehicle":169,"carjacking":3,"house_robbery":11,"business_robbery":13,"drugs":2247,"firearms":101},"rates":{"all17":3747.1,"contact":1827.1,"property":470.5,"murder":45.4,"attempted_murder":64.4,"sexual":106.5,"robbery_agg":165.6,"robbery_common":104.4,"assault_gbh":202.5,"assault_common":1138.3,"burglary_res":222.6,"burglary_nonres":73.8,"theft_vehicle":13.7,"theft_from_vehicle":137.1,"carjacking":3.2,"house_robbery":13.7,"business_robbery":14.8,"drugs":3238.6,"firearms":66.5}},"geometry":{"type":"Polygon","coordinates":[[[18.53667,-33.52705],[18.52428,-33.52514],[18.52317,-33.51871],[18.5243,-33.50366],[18.51398,-33.49612],[18.50943,-33.48944],[18.49577,-33.48111],[18.48496,-33.47741],[18.47558,-33.47633],[18.45554,-33.47111],[18.43964,-33.49783],[18.41807,-33.50902],[18.39888,-33.50653],[18.39779,-33.50545],[18.39581,-33.51088],[18.3896,-33.50871],[18.38469,-33.51127],[18.36996,-33.52536],[18.35936,-33.54196],[18.36043,-33.54869],[18.34537,-33.55604],[18.343,-33.55795],[18.3431,-33.57092],[18.34589,-33.57209],[18.35044,-33.57673],[18.35545,-33.58052],[18.35863,-33.58681],[18.36037,-33.58848],[18.36074,-33.59006],[18.36014,-33.59076],[18.36125,-33.59475],[18.35982,-33.59565],[18.35861,-33.59779],[18.35696,-33.59829],[18.35702,-33.59906],[18.3596,-33.60016],[18.36375,-33.59919],[18.36653,-33.59973],[18.36747,-33.60063],[18.37289,-33.60809],[18.37285,-33.60983],[18.37144,-33.61107],[18.37403,-33.6133],[18.37543,-33.61635],[18.37788,-33.6191],[18.37944,-33.61904],[18.3816,-33.62009],[18.3847,-33.61991],[18.38529,-33.62061],[18.38473,-33.62177],[18.386,-33.62198],[18.3881,-33.62072],[18.39141,-33.62137],[18.39524,-33.62373],[18.3994,-33.62937],[18.40101,-33.63063],[18.40673,-33.6419],[18.41176,-33.6472],[18.41933,-33.65752],[18.48872,-33.64197],[18.50009,-33.63907],[18.51347,-33.63419],[18.51592,-33.61279],[18.50965,-33.59028],[18.5212,-33.58944],[18.52617,-33.5903],[18.53773,-33.59036],[18.56148,-33.58732],[18.57033,-33.58537],[18.59432,-33.58219],[18.59539,-33.58153],[18.59621,-33.582],[18.60837,-33.5805],[18.60031,-33.55948],[18.59746,-33.55513],[18.59799,-33.54984],[18.58515,-33.54783],[18.58001,-33.55765],[18.56874,-33.5621],[18.56693,-33.56019],[18.54176,-33.55242],[18.53667,-33.52705]]]}},{"type":"Feature","id":"Table Bay Harbour","properties":{"name":"Table Bay Harbour","includes":["Table Bay Harbour"],"district":"City of Cape Town","population":1157,"rate_reliable":false,"counts":{"all17":729,"contact":49,"property":31,"murder":0,"attempted_murder":2,"sexual":1,"robbery_agg":1,"robbery_common":7,"assault_gbh":6,"assault_common":32,"burglary_res":0,"burglary_nonres":4,"theft_vehicle":2,"theft_from_vehicle":25,"carjacking":0,"house_robbery":0,"business_robbery":0,"drugs":10,"firearms":0},"previous":{"all17":792,"contact":44,"property":31,"murder":0,"attempted_murder":0,"sexual":3,"robbery_agg":0,"robbery_common":5,"assault_gbh":7,"assault_common":29,"burglary_res":2,"burglary_nonres":3,"theft_vehicle":3,"theft_from_vehicle":23,"carjacking":0,"house_robbery":0,"business_robbery":0,"drugs":6,"firearms":0},"rates":{"all17":63007.8,"contact":4235.1,"property":2679.3,"murder":0.0,"attempted_murder":172.9,"sexual":86.4,"robbery_agg":86.4,"robbery_common":605.0,"assault_gbh":518.6,"assault_common":2765.8,"burglary_res":0.0,"burglary_nonres":345.7,"theft_vehicle":172.9,"theft_from_vehicle":2160.8,"carjacking":0.0,"house_robbery":0.0,"business_robbery":0.0,"drugs":864.3,"firearms":0.0}},"geometry":{"type":"MultiPolygon","coordinates":[[[[18.43451,-33.89755],[18.42547,-33.89993],[18.42385,-33.90122],[18.42338,-33.90078],[18.42088,-33.90116],[18.41858,-33.90246],[18.41519,-33.9007],[18.41381,-33.90159],[18.41835,-33.9051],[18.41333,-33.90843],[18.41637,-33.911],[18.41969,-33.91105],[18.42157,-33.91433],[18.42395,-33.91355],[18.42845,-33.91388],[18.43022,-33.91517],[18.43019,-33.91578],[18.43111,-33.91588],[18.43816,-33.92087],[18.44144,-33.92131],[18.45196,-33.92083],[18.45541,-33.9202],[18.46605,-33.91371],[18.47433,-33.90606],[18.47811,-33.89999],[18.47267,-33.90717],[18.47106,-33.90777],[18.46778,-33.91133],[18.46544,-33.91214],[18.45545,-33.91247],[18.45315,-33.91151],[18.4457,-33.9052],[18.44048,-33.90423],[18.43451,-33.89755]]],[[[18.37075,-33.82018],[18.37274,-33.81993],[18.37386,-33.81864],[18.3794,-33.81827],[18.37996,-33.8175],[18.38084,-33.81763],[18.38108,-33.81542],[18.38242,-33.81426],[18.38165,-33.81295],[18.38288,-33.81243],[18.38132,-33.81255],[18.38113,-33.80865],[18.37553,-33.80173],[18.37588,-33.79912],[18.37832,-33.79848],[18.37533,-33.79873],[18.37502,-33.79651],[18.3769,-33.7964],[18.37833,-33.79783],[18.37877,-33.79745],[18.37724,-33.79601],[18.37313,-33.79664],[18.37394,-33.793],[18.37383,-33.79221],[18.37251,-33.7913],[18.36898,-33.78984],[18.3641,-33.78982],[18.36233,-33.79034],[18.36242,-33.79216],[18.36175,-33.7932],[18.3584,-33.7963],[18.35782,-33.79981],[18.3567,-33.80176],[18.35901,-33.8045],[18.35943,-33.80711],[18.36096,-33.80985],[18.36128,-33.81141],[18.36071,-33.8144],[18.36225,-33.81558],[18.36202,-33.8161],[18.36457,-33.81651],[18.3639,-33.81702],[18.36434,-33.81755],[18.37075,-33.82018]]],[[[18.07555,-33.41364],[18.07376,-33.41232],[18.07214,-33.41354],[18.07276,-33.41512],[18.07388,-33.41527],[18.0734,-33.41549],[18.07384,-33.41805],[18.07503,-33.41815],[18.0745,-33.41868],[18.07589,-33.41918],[18.07552,-33.4196],[18.07726,-33.42087],[18.07693,-33.4215],[18.07787,-33.42224],[18.07754,-33.42261],[18.08003,-33.42399],[18.07969,-33.42435],[18.081,-33.42525],[18.08068,-33.42569],[18.0818,-33.42711],[18.08231,-33.42693],[18.08219,-33.42741],[18.08271,-33.42717],[18.0848,-33.42874],[18.08443,-33.4306],[18.08316,-33.43029],[18.08228,-33.43101],[18.08243,-33.43187],[18.0817,-33.43152],[18.08168,-33.4322],[18.0848,-33.43274],[18.0852,-33.43349],[18.08592,-33.4332],[18.08621,-33.43409],[18.08657,-33.43336],[18.08862,-33.43379],[18.08899,-33.43337],[18.08899,-33.43389],[18.08944,-33.43336],[18.0899,-33.43378],[18.08986,-33.43312],[18.09011,-33.43371],[18.09076,-33.43349],[18.09237,-33.43113],[18.09357,-33.43151],[18.09547,-33.43079],[18.09775,-33.43205],[18.09854,-33.4315],[18.09868,-33.43027],[18.09586,-33.42792],[18.09689,-33.42731],[18.09637,-33.42713],[18.09695,-33.42686],[18.0965,-33.42635],[18.09738,-33.42585],[18.09633,-33.42548],[18.09712,-33.42521],[18.09524,-33.42439],[18.096,-33.42402],[18.09546,-33.4235],[18.09501,-33.42382],[18.09494,-33.42317],[18.09299,-33.42294],[18.09304,-33.42228],[18.09268,-33.42274],[18.09278,-33.42217],[18.09159,-33.42133],[18.09197,-33.42064],[18.0913,-33.4206],[18.09177,-33.42013],[18.09092,-33.42006],[18.09173,-33.41975],[18.09078,-33.41975],[18.09144,-33.4194],[18.09043,-33.41826],[18.09105,-33.41781],[18.09035,-33.4179],[18.09109,-33.41736],[18.09035,-33.41695],[18.091,-33.41638],[18.09035,-33.41638],[18.09041,-33.4146],[18.08952,-33.41432],[18.08959,-33.41354],[18.08815,-33.41355],[18.08771,-33.41488],[18.08813,-33.41541],[18.08745,-33.41503],[18.08762,-33.41554],[18.08673,-33.41583],[18.0867,-33.41749],[18.08333,-33.41862],[18.08163,-33.41769],[18.07991,-33.41821],[18.08011,-33.41782],[18.07812,-33.41618],[18.0773,-33.41651],[18.07785,-33.41595],[18.07628,-33.41513],[18.07603,-33.41403],[18.07523,-33.41398],[18.07555,-33.41364]]]]}},{"type":"Feature","id":"Wynberg","properties":{"name":"Wynberg","includes":["Wynberg"],"district":"City of Cape Town","population":26172,"rate_reliable":true,"counts":{"all17":1733,"contact":447,"property":404,"murder":3,"attempted_murder":8,"sexual":24,"robbery_agg":117,"robbery_common":110,"assault_gbh":50,"assault_common":135,"burglary_res":88,"burglary_nonres":33,"theft_vehicle":32,"theft_from_vehicle":251,"carjacking":2,"house_robbery":6,"business_robbery":4,"drugs":1780,"firearms":9},"previous":{"all17":1955,"contact":478,"property":512,"murder":6,"attempted_murder":2,"sexual":19,"robbery_agg":142,"robbery_common":106,"assault_gbh":42,"assault_common":161,"burglary_res":107,"burglary_nonres":53,"theft_vehicle":33,"theft_from_vehicle":319,"carjacking":5,"house_robbery":1,"business_robbery":7,"drugs":1324,"firearms":9},"rates":{"all17":6621.6,"contact":1707.9,"property":1543.6,"murder":11.5,"attempted_murder":30.6,"sexual":91.7,"robbery_agg":447.0,"robbery_common":420.3,"assault_gbh":191.0,"assault_common":515.8,"burglary_res":336.2,"burglary_nonres":126.1,"theft_vehicle":122.3,"theft_from_vehicle":959.0,"carjacking":7.6,"house_robbery":22.9,"business_robbery":15.3,"drugs":6801.2,"firearms":34.4}},"geometry":{"type":"Polygon","coordinates":[[[18.41757,-33.97885],[18.41336,-33.97674],[18.41075,-33.97307],[18.40702,-33.97398],[18.40466,-33.97367],[18.39836,-33.97083],[18.39601,-33.96846],[18.39503,-33.96935],[18.39189,-33.97019],[18.39157,-33.97083],[18.39323,-33.97162],[18.39252,-33.97236],[18.38985,-33.97299],[18.38901,-33.97516],[18.38666,-33.97574],[18.38769,-33.97782],[18.38687,-33.9779],[18.38652,-33.97912],[18.38124,-33.97946],[18.38261,-33.98239],[18.38232,-33.98308],[18.38047,-33.98363],[18.37833,-33.98315],[18.37783,-33.98482],[18.3796,-33.98558],[18.37947,-33.98601],[18.37493,-33.98777],[18.37351,-33.98896],[18.3735,-33.99356],[18.37167,-33.99363],[18.36961,-33.99553],[18.36634,-33.99556],[18.36059,-33.99875],[18.35658,-33.99851],[18.35508,-33.99902],[18.35502,-33.99975],[18.35698,-34.0006],[18.35421,-34.00399],[18.35501,-34.00459],[18.35764,-34.00339],[18.36215,-34.00308],[18.36727,-34.00387],[18.36867,-34.00305],[18.37329,-34.00414],[18.37387,-34.00377],[18.3734,-34.00235],[18.3739,-34.00155],[18.37769,-34.00134],[18.37866,-34.00002],[18.38088,-33.99952],[18.38394,-33.99617],[18.38392,-33.99329],[18.38246,-33.99179],[18.38436,-33.98981],[18.38343,-33.98674],[18.38374,-33.98606],[18.38583,-33.98585],[18.38667,-33.98513],[18.38802,-33.9821],[18.3891,-33.9811],[18.39336,-33.9797],[18.39498,-33.98049],[18.39363,-33.9825],[18.39374,-33.98331],[18.40107,-33.98592],[18.40456,-33.98793],[18.40922,-33.99179],[18.40564,-33.99989],[18.40622,-34.00115],[18.40948,-33.9994],[18.40399,-34.00701],[18.40636,-34.00971],[18.40592,-34.01205],[18.40953,-34.00988],[18.41475,-34.01109],[18.41626,-34.01267],[18.41512,-34.01496],[18.41705,-34.01572],[18.41789,-34.01797],[18.4201,-34.02062],[18.42956,-34.02328],[18.43251,-34.02499],[18.43561,-34.02423],[18.43787,-34.02181],[18.44766,-34.01934],[18.45058,-34.016],[18.4544,-34.01386],[18.46704,-34.01465],[18.46886,-34.01419],[18.46857,-34.01568],[18.48154,-34.01433],[18.48116,-34.01338],[18.49576,-34.01209],[18.5014,-34.00083],[18.49552,-34.00177],[18.4941,-33.99506],[18.49115,-33.98759],[18.49047,-33.98723],[18.49043,-33.98888],[18.48746,-33.98856],[18.47839,-33.99492],[18.46919,-33.99474],[18.46904,-33.99547],[18.46462,-33.99777],[18.46265,-33.99555],[18.46098,-33.99189],[18.45912,-33.99391],[18.45542,-33.99348],[18.4544,-33.99491],[18.44739,-33.99458],[18.43788,-33.99776],[18.43263,-33.99358],[18.42223,-33.99135],[18.4174,-33.98968],[18.41644,-33.98722],[18.41712,-33.98619],[18.4168,-33.9835],[18.41707,-33.98308],[18.41927,-33.9835],[18.41653,-33.97946],[18.41757,-33.97885]]]}},{"type":"Feature","id":"Grassy Park","properties":{"name":"Grassy Park","includes":["Grassy Park"],"district":"City of Cape Town","population":111686,"rate_reliable":true,"counts":{"all17":3451,"contact":1308,"property":516,"murder":61,"attempted_murder":72,"sexual":66,"robbery_agg":294,"robbery_common":116,"assault_gbh":106,"assault_common":593,"burglary_res":198,"burglary_nonres":41,"theft_vehicle":54,"theft_from_vehicle":223,"carjacking":40,"house_robbery":8,"business_robbery":8,"drugs":2246,"firearms":121},"previous":{"all17":3761,"contact":1353,"property":694,"murder":60,"attempted_murder":87,"sexual":69,"robbery_agg":309,"robbery_common":90,"assault_gbh":127,"assault_common":611,"burglary_res":317,"burglary_nonres":53,"theft_vehicle":81,"theft_from_vehicle":243,"carjacking":42,"house_robbery":9,"business_robbery":11,"drugs":1848,"firearms":103},"rates":{"all17":3089.9,"contact":1171.1,"property":462.0,"murder":54.6,"attempted_murder":64.5,"sexual":59.1,"robbery_agg":263.2,"robbery_common":103.9,"assault_gbh":94.9,"assault_common":531.0,"burglary_res":177.3,"burglary_nonres":36.7,"theft_vehicle":48.3,"theft_from_vehicle":199.7,"carjacking":35.8,"house_robbery":7.2,"business_robbery":7.2,"drugs":2011.0,"firearms":108.3}},"geometry":{"type":"Polygon","coordinates":[[[18.52227,-34.0167],[18.51228,-34.01771],[18.5057,-34.01463],[18.49576,-34.01209],[18.48866,-34.02592],[18.49,-34.02899],[18.49186,-34.038],[18.48738,-34.04641],[18.48962,-34.06294],[18.4967,-34.07435],[18.50322,-34.07401],[18.50278,-34.07902],[18.50455,-34.08164],[18.50431,-34.08586],[18.50175,-34.0907],[18.50394,-34.09619],[18.53511,-34.09001],[18.52912,-34.07582],[18.53884,-34.07219],[18.53198,-34.06556],[18.5232,-34.02403],[18.52364,-34.02382],[18.52227,-34.0167]]]}},{"type":"Feature","id":"Nyanga","properties":{"name":"Nyanga","includes":["Nyanga"],"district":"City of Cape Town","population":170119,"rate_reliable":true,"counts":{"all17":5131,"contact":3622,"property":323,"murder":218,"attempted_murder":113,"sexual":214,"robbery_agg":1073,"robbery_common":532,"assault_gbh":621,"assault_common":851,"burglary_res":194,"burglary_nonres":8,"theft_vehicle":50,"theft_from_vehicle":71,"carjacking":175,"house_robbery":115,"business_robbery":8,"drugs":1709,"firearms":59},"previous":{"all17":5357,"contact":3702,"property":391,"murder":239,"attempted_murder":115,"sexual":188,"robbery_agg":1176,"robbery_common":522,"assault_gbh":619,"assault_common":843,"burglary_res":273,"burglary_nonres":11,"theft_vehicle":42,"theft_from_vehicle":65,"carjacking":220,"house_robbery":129,"business_robbery":6,"drugs":1513,"firearms":62},"rates":{"all17":3016.1,"contact":2129.1,"property":189.9,"murder":128.1,"attempted_murder":66.4,"sexual":125.8,"robbery_agg":630.7,"robbery_common":312.7,"assault_gbh":365.0,"assault_common":500.2,"burglary_res":114.0,"burglary_nonres":4.7,"theft_vehicle":29.4,"theft_from_vehicle":41.7,"carjacking":102.9,"house_robbery":67.6,"business_robbery":4.7,"drugs":1004.6,"firearms":34.7}},"geometry":{"type":"Polygon","coordinates":[[[18.63982,-33.99468],[18.63502,-33.9975],[18.63045,-33.9988],[18.62793,-33.99867],[18.60595,-33.99052],[18.60586,-33.98968],[18.60497,-33.98982],[18.59333,-33.98546],[18.59051,-33.98352],[18.58825,-33.98014],[18.58528,-33.9861],[18.58144,-33.98459],[18.58075,-33.9858],[18.58373,-33.99193],[18.58027,-33.99168],[18.57969,-33.99266],[18.58071,-34.00118],[18.56193,-34.00214],[18.56388,-34.00426],[18.56526,-34.0106],[18.56838,-34.01354],[18.57241,-34.0151],[18.57527,-34.01506],[18.5753,-34.01553],[18.5897,-34.01451],[18.59392,-34.01291],[18.59261,-33.99962],[18.59923,-33.99805],[18.60765,-33.99706],[18.61908,-33.99819],[18.62119,-33.99899],[18.62935,-34.00517],[18.63323,-34.00316],[18.63899,-34.00362],[18.63758,-34.00134],[18.63715,-33.99886],[18.63778,-33.99707],[18.63982,-33.99468]]]}},{"type":"Feature","id":"Paarl","properties":{"name":"Paarl","includes":["Paarl"],"district":"Cape Winelands","population":50485,"rate_reliable":true,"counts":{"all17":3012,"contact":702,"property":785,"murder":5,"attempted_murder":36,"sexual":46,"robbery_agg":119,"robbery_common":99,"assault_gbh":112,"assault_common":285,"burglary_res":172,"burglary_nonres":216,"theft_vehicle":22,"theft_from_vehicle":367,"carjacking":4,"house_robbery":6,"business_robbery":20,"drugs":772,"firearms":9},"previous":{"all17":3251,"contact":836,"property":944,"murder":8,"attempted_murder":77,"sexual":60,"robbery_agg":124,"robbery_common":138,"assault_gbh":118,"assault_common":311,"burglary_res":201,"burglary_nonres":232,"theft_vehicle":43,"theft_from_vehicle":447,"carjacking":3,"house_robbery":13,"business_robbery":13,"drugs":740,"firearms":18},"rates":{"all17":5966.1,"contact":1390.5,"property":1554.9,"murder":9.9,"attempted_murder":71.3,"sexual":91.1,"robbery_agg":235.7,"robbery_common":196.1,"assault_gbh":221.8,"assault_common":564.5,"burglary_res":340.7,"burglary_nonres":427.8,"theft_vehicle":43.6,"theft_from_vehicle":726.9,"carjacking":7.9,"house_robbery":11.9,"business_robbery":39.6,"drugs":1529.2,"firearms":17.8}},"geometry":{"type":"Polygon","coordinates":[[[18.96796,-33.65048],[18.95938,-33.65214],[18.95183,-33.63561],[18.94807,-33.63004],[18.93897,-33.61915],[18.93017,-33.60238],[18.91735,-33.58952],[18.90773,-33.58202],[18.88753,-33.56753],[18.87726,-33.57335],[18.86241,-33.5751],[18.85583,-33.56904],[18.84431,-33.57499],[18.84482,-33.58462],[18.84741,-33.5874],[18.83784,-33.58967],[18.83793,-33.59551],[18.83609,-33.60472],[18.81837,-33.5954],[18.81454,-33.59552],[18.81596,-33.59996],[18.81007,-33.6109],[18.78444,-33.64063],[18.77811,-33.6491],[18.76325,-33.64888],[18.75928,-33.6708],[18.76793,-33.69726],[18.76318,-33.70329],[18.76767,-33.70573],[18.76329,-33.71429],[18.7698,-33.71991],[18.77105,-33.71944],[18.77302,-33.71727],[18.77466,-33.71846],[18.77079,-33.7213],[18.76923,-33.72681],[18.77032,-33.7291],[18.792,-33.73253],[18.79928,-33.72944],[18.7948,-33.70701],[18.7964,-33.69539],[18.80274,-33.69299],[18.82935,-33.68793],[18.8314,-33.69595],[18.83555,-33.69406],[18.84728,-33.69295],[18.85259,-33.69636],[18.85312,-33.69833],[18.85606,-33.70058],[18.85891,-33.699],[18.85954,-33.69773],[18.86341,-33.69633],[18.86816,-33.69327],[18.86867,-33.69164],[18.872,-33.69636],[18.8702,-33.70221],[18.87065,-33.70346],[18.8663,-33.71026],[18.87178,-33.70517],[18.87266,-33.70593],[18.87604,-33.70276],[18.87524,-33.70164],[18.88204,-33.69997],[18.89469,-33.70408],[18.9128,-33.71282],[18.90568,-33.73755],[18.90792,-33.74695],[18.91793,-33.75807],[18.91998,-33.7584],[18.92416,-33.76226],[18.92751,-33.7558],[18.9318,-33.7597],[18.93741,-33.76295],[18.93756,-33.76749],[18.9368,-33.76752],[18.93707,-33.77558],[18.94435,-33.78393],[18.94255,-33.78436],[18.94403,-33.7854],[18.93744,-33.78718],[18.93665,-33.79151],[18.93987,-33.79088],[18.94029,-33.79168],[18.94647,-33.79402],[18.948,-33.80003],[18.93589,-33.80868],[18.94485,-33.80604],[18.94638,-33.81249],[18.94927,-33.81074],[18.9493,-33.81203],[18.95093,-33.81177],[18.95075,-33.81015],[18.95396,-33.80862],[18.95516,-33.81092],[18.95407,-33.81147],[18.95406,-33.81257],[18.95653,-33.81439],[18.95852,-33.81696],[18.96331,-33.81895],[18.96428,-33.823],[18.96582,-33.82426],[18.96942,-33.82542],[18.9695,-33.82889],[18.97382,-33.83142],[18.97642,-33.83532],[18.97911,-33.83649],[18.98139,-33.83852],[18.9854,-33.83978],[18.99144,-33.84429],[18.99303,-33.84835],[18.99446,-33.84991],[19.02027,-33.84516],[19.01959,-33.84474],[19.02717,-33.84011],[19.03117,-33.84392],[19.03393,-33.83868],[19.02119,-33.82742],[19.0516,-33.80805],[19.06731,-33.80325],[19.0616,-33.80081],[19.0627,-33.79675],[19.11355,-33.76317],[19.11301,-33.75405],[19.14017,-33.78851],[19.15516,-33.78993],[19.17872,-33.80907],[19.2021,-33.80924],[19.18815,-33.75379],[19.1861,-33.72364],[19.18405,-33.71531],[19.1488,-33.70213],[19.14754,-33.65602],[19.12749,-33.66375],[19.12382,-33.6754],[19.1072,-33.68581],[19.09037,-33.68447],[19.08467,-33.6913],[19.0685,-33.68758],[19.0555,-33.67952],[19.05533,-33.68259],[19.05463,-33.68359],[19.04838,-33.68334],[19.03935,-33.68133],[19.03479,-33.67839],[19.01929,-33.67731],[19.0169,-33.67825],[19.01109,-33.67825],[19.01737,-33.68504],[19.01581,-33.68907],[19.016,-33.69256],[19.01575,-33.69323],[19.01327,-33.69374],[19.01119,-33.6956],[19.01049,-33.6973],[19.01095,-33.69989],[19.00712,-33.70167],[19.01027,-33.70683],[19.008,-33.7066],[19.00577,-33.70775],[19.00134,-33.71486],[19.00038,-33.7144],[18.99837,-33.72259],[19.00142,-33.72314],[19.00427,-33.72494],[19.00585,-33.7252],[19.00647,-33.72619],[19.00896,-33.72724],[19.00962,-33.72689],[19.01262,-33.7334],[19.01811,-33.73662],[19.01683,-33.7376],[19.0158,-33.73982],[19.00736,-33.74091],[18.99578,-33.73865],[18.99138,-33.73853],[18.99031,-33.73616],[18.99038,-33.73218],[18.9795,-33.72967],[18.98158,-33.72784],[18.98249,-33.72555],[18.9804,-33.71928],[18.98056,-33.71804],[18.98823,-33.70125],[18.98024,-33.69738],[18.97488,-33.68978],[18.97435,-33.68692],[18.97711,-33.68142],[18.97559,-33.67858],[18.97571,-33.6769],[18.97835,-33.67529],[18.97978,-33.67343],[18.98255,-33.67302],[18.98472,-33.67147],[18.98222,-33.66723],[18.97164,-33.66697],[18.96983,-33.66603],[18.96543,-33.65954],[18.96558,-33.65751],[18.96694,-33.65574],[18.96667,-33.65314],[18.96778,-33.65185],[18.96796,-33.65048]]]}},{"type":"Feature","id":"Darling","properties":{"name":"Darling","includes":["Darling"],"district":"West Coast","population":20122,"rate_reliable":true,"counts":{"all17":682,"contact":269,"property":118,"murder":5,"attempted_murder":2,"sexual":16,"robbery_agg":9,"robbery_common":5,"assault_gbh":86,"assault_common":146,"burglary_res":70,"burglary_nonres":9,"theft_vehicle":2,"theft_from_vehicle":18,"carjacking":0,"house_robbery":1,"business_robbery":2,"drugs":269,"firearms":2},"previous":{"all17":591,"contact":228,"property":113,"murder":1,"attempted_murder":1,"sexual":14,"robbery_agg":21,"robbery_common":10,"assault_gbh":62,"assault_common":119,"burglary_res":79,"burglary_nonres":8,"theft_vehicle":2,"theft_from_vehicle":22,"carjacking":1,"house_robbery":9,"business_robbery":0,"drugs":116,"firearms":1},"rates":{"all17":3389.3,"contact":1336.8,"property":586.4,"murder":24.8,"attempted_murder":9.9,"sexual":79.5,"robbery_agg":44.7,"robbery_common":24.8,"assault_gbh":427.4,"assault_common":725.6,"burglary_res":347.9,"burglary_nonres":44.7,"theft_vehicle":9.9,"theft_from_vehicle":89.5,"carjacking":0.0,"house_robbery":5.0,"business_robbery":9.9,"drugs":1336.8,"firearms":9.9}},"geometry":{"type":"Polygon","coordinates":[[[18.15596,-33.32066],[18.15743,-33.32292],[18.16099,-33.33459],[18.16085,-33.34194],[18.15957,-33.34409],[18.15713,-33.34419],[18.15306,-33.34756],[18.14727,-33.34661],[18.14772,-33.34818],[18.14593,-33.34915],[18.14669,-33.35118],[18.14908,-33.35373],[18.15322,-33.35494],[18.15872,-33.36333],[18.16322,-33.36619],[18.163,-33.36839],[18.16676,-33.36917],[18.174,-33.37381],[18.18381,-33.37858],[18.21167,-33.39432],[18.21909,-33.39978],[18.22893,-33.40572],[18.23507,-33.41113],[18.23867,-33.41334],[18.25547,-33.42719],[18.27423,-33.44509],[18.28895,-33.46105],[18.29056,-33.46374],[18.29462,-33.46749],[18.29724,-33.47168],[18.30347,-33.47833],[18.30442,-33.48148],[18.30589,-33.48208],[18.30683,-33.48081],[18.30742,-33.48287],[18.3065,-33.48536],[18.30723,-33.48855],[18.31133,-33.49388],[18.30992,-33.49574],[18.31024,-33.49641],[18.31143,-33.49733],[18.31391,-33.4972],[18.31425,-33.49648],[18.31586,-33.49634],[18.31653,-33.4976],[18.31407,-33.50169],[18.31498,-33.50503],[18.31269,-33.50665],[18.31393,-33.50864],[18.31662,-33.50936],[18.31873,-33.51096],[18.32104,-33.51556],[18.32182,-33.51569],[18.32156,-33.51469],[18.32532,-33.51703],[18.32416,-33.52023],[18.32338,-33.51994],[18.32176,-33.52214],[18.31974,-33.52214],[18.31845,-33.52318],[18.31724,-33.52652],[18.31726,-33.52877],[18.31482,-33.53281],[18.3175,-33.53685],[18.31823,-33.54034],[18.31764,-33.54086],[18.31616,-33.54029],[18.31282,-33.54108],[18.3133,-33.54609],[18.31069,-33.54733],[18.31082,-33.54904],[18.30964,-33.55127],[18.31026,-33.55265],[18.30956,-33.55664],[18.31217,-33.56255],[18.31136,-33.56383],[18.30931,-33.56444],[18.31082,-33.56852],[18.31141,-33.56931],[18.31421,-33.56941],[18.3179,-33.57155],[18.31989,-33.57427],[18.32404,-33.57527],[18.32507,-33.57484],[18.32566,-33.57326],[18.32547,-33.57116],[18.32687,-33.57013],[18.33086,-33.57119],[18.33272,-33.56936],[18.33554,-33.56931],[18.3374,-33.5697],[18.34115,-33.5724],[18.34158,-33.57089],[18.3431,-33.57092],[18.343,-33.55795],[18.34537,-33.55604],[18.36043,-33.54869],[18.35936,-33.54196],[18.36996,-33.52536],[18.38469,-33.51127],[18.3896,-33.50871],[18.39581,-33.51088],[18.39779,-33.50545],[18.39888,-33.50653],[18.41807,-33.50902],[18.43964,-33.49783],[18.45554,-33.47111],[18.47558,-33.47633],[18.48496,-33.47741],[18.49577,-33.48111],[18.50943,-33.48944],[18.51398,-33.49612],[18.5243,-33.50366],[18.52317,-33.51871],[18.52428,-33.52514],[18.53667,-33.52705],[18.5642,-33.52346],[18.57446,-33.48595],[18.57897,-33.47853],[18.60229,-33.48363],[18.60657,-33.47014],[18.60423,-33.46651],[18.59226,-33.45865],[18.5889,-33.44775],[18.58116,-33.44247],[18.56845,-33.4317],[18.55057,-33.43994],[18.52104,-33.40704],[18.53952,-33.39849],[18.52395,-33.36902],[18.50917,-33.35201],[18.50782,-33.3324],[18.51003,-33.30795],[18.49091,-33.28459],[18.52326,-33.28148],[18.54631,-33.27514],[18.51902,-33.25165],[18.50531,-33.23862],[18.4994,-33.2275],[18.44441,-33.21796],[18.44671,-33.20898],[18.42015,-33.19211],[18.40681,-33.19401],[18.39393,-33.18591],[18.36805,-33.15531],[18.36381,-33.16014],[18.32771,-33.16354],[18.30847,-33.17983],[18.28796,-33.12994],[18.24443,-33.15326],[18.23177,-33.1526],[18.23849,-33.1956],[18.20669,-33.21303],[18.19553,-33.2456],[18.19422,-33.27714],[18.19162,-33.29405],[18.1664,-33.28755],[18.16237,-33.29042],[18.16036,-33.30689],[18.16381,-33.31983],[18.15596,-33.32066]]]}},{"type":"Feature","id":"Eendekuil","properties":{"name":"Eendekuil","includes":["Eendekuil"],"district":"West Coast","population":4665,"rate_reliable":false,"counts":{"all17":69,"contact":38,"property":9,"murder":2,"attempted_murder":0,"sexual":3,"robbery_agg":0,"robbery_common":0,"assault_gbh":9,"assault_common":24,"burglary_res":7,"burglary_nonres":0,"theft_vehicle":1,"theft_from_vehicle":0,"carjacking":0,"house_robbery":0,"business_robbery":0,"drugs":155,"firearms":0},"previous":{"all17":85,"contact":60,"property":10,"murder":1,"attempted_murder":1,"sexual":6,"robbery_agg":0,"robbery_common":0,"assault_gbh":22,"assault_common":30,"burglary_res":5,"burglary_nonres":2,"theft_vehicle":0,"theft_from_vehicle":2,"carjacking":0,"house_robbery":0,"business_robbery":0,"drugs":109,"firearms":6},"rates":{"all17":1479.1,"contact":814.6,"property":192.9,"murder":42.9,"attempted_murder":0.0,"sexual":64.3,"robbery_agg":0.0,"robbery_common":0.0,"assault_gbh":192.9,"assault_common":514.5,"burglary_res":150.1,"burglary_nonres":0.0,"theft_vehicle":21.4,"theft_from_vehicle":0.0,"carjacking":0.0,"house_robbery":0.0,"business_robbery":0.0,"drugs":3322.6,"firearms":0.0}},"geometry":{"type":"Polygon","coordinates":[[[19.0167,-32.75663],[19.00724,-32.71611],[18.97307,-32.67038],[18.96561,-32.65387],[18.96075,-32.63288],[18.96322,-32.61724],[18.94998,-32.59906],[18.93106,-32.60671],[18.91252,-32.58454],[18.90587,-32.57479],[18.88627,-32.55552],[18.86557,-32.54235],[18.86739,-32.53907],[18.84903,-32.52171],[18.82774,-32.51125],[18.7957,-32.51937],[18.78667,-32.52037],[18.78483,-32.52249],[18.78324,-32.52964],[18.78785,-32.54315],[18.79154,-32.55936],[18.80402,-32.57195],[18.7685,-32.56519],[18.725,-32.56641],[18.71351,-32.5994],[18.71321,-32.60354],[18.69768,-32.60662],[18.68535,-32.58819],[18.65887,-32.56922],[18.63456,-32.58192],[18.6621,-32.60443],[18.66345,-32.60649],[18.66135,-32.60636],[18.66231,-32.60689],[18.65303,-32.62288],[18.64134,-32.63977],[18.65862,-32.66134],[18.65706,-32.67188],[18.67418,-32.68316],[18.69583,-32.69122],[18.6808,-32.71585],[18.70759,-32.74732],[18.73773,-32.75189],[18.72869,-32.72762],[18.75914,-32.72197],[18.74815,-32.70589],[18.75345,-32.69635],[18.7436,-32.673],[18.74791,-32.67331],[18.75811,-32.69732],[18.78633,-32.70677],[18.79345,-32.75777],[18.77022,-32.77513],[18.80518,-32.78895],[18.80222,-32.8021],[18.80748,-32.80495],[18.81554,-32.81399],[18.82644,-32.80901],[18.84817,-32.81926],[18.84883,-32.81525],[18.8502,-32.81481],[18.85516,-32.80857],[18.85543,-32.80736],[18.85659,-32.80693],[18.86048,-32.80736],[18.86399,-32.81109],[18.86766,-32.81268],[18.87944,-32.81323],[18.89418,-32.81186],[18.89807,-32.81295],[18.90003,-32.81452],[18.90215,-32.81277],[18.92587,-32.81841],[18.95736,-32.8129],[18.98742,-32.81345],[18.98981,-32.80437],[18.98556,-32.77093],[19.0167,-32.75663]]]}},{"type":"Feature","id":"Kirstenhof","properties":{"name":"Kirstenhof","includes":["Kirstenhof"],"district":"City of Cape Town","population":33425,"rate_reliable":true,"counts":{"all17":1289,"contact":208,"property":244,"murder":1,"attempted_murder":9,"sexual":30,"robbery_agg":42,"robbery_common":22,"assault_gbh":27,"assault_common":77,"burglary_res":59,"burglary_nonres":19,"theft_vehicle":21,"theft_from_vehicle":145,"carjacking":6,"house_robbery":1,"business_robbery":3,"drugs":106,"firearms":4},"previous":{"all17":1449,"contact":242,"property":312,"murder":4,"attempted_murder":7,"sexual":23,"robbery_agg":61,"robbery_common":32,"assault_gbh":25,"assault_common":90,"burglary_res":107,"burglary_nonres":22,"theft_vehicle":24,"theft_from_vehicle":159,"carjacking":6,"house_robbery":5,"business_robbery":7,"drugs":86,"firearms":0},"rates":{"all17":3856.4,"contact":622.3,"property":730.0,"murder":3.0,"attempted_murder":26.9,"sexual":89.8,"robbery_agg":125.7,"robbery_common":65.8,"assault_gbh":80.8,"assault_common":230.4,"burglary_res":176.5,"burglary_nonres":56.8,"theft_vehicle":62.8,"theft_from_vehicle":433.8,"carjacking":18.0,"house_robbery":3.0,"business_robbery":9.0,"drugs":317.1,"firearms":12.0}},"geometry":{"type":"Polygon","coordinates":[[[18.46637,-34.04356],[18.4636,-34.04314],[18.46374,-34.04253],[18.45571,-34.04131],[18.456,-34.03991],[18.45337,-34.03972],[18.45042,-34.0406],[18.44408,-34.029],[18.44296,-34.03014],[18.43968,-34.02999],[18.43695,-34.03215],[18.42627,-34.03478],[18.42184,-34.03806],[18.41935,-34.03786],[18.41575,-34.03997],[18.4124,-34.04094],[18.40687,-34.04721],[18.38552,-34.05408],[18.38021,-34.07263],[18.38585,-34.0777],[18.40528,-34.09041],[18.40963,-34.09424],[18.42311,-34.09874],[18.42158,-34.09661],[18.42917,-34.09122],[18.42274,-34.08749],[18.4307,-34.08898],[18.43223,-34.08842],[18.43181,-34.08735],[18.42406,-34.08419],[18.42497,-34.083],[18.42801,-34.083],[18.43269,-34.08118],[18.43647,-34.08269],[18.43842,-34.08269],[18.44231,-34.07958],[18.44357,-34.07927],[18.45632,-34.0793],[18.4563,-34.08036],[18.46314,-34.08034],[18.4635,-34.07548],[18.46393,-34.07546],[18.46318,-34.05624],[18.46637,-34.04356]]]}}]}